filepath,water_fraction,water_pixels,total_pixels,error
data/raw/external/river_water_dataset\2019\images\DJI_11.JPG,0.04970394031314153,259550,5221920,
data/raw/external/river_water_dataset\2019\images\DJI_12.JPG,0.25957961822471426,1355504,5221920,
data/raw/external/river_water_dataset\2019\images\DJI_13.JPG,0.4537804102705518,2369605,5221920,
data/raw/external/river_water_dataset\2019\images\DJI_14.JPG,0.6391493933265925,3337587,5221920,
data/raw/external/river_water_dataset\2019\images\DJI_15.JPG,0.7536199328982444,3935343,5221920,
data/raw/external/river_water_dataset\2019\images\DJI_16.JPG,0.756994745227809,3952966,5221920,
data/raw/external/river_water_dataset\2019\images\DJI_17.JPG,0.7629841131231424,3984242,5221920,
data/raw/external/river_water_dataset\2019\images\DJI_18.JPG,0.8595980022673653,4488752,5221920,
data/raw/external/river_water_dataset\2019\images\DJI_19.JPG,0.8474225955204217,4425173,5221920,
data/raw/external/river_water_dataset\2019\images\DJI_20.JPG,0.8681590296289488,4533457,5221920,
data/raw/external/river_water_dataset\2019\images\DJI_21.JPG,0.7883309204277353,4116601,5221920,
data/raw/external/river_water_dataset\2019\images\DJI_22.JPG,0.6561259077121059,3426237,5221920,
data/raw/external/river_water_dataset\2019\images\DJI_23.JPG,0.7629228329809725,3983922,5221920,
data/raw/external/river_water_dataset\2019\images\DJI_24.JPG,0.7016220087630604,3663814,5221920,
data/raw/external/river_water_dataset\2019\images\DJI_25.JPG,0.47595290621074243,2485388,5221920,
data/raw/external/river_water_dataset\2019\images\DJI_26.JPG,0.32571295615405826,1700847,5221920,
data/raw/external/river_water_dataset\2019\images\DJI_27.JPG,0.254294971964335,1327908,5221920,
data/raw/external/river_water_dataset\2019\images\DJI_28.JPG,0.3302386861537519,1724480,5221920,
data/raw/external/river_water_dataset\2019\images\DJI_29.JPG,0.13675736127707816,714136,5221920,
data/raw/external/river_water_dataset\2019\images\DJI_30.JPG,0.05137324968593927,268267,5221920,
data/raw/external/river_water_dataset\2019\images\DJI_31.JPG,0.017083754634310753,89210,5221920,
data/raw/external/river_water_dataset\2019\images\DJI_38.JPG,0.0658112341820633,343661,5221920,
data/raw/external/river_water_dataset\2019\images\DJI_39.JPG,0.22918236970309772,1196772,5221920,
data/raw/external/river_water_dataset\2019\images\DJI_40.JPG,0.36056105800165456,1882821,5221920,
data/raw/external/river_water_dataset\2019\images\DJI_41.JPG,0.3696806921592058,1930443,5221920,
data/raw/external/river_water_dataset\2019\images\DJI_42.JPG,0.3692484756564635,1928186,5221920,
data/raw/external/river_water_dataset\2019\images\DJI_43.JPG,0.5260503799368814,2746993,5221920,
data/raw/external/river_water_dataset\2019\images\DJI_44.JPG,0.7372543049299874,3849883,5221920,
data/raw/external/river_water_dataset\2019\images\DJI_45.JPG,0.7745783160216931,4044786,5221920,
data/raw/external/river_water_dataset\2019\images\DJI_46.JPG,0.7742458712504213,4043050,5221920,
data/raw/external/river_water_dataset\2019\images\DJI_47.JPG,0.7125530456230659,3720895,5221920,
data/raw/external/river_water_dataset\2019\images\DJI_48.JPG,0.6670184529828109,3483117,5221920,
data/raw/external/river_water_dataset\2019\images\DJI_49.JPG,0.6691791524956338,3494400,5221920,
data/raw/external/river_water_dataset\2019\images\DJI_50.JPG,0.503552907742746,2629513,5221920,
data/raw/external/river_water_dataset\2019\images\DJI_51.JPG,0.3006511015105555,1569976,5221920,
data/raw/external/river_water_dataset\2019\images\DJI_52.JPG,0.1095219765909857,571915,5221920,
data/raw/external/river_water_dataset\2019\images\DJI_78.JPG,0.15115838618745595,789337,5221920,
data/raw/external/river_water_dataset\2019\images\DJI_79.JPG,0.3595409351349695,1877494,5221920,
data/raw/external/river_water_dataset\2019\images\DJI_80.JPG,0.48844562919385975,2550624,5221920,
data/raw/external/river_water_dataset\2019\images\DJI_81.JPG,0.5316508104298802,2776238,5221920,
data/raw/external/river_water_dataset\2019\images\DJI_82.JPG,0.5238868079173944,2735695,5221920,
data/raw/external/river_water_dataset\2019\images\DJI_83.JPG,0.6211466280601771,3243578,5221920,
data/raw/external/river_water_dataset\2019\images\DJI_84.JPG,0.6258477724668321,3268127,5221920,
data/raw/external/river_water_dataset\2019\images\DJI_85.JPG,0.6361294313202807,3321817,5221920,
data/raw/external/river_water_dataset\2019\images\DJI_86.JPG,0.6251277307963354,3264367,5221920,
data/raw/external/river_water_dataset\2019\images\DJI_87.JPG,0.5672674035603763,2962225,5221920,
data/raw/external/river_water_dataset\2019\images\DJI_88.JPG,0.4070123632686828,2125386,5221920,
data/raw/external/river_water_dataset\2019\images\DJI_89.JPG,0.38567749027177745,2013977,5221920,
data/raw/external/river_water_dataset\2019\images\DJI_90.JPG,0.2875875157030364,1501759,5221920,
data/raw/external/river_water_dataset\2019\images\DJI_91.JPG,0.058138194380610964,303593,5221920,
data/raw/external/river_water_dataset\2019\images\DJI_101.JPG,0.012591154211477771,65750,5221920,
data/raw/external/river_water_dataset\2019\images\DJI_102.JPG,0.4659598385268254,2433205,5221920,
data/raw/external/river_water_dataset\2019\images\DJI_116.JPG,0.07148960535588443,373313,5221920,
data/raw/external/river_water_dataset\2019\images\DJI_117.JPG,0.2587364417685449,1351101,5221920,
data/raw/external/river_water_dataset\2019\images\DJI_118.JPG,0.36654027637344117,1914044,5221920,
data/raw/external/river_water_dataset\2019\images\DJI_119.JPG,0.3975491773140914,2075970,5221920,
data/raw/external/river_water_dataset\2019\images\DJI_120.JPG,0.5070535358642032,2647793,5221920,
data/raw/external/river_water_dataset\2019\images\DJI_121.JPG,0.6002736541348775,3134581,5221920,
data/raw/external/river_water_dataset\2019\images\DJI_122.JPG,0.5928742684683028,3095942,5221920,
data/raw/external/river_water_dataset\2019\images\DJI_123.JPG,0.5912413441799185,3087415,5221920,
data/raw/external/river_water_dataset\2019\images\DJI_124.JPG,0.5787135766154977,3021996,5221920,
data/raw/external/river_water_dataset\2019\images\DJI_125.JPG,0.49529540858534793,2586393,5221920,
data/raw/external/river_water_dataset\2019\images\DJI_126.JPG,0.44461941201703586,2321767,5221920,
data/raw/external/river_water_dataset\2019\images\DJI_127.JPG,0.3888140760486564,2030356,5221920,
data/raw/external/river_water_dataset\2019\images\DJI_128.JPG,0.15253967889205503,796550,5221920,
data/raw/external/river_water_dataset\2019\images\DJI_129.JPG,0.014015534516040077,73188,5221920,
data/raw/external/river_water_dataset\2019\images\DJI_139.JPG,0.0208306523271134,108776,5221920,
data/raw/external/river_water_dataset\2019\images\DJI_140.JPG,0.14448651070870486,754497,5221920,
data/raw/external/river_water_dataset\2019\images\DJI_141.JPG,0.3276256625915372,1710835,5221920,
data/raw/external/river_water_dataset\2019\images\DJI_142.JPG,0.41380296902288816,2160846,5221920,
data/raw/external/river_water_dataset\2019\images\DJI_143.JPG,0.4050142476330545,2114952,5221920,
data/raw/external/river_water_dataset\2019\images\DJI_144.JPG,0.43393138922082297,2265955,5221920,
data/raw/external/river_water_dataset\2019\images\DJI_145.JPG,0.5675385681894782,2963641,5221920,
data/raw/external/river_water_dataset\2019\images\DJI_146.JPG,0.5999839139626804,3133068,5221920,
data/raw/external/river_water_dataset\2019\images\DJI_147.JPG,0.6066487039249931,3167871,5221920,
data/raw/external/river_water_dataset\2019\images\DJI_148.JPG,0.5637799889695744,2944014,5221920,
data/raw/external/river_water_dataset\2019\images\DJI_149.JPG,0.3874697429298036,2023336,5221920,
data/raw/external/river_water_dataset\2019\images\DJI_150.JPG,0.26154422128259336,1365763,5221920,
data/raw/external/river_water_dataset\2019\images\DJI_151.JPG,0.24624735729386893,1285884,5221920,
data/raw/external/river_water_dataset\2019\images\DJI_152.JPG,0.24732741979961392,1291524,5221920,
data/raw/external/river_water_dataset\2019\images\DJI_153.JPG,0.11003596378343598,574599,5221920,
data/raw/external/river_water_dataset\2019\images\DJI_154.JPG,0.011338549805435548,59209,5221920,
data/raw/external/river_water_dataset\2019\images\DJI_179.JPG,0.012952898550724637,67639,5221920,
data/raw/external/river_water_dataset\2019\images\DJI_180.JPG,0.11927605172044,622850,5221920,
data/raw/external/river_water_dataset\2019\images\DJI_181.JPG,0.18862908661948097,985006,5221920,
data/raw/external/river_water_dataset\2019\images\DJI_182.JPG,0.19588867696173054,1022915,5221920,
data/raw/external/river_water_dataset\2019\images\DJI_183.JPG,0.19980792505438613,1043381,5221920,
data/raw/external/river_water_dataset\2019\images\DJI_184.JPG,0.36491941661304655,1905580,5221920,
data/raw/external/river_water_dataset\2019\images\DJI_185.JPG,0.5448888531421393,2845366,5221920,
data/raw/external/river_water_dataset\2019\images\DJI_186.JPG,0.5838578530502191,3048859,5221920,
data/raw/external/river_water_dataset\2019\images\DJI_187.JPG,0.6024291831357049,3145837,5221920,
data/raw/external/river_water_dataset\2019\images\DJI_188.JPG,0.5611137282838496,2930091,5221920,
data/raw/external/river_water_dataset\2019\images\DJI_189.JPG,0.40985863437203174,2140249,5221920,
data/raw/external/river_water_dataset\2019\images\DJI_190.JPG,0.3225936054171646,1684558,5221920,
data/raw/external/river_water_dataset\2019\images\DJI_191.JPG,0.318802471121733,1664761,5221920,
data/raw/external/river_water_dataset\2019\images\DJI_192.JPG,0.3174024113735944,1657450,5221920,
data/raw/external/river_water_dataset\2019\images\DJI_193.JPG,0.17300590587370163,903423,5221920,
data/raw/external/river_water_dataset\2019\images\DJI_194.JPG,0.02133966050801238,111434,5221920,
data/raw/external/river_water_dataset\2019\images\DJI_206.JPG,0.01629170879676441,85074,5221920,
data/raw/external/river_water_dataset\2019\images\DJI_207.JPG,0.11924905015779637,622709,5221920,
data/raw/external/river_water_dataset\2019\images\DJI_208.JPG,0.29379864111284737,1534193,5221920,
data/raw/external/river_water_dataset\2019\images\DJI_209.JPG,0.39677494101786315,2071927,5221920,
data/raw/external/river_water_dataset\2019\images\DJI_210.JPG,0.41827527039862733,2184200,5221920,
data/raw/external/river_water_dataset\2019\images\DJI_211.JPG,0.549717919845574,2870583,5221920,
data/raw/external/river_water_dataset\2019\images\DJI_212.JPG,0.6253184652388394,3265363,5221920,
data/raw/external/river_water_dataset\2019\images\DJI_213.JPG,0.6241309709838527,3259162,5221920,
data/raw/external/river_water_dataset\2019\images\DJI_214.JPG,0.6237941217023624,3257403,5221920,
data/raw/external/river_water_dataset\2019\images\DJI_215.JPG,0.4799677130250942,2506353,5221920,
data/raw/external/river_water_dataset\2019\images\DJI_216.JPG,0.304532815516132,1590246,5221920,
data/raw/external/river_water_dataset\2019\images\DJI_217.JPG,0.24944043570181082,1302558,5221920,
data/raw/external/river_water_dataset\2019\images\DJI_218.JPG,0.253452753010387,1323510,5221920,
data/raw/external/river_water_dataset\2019\images\DJI_219.JPG,0.2371022535772283,1238129,5221920,
data/raw/external/river_water_dataset\2019\images\DJI_220.JPG,0.11520207126880534,601576,5221920,
data/raw/external/river_water_dataset\2019\images\DJI_221.JPG,0.019553727364647486,102108,5221920,
data/raw/external/river_water_dataset\2019\images\DJI_246.JPG,0.009210979869473297,48099,5221920,
data/raw/external/river_water_dataset\2019\images\DJI_247.JPG,0.07922469130128382,413705,5221920,
data/raw/external/river_water_dataset\2019\images\DJI_248.JPG,0.1689508839660508,882248,5221920,
data/raw/external/river_water_dataset\2019\images\DJI_249.JPG,0.2515094065018231,1313362,5221920,
data/raw/external/river_water_dataset\2019\images\DJI_250.JPG,0.2589865413487759,1352407,5221920,
data/raw/external/river_water_dataset\2019\images\DJI_251.JPG,0.31398949045561786,1639628,5221920,
data/raw/external/river_water_dataset\2019\images\DJI_252.JPG,0.48153456966020164,2514535,5221920,
data/raw/external/river_water_dataset\2019\images\DJI_253.JPG,0.6064805665349143,3166993,5221920,
data/raw/external/river_water_dataset\2019\images\DJI_254.JPG,0.6225708168642952,3251015,5221920,
data/raw/external/river_water_dataset\2019\images\DJI_255.JPG,0.6325462665073383,3303106,5221920,
data/raw/external/river_water_dataset\2019\images\DJI_256.JPG,0.6337454422894261,3309368,5221920,
data/raw/external/river_water_dataset\2019\images\DJI_257.JPG,0.5997989245335049,3132102,5221920,
data/raw/external/river_water_dataset\2019\images\DJI_258.JPG,0.47540234243343443,2482513,5221920,
data/raw/external/river_water_dataset\2019\images\DJI_259.JPG,0.41096588994086464,2146031,5221920,
data/raw/external/river_water_dataset\2019\images\DJI_260.JPG,0.3589038131568465,1874167,5221920,
data/raw/external/river_water_dataset\2019\images\DJI_261.JPG,0.17091318901859853,892495,5221920,
data/raw/external/river_water_dataset\2019\images\DJI_262.JPG,0.03688260256763796,192598,5221920,
data/raw/external/river_water_dataset\2019\images\DJI_283.JPG,0.09574103011918987,499952,5221920,
data/raw/external/river_water_dataset\2019\images\DJI_284.JPG,0.21818124368048533,1139325,5221920,
data/raw/external/river_water_dataset\2019\images\DJI_285.JPG,0.2691490869258817,1405475,5221920,
data/raw/external/river_water_dataset\2019\images\DJI_286.JPG,0.2957220715752061,1544237,5221920,
data/raw/external/river_water_dataset\2019\images\DJI_287.JPG,0.36033106596807307,1881620,5221920,
data/raw/external/river_water_dataset\2019\images\DJI_288.JPG,0.3377895486717529,1763910,5221920,
data/raw/external/river_water_dataset\2019\images\DJI_289.JPG,0.31335083647394063,1636293,5221920,
data/raw/external/river_water_dataset\2019\images\DJI_290.JPG,0.31346688574317494,1636899,5221920,
data/raw/external/river_water_dataset\2019\images\DJI_291.JPG,0.2906871418941692,1517945,5221920,
data/raw/external/river_water_dataset\2019\images\DJI_292.JPG,0.22285328001960963,1163722,5221920,
data/raw/external/river_water_dataset\2019\images\DJI_293.JPG,0.2057067132395747,1074184,5221920,
data/raw/external/river_water_dataset\2019\images\DJI_294.JPG,0.2153185035389282,1124376,5221920,
data/raw/external/river_water_dataset\2019\images\DJI_295.JPG,0.2020908018506603,1055302,5221920,
data/raw/external/river_water_dataset\2019\images\DJI_296.JPG,0.1491773140913687,778992,5221920,
data/raw/external/river_water_dataset\2019\images\DJI_297.JPG,0.051701289946992676,269980,5221920,
data/raw/external/river_water_dataset\2019\images\DJI_317.JPG,0.28377646536139967,1481858,5221920,
data/raw/external/river_water_dataset\2019\images\DJI_318.JPG,0.35249831479609034,1840718,5221920,
data/raw/external/river_water_dataset\2019\images\DJI_319.JPG,0.40061873793547204,2091999,5221920,
data/raw/external/river_water_dataset\2019\images\DJI_320.JPG,0.41294294052762204,2156355,5221920,
data/raw/external/river_water_dataset\2019\images\DJI_321.JPG,0.4017717621104881,2098020,5221920,
data/raw/external/river_water_dataset\2019\images\DJI_322.JPG,0.40989099794711525,2140418,5221920,
data/raw/external/river_water_dataset\2019\images\DJI_323.JPG,0.12245476759506083,639449,5221920,
data/raw/external/river_water_dataset\2019\images\DJI_324.JPG,0.2233726292244998,1166434,5221920,
data/raw/external/river_water_dataset\2019\images\DJI_325.JPG,0.20462933174004963,1068558,5221920,
data/raw/external/river_water_dataset\2019\images\DJI_326.JPG,0.1936197796978889,1011067,5221920,
data/raw/external/river_water_dataset\2019\images\DJI_327.JPG,0.18498693966970003,965987,5221920,
data/raw/external/river_water_dataset\2019\images\DJI_328.JPG,0.11350422832980972,592710,5221920,
data/raw/external/river_water_dataset\2019\images\DJI_329.JPG,0.025703189631399944,134220,5221920,
data/raw/external/river_water_dataset\2019\images\DJI_355.JPG,0.029037786867665533,151633,5221920,
data/raw/external/river_water_dataset\2019\images\DJI_356.JPG,0.06501631583785275,339510,5221920,
data/raw/external/river_water_dataset\2019\images\DJI_357.JPG,0.1494921408217667,780636,5221920,
data/raw/external/river_water_dataset\2019\images\DJI_358.JPG,0.18541360265955817,968215,5221920,
data/raw/external/river_water_dataset\2019\images\DJI_359.JPG,0.18342525354658823,957832,5221920,
data/raw/external/river_water_dataset\2019\images\DJI_360.JPG,0.24630844593559456,1286203,5221920,
data/raw/external/river_water_dataset\2019\images\DJI_361.JPG,0.3473841039311211,1814012,5221920,
data/raw/external/river_water_dataset\2019\images\DJI_362.JPG,0.277669133192389,1449966,5221920,
data/raw/external/river_water_dataset\2019\images\DJI_363.JPG,0.29956548549192635,1564307,5221920,
data/raw/external/river_water_dataset\2019\images\DJI_364.JPG,0.34868611545178785,1820811,5221920,
data/raw/external/river_water_dataset\2019\images\DJI_365.JPG,0.36875536201243986,1925611,5221920,
data/raw/external/river_water_dataset\2019\images\DJI_366.JPG,0.23696954376934154,1237436,5221920,
data/raw/external/river_water_dataset\2019\images\DJI_367.JPG,0.1653631231424457,863513,5221920,
data/raw/external/river_water_dataset\2019\images\DJI_368.JPG,0.20251631583785273,1057524,5221920,
data/raw/external/river_water_dataset\2019\images\DJI_369.JPG,0.15518947053957166,810387,5221920,
data/raw/external/river_water_dataset\2019\images\DJI_370.JPG,0.13733875662591538,717172,5221920,
data/raw/external/river_water_dataset\2019\images\DJI_371.JPG,0.04591816803014983,239781,5221920,
data/raw/external/river_water_dataset\2019\images\DJI_372.JPG,0.011116600790513834,58050,5221920,
data/raw/external/river_water_dataset\2019\images\DJI_373.JPG,0.009878550418236971,51585,5221920,
data/raw/external/river_water_dataset\2019\images\DJI_374.JPG,0.03910496522351932,204203,5221920,
data/raw/external/river_water_dataset\2019\images\DJI_375.JPG,0.06527081992830223,340839,5221920,
data/raw/external/river_water_dataset\2019\images\DJI_376.JPG,0.05530628581058308,288805,5221920,
data/raw/external/river_water_dataset\2019\images\DJI_377.JPG,0.05786664675062046,302175,5221920,
data/raw/external/river_water_dataset\2019\images\DJI_379.JPG,0.0689144988816374,359866,5221920,
data/raw/external/river_water_dataset\2019\images\DJI_380.JPG,0.1513678876734994,790431,5221920,
data/raw/external/river_water_dataset\2019\images\DJI_381.JPG,0.06594087998284157,344338,5221920,
data/raw/external/river_water_dataset\2019\images\DJI_382.JPG,0.06618714955418696,345624,5221920,
data/raw/external/river_water_dataset\2019\images\DJI_383.JPG,0.06671013726751845,348355,5221920,
data/raw/external/river_water_dataset\2019\images\DJI_384.JPG,0.06415188283236817,334996,5221920,
data/raw/external/river_water_dataset\2019\images\DJI_385.JPG,0.33684832398811165,1758995,5221920,
data/raw/external/river_water_dataset\2019\images\DJI_386.JPG,0.33781865673928363,1764062,5221920,
data/raw/external/river_water_dataset\2019\images\DJI_387.JPG,0.32684797928731196,1706774,5221920,
data/raw/external/river_water_dataset\2019\images\DJI_388.JPG,0.3013292045837546,1573517,5221920,
data/raw/external/river_water_dataset\2019\images\DJI_389.JPG,0.2071341575512455,1081638,5221920,
data/raw/external/river_water_dataset\2019\images\DJI_390.JPG,0.20356592977295707,1063005,5221920,
data/raw/external/river_water_dataset\2019\images\DJI_391.JPG,0.12759061801023378,666268,5221920,
data/raw/external/river_water_dataset\2019\images\DJI_392.JPG,0.19330839997548793,1009441,5221920,
data/raw/external/river_water_dataset\2019\images\DJI_393.JPG,0.11719865490087937,612002,5221920,
data/raw/external/river_water_dataset\2019\images\DJI_394.JPG,0.01587979134111591,82923,5221920,
data/raw/external/river_water_dataset\2019\images\DJI_422.JPG,0.21568043937861936,1126266,5221920,
data/raw/external/river_water_dataset\2019\images\DJI_423.JPG,0.14242807243312805,743748,5221920,
data/raw/external/river_water_dataset\2019\images\DJI_424.JPG,0.06839189416919447,357137,5221920,
data/raw/external/river_water_dataset\2019\images\DJI_425.JPG,0.09902851824616234,517119,5221920,
data/raw/external/river_water_dataset\2019\images\DJI_426.JPG,0.14021796580568066,732207,5221920,
data/raw/external/river_water_dataset\2019\images\DJI_427.JPG,0.14287426846830284,746078,5221920,
data/raw/external/river_water_dataset\2019\images\DJI_428.JPG,0.14779774489076813,771788,5221920,
data/raw/external/river_water_dataset\2019\images\DJI_464.JPG,0.00674043263780372,35198,5221920,
data/raw/external/river_water_dataset\2019\images\DJI_465.JPG,0.0436278227165487,227821,5221920,
data/raw/external/river_water_dataset\2019\images\DJI_466.JPG,0.0502937616815271,262630,5221920,
data/raw/external/river_water_dataset\2019\images\DJI_467.JPG,0.14435916291325795,753832,5221920,
data/raw/external/river_water_dataset\2019\images\DJI_468.JPG,0.1441536829365444,752759,5221920,
data/raw/external/river_water_dataset\2019\images\DJI_469.JPG,0.1435351365015167,749529,5221920,
data/raw/external/river_water_dataset\2019\images\DJI_470.JPG,0.1438306216870423,751072,5221920,
data/raw/external/river_water_dataset\2019\images\DJI_471.JPG,0.14386164475901583,751234,5221920,
data/raw/external/river_water_dataset\2019\images\DJI_472.JPG,0.143481516377118,749249,5221920,
data/raw/external/river_water_dataset\2019\images\DJI_473.JPG,0.1379774106075926,720507,5221920,
data/raw/external/river_water_dataset\2019\images\DJI_474.JPG,0.14058871066580875,734143,5221920,
data/raw/external/river_water_dataset\2019\images\DJI_475.JPG,0.13397639182522902,699614,5221920,
data/raw/external/river_water_dataset\2019\images\DJI_476.JPG,0.13595612341820634,709952,5221920,
data/raw/external/river_water_dataset\2019\images\DJI_477.JPG,0.09539039280571131,498121,5221920,
data/raw/external/river_water_dataset\2019\images\DJI_478.JPG,0.09346849434690689,488085,5221920,
data/raw/external/river_water_dataset\2019\images\DJI_479.JPG,0.10080353586420321,526388,5221920,
data/raw/external/river_water_dataset\2019\images\DJI_480.JPG,0.10438670067714557,545099,5221920,
data/raw/external/river_water_dataset\2019\images\DJI_481.JPG,0.09711006679535497,507101,5221920,
data/raw/external/river_water_dataset\2019\images\DJI_482.JPG,0.0994245411649355,519187,5221920,
data/raw/external/river_water_dataset\2019\images\DJI_483.JPG,0.12331824309832398,643958,5221920,
data/raw/external/river_water_dataset\2019\images\DJI_484.JPG,0.14920182614823665,779120,5221920,
data/raw/external/river_water_dataset\2019\images\DJI_485.JPG,0.15961868431534762,833516,5221920,
data/raw/external/river_water_dataset\2019\images\DJI_486.JPG,0.16332211140729846,852855,5221920,
data/raw/external/river_water_dataset\2019\images\DJI_487.JPG,0.1768315102491038,923400,5221920,
data/raw/external/river_water_dataset\2019\images\DJI_488.JPG,0.17471696234335263,912358,5221920,
data/raw/external/river_water_dataset\2019\images\DJI_489.JPG,0.10090694610411496,526928,5221920,
data/raw/external/river_water_dataset\2019\images\DJI_490.JPG,0.14785711002849528,772098,5221920,
data/raw/external/river_water_dataset\2019\images\DJI_491.JPG,0.1548901553451604,808824,5221920,
data/raw/external/river_water_dataset\2019\images\DJI_492.JPG,0.10022386401936452,523361,5221920,
data/raw/external/river_water_dataset\2019\images\DJI_493.JPG,0.04408244477127187,230195,5221920,
data/raw/external/river_water_dataset\2019\images\DJI_494.JPG,0.04506579955265496,235330,5221920,
data/raw/external/river_water_dataset\2019\images\DJI_495.JPG,0.0448453825412875,234179,5221920,
data/raw/external/river_water_dataset\2019\images\DJI_532.JPG,0.006181825841835953,32281,5221920,
data/raw/external/river_water_dataset\2019\images\DJI_533.JPG,0.04984565064190949,260290,5221920,
data/raw/external/river_water_dataset\2019\images\DJI_534.JPG,0.09968268376382633,520535,5221920,
data/raw/external/river_water_dataset\2019\images\DJI_535.JPG,0.11797040169133192,616032,5221920,
data/raw/external/river_water_dataset\2019\images\DJI_536.JPG,0.1363126972454576,711814,5221920,
data/raw/external/river_water_dataset\2019\images\DJI_537.JPG,0.1733494576707418,905217,5221920,
data/raw/external/river_water_dataset\2019\images\DJI_538.JPG,0.21972875877072034,1147406,5221920,
data/raw/external/river_water_dataset\2019\images\DJI_539.JPG,0.2296752918466771,1199346,5221920,
data/raw/external/river_water_dataset\2019\images\DJI_540.JPG,0.24228195759414162,1265177,5221920,
data/raw/external/river_water_dataset\2019\images\DJI_541.JPG,0.22650940650182308,1182814,5221920,
data/raw/external/river_water_dataset\2019\images\DJI_542.JPG,0.22083543983822043,1153185,5221920,
data/raw/external/river_water_dataset\2019\images\DJI_543.JPG,0.19464009406501823,1016395,5221920,
data/raw/external/river_water_dataset\2019\images\DJI_544.JPG,0.11665383613689984,609157,5221920,
data/raw/external/river_water_dataset\2019\images\DJI_545.JPG,0.09402595214020897,490996,5221920,
data/raw/external/river_water_dataset\2019\images\DJI_546.JPG,0.08613977234427184,449815,5221920,
data/raw/external/river_water_dataset\2019\images\DJI_547.JPG,0.0737370545699666,385049,5221920,
data/raw/external/river_water_dataset\2019\images\DJI_548.JPG,0.04186812513405031,218632,5221920,
data/raw/external/river_water_dataset\2019\images\DJI_549.JPG,0.19305753439347978,1008131,5221920,
data/raw/external/river_water_dataset\2019\images\DJI_550.JPG,0.19846320893464472,1036359,5221920,
data/raw/external/river_water_dataset\2019\images\DJI_551.JPG,0.17775320188742838,928213,5221920,
data/raw/external/river_water_dataset\2019\images\DJI_552.JPG,0.16899665257223398,882487,5221920,
data/raw/external/river_water_dataset\2019\images\DJI_553.JPG,0.13326803168183352,695915,5221920,
data/raw/external/river_water_dataset\2019\images\DJI_554.JPG,0.05862652051352759,306143,5221920,
data/raw/external/river_water_dataset\2019\images\DJI_555.JPG,0.01574229402212213,82205,5221920,
data/raw/external/river_water_dataset\2019\images\DJI_596.JPG,0.014130243282164414,73787,5221920,
data/raw/external/river_water_dataset\2019\images\DJI_597.JPG,0.03792532248674817,198043,5221920,
data/raw/external/river_water_dataset\2019\images\DJI_598.JPG,0.09488712963814076,495493,5221920,
data/raw/external/river_water_dataset\2019\images\DJI_599.JPG,0.13902874804669546,725997,5221920,
data/raw/external/river_water_dataset\2019\images\DJI_600.JPG,0.1602619343076876,836875,5221920,
data/raw/external/river_water_dataset\2019\images\DJI_601.JPG,0.16271179949137482,849668,5221920,
data/raw/external/river_water_dataset\2019\images\DJI_602.JPG,0.18869036676165088,985326,5221920,
data/raw/external/river_water_dataset\2019\images\DJI_603.JPG,0.26501631583785273,1383894,5221920,
data/raw/external/river_water_dataset\2019\images\DJI_604.JPG,0.2839553267763581,1482792,5221920,
data/raw/external/river_water_dataset\2019\images\DJI_605.JPG,0.3063811778043325,1599898,5221920,
data/raw/external/river_water_dataset\2019\images\DJI_606.JPG,0.3015469405889022,1574654,5221920,
data/raw/external/river_water_dataset\2019\images\DJI_607.JPG,0.29146674020283725,1522016,5221920,
data/raw/external/river_water_dataset\2019\images\DJI_608.JPG,0.35388765051934923,1847973,5221920,
data/raw/external/river_water_dataset\2019\images\DJI_609.JPG,0.36400059748138613,1900782,5221920,
data/raw/external/river_water_dataset\2019\images\DJI_610.JPG,0.34952929190795723,1825214,5221920,
data/raw/external/river_water_dataset\2019\images\DJI_611.JPG,0.18790502343965437,981225,5221920,
data/raw/external/river_water_dataset\2019\images\DJI_612.JPG,0.11910695682813983,621967,5221920,
data/raw/external/river_water_dataset\2019\images\DJI_613.JPG,0.06472695866654411,337999,5221920,
data/raw/external/river_water_dataset\2019\images\DJI_614.JPG,0.04996131691025523,260894,5221920,
data/raw/external/river_water_dataset\2019\images\DJI_615.JPG,0.08962718693507368,468026,5221920,
data/raw/external/river_water_dataset\2019\images\DJI_616.JPG,0.0679412936238012,354784,5221920,
data/raw/external/river_water_dataset\2019\images\DJI_617.JPG,0.03274255446272635,170979,5221920,
data/raw/external/river_water_dataset\2019\images\DJI_618.JPG,0.024883567729877133,129940,5221920,
data/raw/external/river_water_dataset\2019\images\DJI_619.JPG,0.023243174924165826,121374,5221920,
data/raw/external/river_water_dataset\2019\images\DJI_620.JPG,0.03859461653951037,201538,5221920,
data/raw/external/river_water_dataset\2019\images\DJI_621.JPG,0.10775193798449613,562672,5221920,
data/raw/external/river_water_dataset\2019\images\DJI_622.JPG,0.14429749977019946,753510,5221920,
data/raw/external/river_water_dataset\2019\images\DJI_623.JPG,0.18751187302754543,979172,5221920,
data/raw/external/river_water_dataset\2019\images\DJI_624.JPG,0.29368278334405734,1533588,5221920,
data/raw/external/river_water_dataset\2019\images\DJI_625.JPG,0.30396693170328154,1587291,5221920,
data/raw/external/river_water_dataset\2019\images\DJI_626.JPG,0.28677689432239484,1497526,5221920,
data/raw/external/river_water_dataset\2019\images\DJI_627.JPG,0.175788407329105,917953,5221920,
data/raw/external/river_water_dataset\2019\images\DJI_628.JPG,0.2728695575573735,1424903,5221920,
data/raw/external/river_water_dataset\2019\images\DJI_629.JPG,0.27324604743083003,1426869,5221920,
data/raw/external/river_water_dataset\2019\images\DJI_630.JPG,0.2690828277721604,1405129,5221920,
data/raw/external/river_water_dataset\2019\images\DJI_631.JPG,0.26204786745105246,1368393,5221920,
data/raw/external/river_water_dataset\2019\images\DJI_632.JPG,0.22641174127523975,1182304,5221920,
data/raw/external/river_water_dataset\2019\images\DJI_633.JPG,0.20900875540031252,1091427,5221920,
data/raw/external/river_water_dataset\2019\images\DJI_634.JPG,0.2133098553788645,1113887,5221920,
data/raw/external/river_water_dataset\2019\images\DJI_635.JPG,0.18490880748843339,965579,5221920,
data/raw/external/river_water_dataset\2019\images\DJI_636.JPG,0.13032160584612557,680529,5221920,
data/raw/external/river_water_dataset\2019\images\DJI_637.JPG,0.069959516806079,365323,5221920,
data/raw/external/river_water_dataset\2019\images\DJI_638.JPG,0.04323926831510249,225792,5221920,
data/raw/external/river_water_dataset\2019\images\DJI_639.JPG,0.029751317523056653,155359,5221920,
data/raw/external/river_water_dataset\2019\images\DJI_640.JPG,0.015555772589392407,81231,5221920,
data/raw/external/river_water_dataset\2019\images\DJI_641.JPG,0.0138265235775347,72201,5221920,
data/raw/external/river_water_dataset\2019\images\DJI_642.JPG,0.008171898458804424,42673,5221920,
data/raw/external/river_water_dataset\2019\images\DJI_643.JPG,0.01288453289211631,67282,5221920,
data/raw/external/river_water_dataset\2019\images\DJI_644.JPG,0.013040031252872506,68094,5221920,
data/raw/external/river_water_dataset\2019\images\DJI_645.JPG,0.011952883230689096,62417,5221920,
data/raw/external/river_water_dataset\2019\images\DJI_652.JPG,0.002978980911235714,15556,5221920,
data/raw/external/river_water_dataset\2019\images\DJI_655.JPG,0.01745449949443883,91146,5221920,
data/raw/external/river_water_dataset\2019\images\DJI_656.JPG,0.026992370622299845,140952,5221920,
data/raw/external/river_water_dataset\2019\images\DJI_657.JPG,0.02614287465146919,136516,5221920,
data/raw/external/river_water_dataset\2019\images\DJI_658.JPG,0.024627531635873397,128603,5221920,
data/raw/external/river_water_dataset\2019\images\DJI_659.JPG,0.02738188252596746,142986,5221920,
data/raw/external/river_water_dataset\2019\images\DJI_660.JPG,0.16231443606949167,847593,5221920,
data/raw/external/river_water_dataset\2019\images\DJI_661.JPG,0.18687819805741948,975863,5221920,
data/raw/external/river_water_dataset\2019\images\DJI_662.JPG,0.06832525201458467,356789,5221920,
data/raw/external/river_water_dataset\2019\images\DJI_663.JPG,0.17837404632778747,931455,5221920,
data/raw/external/river_water_dataset\2019\images\DJI_664.JPG,0.07263477801268499,379293,5221920,
data/raw/external/river_water_dataset\2019\images\DJI_665.JPG,0.07915938964978399,413364,5221920,
data/raw/external/river_water_dataset\2019\images\DJI_666.JPG,0.08314010938505377,434151,5221920,
data/raw/external/river_water_dataset\2019\images\DJI_667.JPG,0.12427861782639335,648973,5221920,
data/raw/external/river_water_dataset\2019\images\DJI_668.JPG,0.14329518644483255,748276,5221920,
data/raw/external/river_water_dataset\2019\images\DJI_669.JPG,0.14227238257192756,742935,5221920,
data/raw/external/river_water_dataset\2019\images\DJI_670.JPG,0.16910657382725128,883061,5221920,
data/raw/external/river_water_dataset\2019\images\DJI_671.JPG,0.2005681818181818,1047351,5221920,
data/raw/external/river_water_dataset\2019\images\DJI_672.JPG,0.20860985997487513,1089344,5221920,
data/raw/external/river_water_dataset\2019\images\DJI_673.JPG,0.2110212335692619,1101936,5221920,
data/raw/external/river_water_dataset\2019\images\DJI_674.JPG,0.21659217299384134,1131027,5221920,
data/raw/external/river_water_dataset\2019\images\DJI_675.JPG,0.2584465100959034,1349587,5221920,
data/raw/external/river_water_dataset\2019\images\DJI_676.JPG,0.20624865949689003,1077014,5221920,
data/raw/external/river_water_dataset\2019\images\DJI_677.JPG,0.22518460642828692,1175896,5221920,
data/raw/external/river_water_dataset\2019\images\DJI_678.JPG,0.1936075236694549,1011003,5221920,
data/raw/external/river_water_dataset\2019\images\DJI_679.JPG,0.19051977050586758,994879,5221920,
data/raw/external/river_water_dataset\2019\images\DJI_680.JPG,0.27991677390691544,1461703,5221920,
data/raw/external/river_water_dataset\2019\images\DJI_681.JPG,0.25598496338511506,1336733,5221920,
data/raw/external/river_water_dataset\2019\images\DJI_682.JPG,0.24108124980849954,1258907,5221920,
data/raw/external/river_water_dataset\2019\images\DJI_683.JPG,0.2500220225510923,1305595,5221920,
data/raw/external/river_water_dataset\2019\images\DJI_684.JPG,0.21844436529092748,1140699,5221920,
data/raw/external/river_water_dataset\2019\images\DJI_685.JPG,0.12730221834114655,664762,5221920,
data/raw/external/river_water_dataset\2019\images\DJI_686.JPG,0.09889638293960842,516429,5221920,
data/raw/external/river_water_dataset\2019\images\DJI_687.JPG,0.048294880044121705,252192,5221920,
data/raw/external/river_water_dataset\2019\images\DJI_688.JPG,0.03881024603977081,202664,5221920,
data/raw/external/river_water_dataset\2019\images\DJI_689.JPG,0.02965020528847627,154831,5221920,
data/raw/external/river_water_dataset\2019\images\DJI_690.JPG,0.053001577963660874,276770,5221920,
data/raw/external/river_water_dataset\2019\images\DJI_691.JPG,0.018311846983485,95623,5221920,
data/raw/external/river_water_dataset\2019\images\DJI_697.JPG,0.04963902166253026,259211,5221920,
data/raw/external/river_water_dataset\2019\images\DJI_698.JPG,0.0969624199528143,506330,5221920,
data/raw/external/river_water_dataset\2019\images\DJI_699.JPG,0.1111604543922542,580471,5221920,
data/raw/external/river_water_dataset\2019\images\DJI_700.JPG,0.12089652847994607,631312,5221920,
data/raw/external/river_water_dataset\2019\images\DJI_701.JPG,0.13606278916567086,710509,5221920,
data/raw/external/river_water_dataset\2019\images\DJI_702.JPG,0.21365206667279468,1115674,5221920,
data/raw/external/river_water_dataset\2019\images\DJI_703.JPG,0.22355091613812544,1167365,5221920,
data/raw/external/river_water_dataset\2019\images\DJI_704.JPG,0.23917965039678893,1248977,5221920,
data/raw/external/river_water_dataset\2019\images\DJI_705.JPG,0.24816542574378772,1295900,5221920,
data/raw/external/river_water_dataset\2019\images\DJI_706.JPG,0.25709049544994944,1342506,5221920,
data/raw/external/river_water_dataset\2019\images\DJI_707.JPG,0.2406923124061648,1256876,5221920,
data/raw/external/river_water_dataset\2019\images\DJI_708.JPG,0.2367449137481999,1236263,5221920,
data/raw/external/river_water_dataset\2019\images\DJI_709.JPG,0.22145360327235958,1156413,5221920,
data/raw/external/river_water_dataset\2019\images\DJI_710.JPG,0.22767277170083033,1188889,5221920,
data/raw/external/river_water_dataset\2019\images\DJI_711.JPG,0.200578522842173,1047405,5221920,
data/raw/external/river_water_dataset\2019\images\DJI_712.JPG,0.3314621824922634,1730869,5221920,
data/raw/external/river_water_dataset\2019\images\DJI_713.JPG,0.18339250697061618,957661,5221920,
data/raw/external/river_water_dataset\2019\images\DJI_714.JPG,0.25418371020620767,1327327,5221920,
data/raw/external/river_water_dataset\2019\images\DJI_715.JPG,0.12640293225480284,660066,5221920,
data/raw/external/river_water_dataset\2019\images\DJI_716.JPG,0.11204537794527683,585092,5221920,
data/raw/external/river_water_dataset\2019\images\DJI_717.JPG,0.1371930247878175,716411,5221920,
data/raw/external/river_water_dataset\2019\images\DJI_718.JPG,0.18927310261359806,988369,5221920,
data/raw/external/river_water_dataset\2019\images\DJI_719.JPG,0.11130139871924503,581207,5221920,
data/raw/external/river_water_dataset\2019\images\DJI_720.JPG,0.10949133651990073,571755,5221920,
data/raw/external/river_water_dataset\2019\images\DJI_721.JPG,0.06375375340870791,332917,5221920,
data/raw/external/river_water_dataset\2019\images\DJI_722.JPG,0.023986005147531943,125253,5221920,
data/raw/external/river_water_dataset\2019\images\DJI_727.JPG,0.011457854582222631,59832,5221920,
data/raw/external/river_water_dataset\2019\images\DJI_728.JPG,0.01661706805159788,86773,5221920,
data/raw/external/river_water_dataset\2019\images\DJI_729.JPG,0.01908799828415602,99676,5221920,
data/raw/external/river_water_dataset\2019\images\DJI_731.JPG,0.012387589239207035,64687,5221920,
data/raw/external/river_water_dataset\2019\images\DJI_732.JPG,0.05674790115513068,296333,5221920,
data/raw/external/river_water_dataset\2019\images\DJI_733.JPG,0.028937823635750835,151111,5221920,
data/raw/external/river_water_dataset\2019\images\DJI_734.JPG,0.16316603854520942,852040,5221920,
data/raw/external/river_water_dataset\2019\images\DJI_735.JPG,0.19456253638508442,1015990,5221920,
data/raw/external/river_water_dataset\2019\images\DJI_736.JPG,0.1868429619756718,975679,5221920,
data/raw/external/river_water_dataset\2019\images\DJI_737.JPG,0.2057038407329105,1074169,5221920,
data/raw/external/river_water_dataset\2019\images\DJI_738.JPG,0.23929991267579742,1249605,5221920,
data/raw/external/river_water_dataset\2019\images\DJI_739.JPG,0.24408876428593315,1274612,5221920,
data/raw/external/river_water_dataset\2019\images\DJI_740.JPG,0.25246499371878545,1318352,5221920,
data/raw/external/river_water_dataset\2019\images\DJI_741.JPG,0.25935269019824125,1354319,5221920,
data/raw/external/river_water_dataset\2019\images\DJI_742.JPG,0.25914855072463766,1353253,5221920,
data/raw/external/river_water_dataset\2019\images\DJI_743.JPG,0.23354130281582253,1219534,5221920,
data/raw/external/river_water_dataset\2019\images\DJI_744.JPG,0.22017935931611363,1149759,5221920,
data/raw/external/river_water_dataset\2019\images\DJI_745.JPG,0.22363728283849618,1167816,5221920,
data/raw/external/river_water_dataset\2019\images\DJI_746.JPG,0.22355474614701107,1167385,5221920,
data/raw/external/river_water_dataset\2019\images\DJI_747.JPG,0.2221399408646628,1159997,5221920,
data/raw/external/river_water_dataset\2019\images\DJI_748.JPG,0.2169700033704078,1133000,5221920,
data/raw/external/river_water_dataset\2019\images\DJI_749.JPG,0.17775875540031252,928242,5221920,
data/raw/external/river_water_dataset\2019\images\DJI_750.JPG,0.1318675889328063,688602,5221920,
data/raw/external/river_water_dataset\2019\images\DJI_751.JPG,0.08351832276250881,436126,5221920,
data/raw/external/river_water_dataset\2019\images\DJI_752.JPG,0.026883406869503936,140383,5221920,
data/raw/external/river_water_dataset\2019\images\DJI_768.JPG,0.01315569752121825,68698,5221920,
data/raw/external/river_water_dataset\2019\images\DJI_769.JPG,0.04372931795201765,228351,5221920,
data/raw/external/river_water_dataset\2019\images\DJI_770.JPG,0.08478682170542635,442750,5221920,
data/raw/external/river_water_dataset\2019\images\DJI_771.JPG,0.12395345007200417,647275,5221920,
data/raw/external/river_water_dataset\2019\images\DJI_772.JPG,0.16227805098507828,847403,5221920,
data/raw/external/river_water_dataset\2019\images\DJI_773.JPG,0.18125957502221404,946523,5221920,
data/raw/external/river_water_dataset\2019\images\DJI_774.JPG,0.23102077396819562,1206372,5221920,
data/raw/external/river_water_dataset\2019\images\DJI_775.JPG,0.23869592027453504,1246451,5221920,
data/raw/external/river_water_dataset\2019\images\DJI_776.JPG,0.24669297882771088,1288211,5221920,
data/raw/external/river_water_dataset\2019\images\DJI_777.JPG,0.2586437555535129,1350617,5221920,
data/raw/external/river_water_dataset\2019\images\DJI_778.JPG,0.2409494975028342,1258219,5221920,
data/raw/external/river_water_dataset\2019\images\DJI_779.JPG,0.22663005178172013,1183444,5221920,
data/raw/external/river_water_dataset\2019\images\DJI_780.JPG,0.20748900787449828,1083491,5221920,
data/raw/external/river_water_dataset\2019\images\DJI_781.JPG,0.203832306890952,1064396,5221920,
data/raw/external/river_water_dataset\2019\images\DJI_782.JPG,0.1839576247816895,960612,5221920,
data/raw/external/river_water_dataset\2019\images\DJI_783.JPG,0.18337316542574378,957560,5221920,
data/raw/external/river_water_dataset\2019\images\DJI_784.JPG,0.18640806446670957,973408,5221920,
data/raw/external/river_water_dataset\2019\images\DJI_785.JPG,0.16846964334957257,879735,5221920,
data/raw/external/river_water_dataset\2019\images\DJI_786.JPG,0.17938191316603855,936718,5221920,
data/raw/external/river_water_dataset\2019\images\DJI_787.JPG,0.07659787970708092,399988,5221920,
data/raw/external/river_water_dataset\2019\images\DJI_788.JPG,0.03377263535251402,176358,5221920,
data/raw/external/river_water_dataset\2019\images\DJI_789.JPG,0.03051080828507522,159325,5221920,
data/raw/external/river_water_dataset\2019\images\DJI_790.JPG,0.03478145969298649,181626,5221920,
data/raw/external/river_water_dataset\2019\images\DJI_791.JPG,0.033254052149400984,173650,5221920,
data/raw/external/river_water_dataset\2019\images\DJI_792.JPG,0.03720853632380427,194300,5221920,
data/raw/external/river_water_dataset\2019\images\DJI_793.JPG,0.03220079970585532,168150,5221920,
data/raw/external/river_water_dataset\2019\images\DJI_794.JPG,0.037520682047982354,195930,5221920,
data/raw/external/river_water_dataset\2019\images\DJI_795.JPG,0.03595267641020927,187742,5221920,
data/raw/external/river_water_dataset\2019\images\DJI_796.JPG,0.02485139565523792,129772,5221920,
data/raw/external/river_water_dataset\2019\images\DJI_797.JPG,0.06340005208812084,331070,5221920,
data/raw/external/river_water_dataset\2019\images\DJI_798.JPG,0.08416674326684438,439512,5221920,
data/raw/external/river_water_dataset\2019\images\DJI_799.JPG,0.03621254251309863,189099,5221920,
data/raw/external/river_water_dataset\2019\images\DJI_800.JPG,0.01117002941446824,58329,5221920,
data/raw/external/river_water_dataset\2019\images\DJI_801.JPG,0.0030944556791371756,16159,5221920,
data/raw/external/river_water_dataset\2019\images\DJI_803.JPG,0.06188528357385789,323160,5221920,
data/raw/external/river_water_dataset\2019\images\DJI_804.JPG,0.05486219628029537,286486,5221920,
data/raw/external/river_water_dataset\2019\images\DJI_805.JPG,0.05895245426969391,307845,5221920,
data/raw/external/river_water_dataset\2019\images\DJI_806.JPG,0.05545661365934369,289590,5221920,
data/raw/external/river_water_dataset\2019\images\DJI_807.JPG,0.14367991083739315,750285,5221920,
data/raw/external/river_water_dataset\2019\images\DJI_808.JPG,0.18901572601648436,987025,5221920,
data/raw/external/river_water_dataset\2019\images\DJI_809.JPG,0.22452584489996016,1172456,5221920,
data/raw/external/river_water_dataset\2019\images\DJI_810.JPG,0.22531655023439653,1176585,5221920,
data/raw/external/river_water_dataset\2019\images\DJI_811.JPG,0.22831602169317033,1192248,5221920,
data/raw/external/river_water_dataset\2019\images\DJI_812.JPG,0.2518313187486595,1315043,5221920,
data/raw/external/river_water_dataset\2019\images\DJI_813.JPG,0.2469846340043509,1289734,5221920,
data/raw/external/river_water_dataset\2019\images\DJI_814.JPG,0.2463770030946472,1286561,5221920,
data/raw/external/river_water_dataset\2019\images\DJI_815.JPG,0.25359465483959925,1324251,5221920,
data/raw/external/river_water_dataset\2019\images\DJI_816.JPG,0.221922013359071,1158859,5221920,
data/raw/external/river_water_dataset\2019\images\DJI_817.JPG,0.19037193216288262,994107,5221920,
data/raw/external/river_water_dataset\2019\images\DJI_818.JPG,0.19446219015228117,1015466,5221920,
data/raw/external/river_water_dataset\2019\images\DJI_819.JPG,0.19015266415418083,992962,5221920,
data/raw/external/river_water_dataset\2019\images\DJI_820.JPG,0.0886800257376597,463080,5221920,
data/raw/external/river_water_dataset\2019\images\DJI_821.JPG,0.019150235928547355,100001,5221920,
data/raw/external/river_water_dataset\2019\images\DJI_855.JPG,0.0849145525017618,443417,5221920,
data/raw/external/river_water_dataset\2019\images\DJI_856.JPG,0.05628810858841193,293932,5221920,
data/raw/external/river_water_dataset\2019\images\DJI_857.JPG,0.13107899010325705,684484,5221920,
data/raw/external/river_water_dataset\2019\images\DJI_858.JPG,0.1370183763826332,715499,5221920,
data/raw/external/river_water_dataset\2019\images\DJI_859.JPG,0.1808532110794497,944401,5221920,
data/raw/external/river_water_dataset\2019\images\DJI_860.JPG,0.264212396972761,1379696,5221920,
data/raw/external/river_water_dataset\2019\images\DJI_861.JPG,0.2918554861047278,1524046,5221920,
data/raw/external/river_water_dataset\2019\images\DJI_862.JPG,0.29076604007721296,1518357,5221920,
data/raw/external/river_water_dataset\2019\images\DJI_863.JPG,0.29854019211324573,1558953,5221920,
data/raw/external/river_water_dataset\2019\images\DJI_864.JPG,0.3134230321414346,1636670,5221920,
data/raw/external/river_water_dataset\2019\images\DJI_865.JPG,0.32983998222875877,1722398,5221920,
data/raw/external/river_water_dataset\2019\images\DJI_866.JPG,0.31224894291754757,1630539,5221920,
data/raw/external/river_water_dataset\2019\images\DJI_867.JPG,0.30765197475258144,1606534,5221920,
data/raw/external/river_water_dataset\2019\images\DJI_868.JPG,0.24512171768238503,1280006,5221920,
data/raw/external/river_water_dataset\2019\images\DJI_869.JPG,0.1280165149983148,668492,5221920,
data/raw/external/river_water_dataset\2019\images\DJI_870.JPG,0.04990559028096945,260603,5221920,
data/raw/external/river_water_dataset\2019\images\DJI_871.JPG,0.024183442105585685,126284,5221920,
data/raw/external/river_water_dataset\2019\images\DJI_872.JPG,0.10302896252719307,538009,5221920,
data/raw/external/river_water_dataset\2019\images\DJI_873.JPG,0.10555485338725985,551199,5221920,
data/raw/external/river_water_dataset\2019\images\DJI_874.JPG,0.08673572172687441,452927,5221920,
data/raw/external/river_water_dataset\2019\images\DJI_875.JPG,0.0748525446579036,390874,5221920,
data/raw/external/river_water_dataset\2019\images\DJI_876.JPG,0.059268047001869044,309493,5221920,
data/raw/external/river_water_dataset\2019\images\DJI_877.JPG,0.05825558415295524,304206,5221920,
data/raw/external/river_water_dataset\2019\images\DJI_878.JPG,0.16159190489321934,843820,5221920,
data/raw/external/river_water_dataset\2019\images\DJI_879.JPG,0.23675946778196524,1236339,5221920,
data/raw/external/river_water_dataset\2019\images\DJI_880.JPG,0.28436571222845236,1484935,5221920,
data/raw/external/river_water_dataset\2019\images\DJI_881.JPG,0.3015364080644667,1574599,5221920,
data/raw/external/river_water_dataset\2019\images\DJI_882.JPG,0.2918581671109477,1524060,5221920,
data/raw/external/river_water_dataset\2019\images\DJI_883.JPG,0.34061283972178813,1778653,5221920,
data/raw/external/river_water_dataset\2019\images\DJI_884.JPG,0.315449872843705,1647254,5221920,
data/raw/external/river_water_dataset\2019\images\DJI_885.JPG,0.29437850445813035,1537221,5221920,
data/raw/external/river_water_dataset\2019\images\DJI_886.JPG,0.2708559303857585,1414388,5221920,
data/raw/external/river_water_dataset\2019\images\DJI_887.JPG,0.19712615283267457,1029377,5221920,
data/raw/external/river_water_dataset\2019\images\DJI_888.JPG,0.13659707540521493,713299,5221920,
data/raw/external/river_water_dataset\2019\images\DJI_889.JPG,0.10985537886447896,573656,5221920,
data/raw/external/river_water_dataset\2019\images\DJI_890.JPG,0.09625616631430585,502642,5221920,
data/raw/external/river_water_dataset\2019\images\DJI_891.JPG,0.07799985445966234,407309,5221920,
data/raw/external/river_water_dataset\2019\images\DJI_892.JPG,0.036837599963231916,192363,5221920,
data/raw/external/river_water_dataset\2019\images\DJI_893.JPG,0.009821100284952661,51285,5221920,
data/raw/external/river_water_dataset\2019\images\DJI_915.JPG,0.05903748046695469,308289,5221920,
data/raw/external/river_water_dataset\2019\images\DJI_916.JPG,0.10325569905322181,539193,5221920,
data/raw/external/river_water_dataset\2019\images\DJI_917.JPG,0.12246032110794497,639478,5221920,
data/raw/external/river_water_dataset\2019\images\DJI_918.JPG,0.16790510003983208,876787,5221920,
data/raw/external/river_water_dataset\2019\images\DJI_919.JPG,0.17103938781137973,893154,5221920,
data/raw/external/river_water_dataset\2019\images\DJI_920.JPG,0.16817588166804548,878201,5221920,
data/raw/external/river_water_dataset\2019\images\DJI_921.JPG,0.19701642307810155,1028804,5221920,
data/raw/external/river_water_dataset\2019\images\DJI_922.JPG,0.19557806324110671,1021293,5221920,
data/raw/external/river_water_dataset\2019\images\DJI_923.JPG,0.19723052057480772,1029922,5221920,
data/raw/external/river_water_dataset\2019\images\DJI_924.JPG,0.1738781903974017,907978,5221920,
data/raw/external/river_water_dataset\2019\images\DJI_925.JPG,0.16315282501455403,851971,5221920,
data/raw/external/river_water_dataset\2019\images\DJI_926.JPG,0.1643880028801667,858421,5221920,
data/raw/external/river_water_dataset\2019\images\DJI_927.JPG,0.12089499647639182,631304,5221920,
data/raw/external/river_water_dataset\2019\images\DJI_928.JPG,0.11551268498942918,603198,5221920,
data/raw/external/river_water_dataset\2019\images\DJI_929.JPG,0.09068446088794926,473547,5221920,
data/raw/external/river_water_dataset\2019\images\DJI_930.JPG,0.09087213132334467,474527,5221920,
data/raw/external/river_water_dataset\2019\images\DJI_931.JPG,0.09101135214633697,475254,5221920,
data/raw/external/river_water_dataset\2019\images\DJI_932.JPG,0.11703358151790912,611140,5221920,
data/raw/external/river_water_dataset\2019\images\DJI_933.JPG,0.1273703924993106,665118,5221920,
data/raw/external/river_water_dataset\2019\images\DJI_934.JPG,0.1276206835799859,666425,5221920,
data/raw/external/river_water_dataset\2019\images\DJI_935.JPG,0.12798338542145418,668319,5221920,
data/raw/external/river_water_dataset\2019\images\DJI_936.JPG,0.13989471305573428,730519,5221920,
data/raw/external/river_water_dataset\2019\images\DJI_937.JPG,0.16084773416674328,839934,5221920,
data/raw/external/river_water_dataset\2019\images\DJI_938.JPG,0.1586447130557343,828430,5221920,
data/raw/external/river_water_dataset\2019\images\DJI_939.JPG,0.16227249747219413,847374,5221920,
data/raw/external/river_water_dataset\2019\images\DJI_940.JPG,0.16389469773569876,855845,5221920,
data/raw/external/river_water_dataset\2019\images\DJI_941.JPG,0.20833582283910898,1087913,5221920,
data/raw/external/river_water_dataset\2019\images\DJI_942.JPG,0.20652518613843185,1078458,5221920,
data/raw/external/river_water_dataset\2019\images\DJI_943.JPG,0.20295466035481202,1059813,5221920,
data/raw/external/river_water_dataset\2019\images\DJI_944.JPG,0.17167919079572264,896495,5221920,
data/raw/external/river_water_dataset\2019\images\DJI_945.JPG,0.16022535772282992,836684,5221920,
data/raw/external/river_water_dataset\2019\images\DJI_946.JPG,0.07009529062107424,366032,5221920,
data/raw/external/river_water_dataset\2019\images\DJI_947.JPG,0.017705365076446978,92456,5221920,
data/raw/external/river_water_dataset\2019\images\DJI_991.JPG,0.010656425222906517,55647,5221920,
data/raw/external/river_water_dataset\2019\images\DJI_992.JPG,0.019437869595857464,101503,5221920,
data/raw/external/river_water_dataset\2019\images\DJI_993.JPG,0.044531513313110886,232540,5221920,
data/raw/external/river_water_dataset\2019\images\DJI_994.JPG,0.04739712596133223,247504,5221920,
data/raw/external/river_water_dataset\2019\images\DJI_995.JPG,0.11824941783864938,617489,5221920,
data/raw/external/river_water_dataset\2019\images\DJI_996.JPG,0.17770743328124522,927974,5221920,
data/raw/external/river_water_dataset\2019\images\DJI_997.JPG,0.17593107516009437,918698,5221920,
data/raw/external/river_water_dataset\2019\images\DJI_998.JPG,0.1666140040444894,870045,5221920,
data/raw/external/river_water_dataset\2019\images\DJI_999.JPG,0.16834535956123417,879086,5221920,
data/raw/external/river_water_dataset\2019\images\DJI_1000.JPG,0.1762570089162607,920400,5221920,
data/raw/external/river_water_dataset\2019\images\DJI_1001.JPG,0.1726458850384533,901543,5221920,
data/raw/external/river_water_dataset\2019\images\DJI_1002.JPG,0.17700137114318104,924287,5221920,
data/raw/external/river_water_dataset\2019\images\DJI_1003.JPG,0.18169485553206483,948796,5221920,
data/raw/external/river_water_dataset\2019\images\DJI_1004.JPG,0.17083448233599902,892084,5221920,
data/raw/external/river_water_dataset\2019\images\DJI_1005.JPG,0.15159366669730673,791610,5221920,
data/raw/external/river_water_dataset\2019\images\DJI_1006.JPG,0.13626807764194013,711581,5221920,
data/raw/external/river_water_dataset\2019\images\DJI_1007.JPG,0.1399197996139351,730650,5221920,
data/raw/external/river_water_dataset\2019\images\DJI_1008.JPG,0.11587059931979042,605067,5221920,
data/raw/external/river_water_dataset\2019\images\DJI_1009.JPG,0.12649944847872047,660570,5221920,
data/raw/external/river_water_dataset\2019\images\DJI_1010.JPG,0.12440500811961884,649633,5221920,
data/raw/external/river_water_dataset\2019\images\DJI_1011.JPG,0.11390331525569139,594794,5221920,
data/raw/external/river_water_dataset\2019\images\DJI_1012.JPG,0.11250421300977419,587488,5221920,
data/raw/external/river_water_dataset\2019\images\DJI_1013.JPG,0.10066335753898949,525656,5221920,
data/raw/external/river_water_dataset\2019\images\DJI_1014.JPG,0.12333356313386647,644038,5221920,
data/raw/external/river_water_dataset\2019\images\DJI_1015.JPG,0.16147164261421088,843192,5221920,
data/raw/external/river_water_dataset\2019\images\DJI_1016.JPG,0.1618588565125471,845214,5221920,
data/raw/external/river_water_dataset\2019\images\DJI_1017.JPG,0.157166521126329,820711,5221920,
data/raw/external/river_water_dataset\2019\images\DJI_1018.JPG,0.16524611637099,862902,5221920,
data/raw/external/river_water_dataset\2019\images\DJI_1019.JPG,0.16464250697061616,859750,5221920,
data/raw/external/river_water_dataset\2019\images\DJI_1020.JPG,0.15821575206054478,826190,5221920,
data/raw/external/river_water_dataset\2019\images\DJI_1021.JPG,0.13839583907834666,722692,5221920,
data/raw/external/river_water_dataset\2019\images\DJI_1022.JPG,0.10625593651377271,554860,5221920,
data/raw/external/river_water_dataset\2019\images\DJI_1023.JPG,0.05398818825259675,281922,5221920,
data/raw/external/river_water_dataset\2019\images\DJI_1024.JPG,0.037786867665532985,197320,5221920,
data/raw/external/river_water_dataset\2019\images\DJI_1025.JPG,0.030803420963936637,160853,5221920,
data/raw/external/river_water_dataset\2019\images\DJI_1026.JPG,0.016216640622606245,84682,5221920,
data/raw/external/river_water_dataset\2019\images\DJI_1070.JPG,0.007005852253577229,36584,5221920,
data/raw/external/river_water_dataset\2019\images\DJI_1071.JPG,0.03298078101541196,172223,5221920,
data/raw/external/river_water_dataset\2019\images\DJI_1072.JPG,0.037707011980267796,196903,5221920,
data/raw/external/river_water_dataset\2019\images\DJI_1073.JPG,0.05004347060085179,261323,5221920,
data/raw/external/river_water_dataset\2019\images\DJI_1074.JPG,0.06268364892606551,327329,5221920,
data/raw/external/river_water_dataset\2019\images\DJI_1075.JPG,0.08630542022857493,450680,5221920,
data/raw/external/river_water_dataset\2019\images\DJI_1076.JPG,0.11656249042497778,608680,5221920,
data/raw/external/river_water_dataset\2019\images\DJI_1077.JPG,0.11367562122744125,593605,5221920,
data/raw/external/river_water_dataset\2019\images\DJI_1078.JPG,0.119632434047247,624711,5221920,
data/raw/external/river_water_dataset\2019\images\DJI_1079.JPG,0.12745867420412416,665579,5221920,
data/raw/external/river_water_dataset\2019\images\DJI_1080.JPG,0.15830614027024542,826662,5221920,
data/raw/external/river_water_dataset\2019\images\DJI_1081.JPG,0.15758724760241444,822908,5221920,
data/raw/external/river_water_dataset\2019\images\DJI_1082.JPG,0.17371196801176578,907110,5221920,
data/raw/external/river_water_dataset\2019\images\DJI_1083.JPG,0.16538859270153508,863646,5221920,
data/raw/external/river_water_dataset\2019\images\DJI_1084.JPG,0.13242140821766707,691494,5221920,
data/raw/external/river_water_dataset\2019\images\DJI_1085.JPG,0.11378803198823421,594192,5221920,
data/raw/external/river_water_dataset\2019\images\DJI_1086.JPG,0.07739088304684867,404129,5221920,
data/raw/external/river_water_dataset\2019\images\DJI_1087.JPG,0.06645046266507339,346999,5221920,
data/raw/external/river_water_dataset\2019\images\DJI_1088.JPG,0.0989823666390906,516878,5221920,
data/raw/external/river_water_dataset\2019\images\DJI_1089.JPG,0.120531911634035,629408,5221920,
data/raw/external/river_water_dataset\2019\images\DJI_1090.JPG,0.11128914269081104,581143,5221920,
data/raw/external/river_water_dataset\2019\images\DJI_1091.JPG,0.11310935441370223,590648,5221920,
data/raw/external/river_water_dataset\2019\images\DJI_1092.JPG,0.11403468456046818,595480,5221920,
data/raw/external/river_water_dataset\2019\images\DJI_1093.JPG,0.08123142445690475,424184,5221920,
data/raw/external/river_water_dataset\2019\images\DJI_1094.JPG,0.09965529920029415,520392,5221920,
data/raw/external/river_water_dataset\2019\images\DJI_1095.JPG,0.1346671339277507,703221,5221920,
data/raw/external/river_water_dataset\2019\images\DJI_1096.JPG,0.16252355455464657,848685,5221920,
data/raw/external/river_water_dataset\2019\images\DJI_1097.JPG,0.1709802141740969,892845,5221920,
data/raw/external/river_water_dataset\2019\images\DJI_1098.JPG,0.1875304485706407,979269,5221920,
data/raw/external/river_water_dataset\2019\images\DJI_1099.JPG,0.1617609997855195,844703,5221920,
data/raw/external/river_water_dataset\2019\images\DJI_1100.JPG,0.17980398014523394,938922,5221920,
data/raw/external/river_water_dataset\2019\images\DJI_1101.JPG,0.16325872476024145,852524,5221920,
data/raw/external/river_water_dataset\2019\images\DJI_1102.JPG,0.15350369212856574,801584,5221920,
data/raw/external/river_water_dataset\2019\images\DJI_1103.JPG,0.14968938627937617,781666,5221920,
data/raw/external/river_water_dataset\2019\images\DJI_1104.JPG,0.14410178631614426,752488,5221920,
data/raw/external/river_water_dataset\2019\images\DJI_1105.JPG,0.1274098415908325,665324,5221920,
data/raw/external/river_water_dataset\2019\images\DJI_1106.JPG,0.10655697521218249,556432,5221920,
data/raw/external/river_water_dataset\2019\images\DJI_1107.JPG,0.09694499341238472,506239,5221920,
data/raw/external/river_water_dataset\2019\images\DJI_1108.JPG,0.0941900680209578,491853,5221920,
data/raw/external/river_water_dataset\2019\images\DJI_1109.JPG,0.06801023378374238,355144,5221920,
data/raw/external/river_water_dataset\2019\images\DJI_1110.JPG,0.0351770996108711,183692,5221920,
data/raw/external/river_water_dataset\2019\images\DJI_1111.JPG,0.01316699604743083,68757,5221920,
data/raw/external/river_water_dataset\2019\images\DJI_1112.JPG,0.022760019303244783,118851,5221920,
data/raw/external/river_water_dataset\2019\images\DJI_1143.JPG,0.0004517495480589515,2359,5221920,
data/raw/external/river_water_dataset\2019\images\DJI_1144.JPG,0.04311709103165119,225154,5221920,
data/raw/external/river_water_dataset\2019\images\DJI_1145.JPG,0.05519674755645433,288233,5221920,
data/raw/external/river_water_dataset\2019\images\DJI_1146.JPG,0.06788307748873977,354480,5221920,
data/raw/external/river_water_dataset\2019\images\DJI_1147.JPG,0.08737954622054724,456289,5221920,
data/raw/external/river_water_dataset\2019\images\DJI_1148.JPG,0.10746009130741184,561148,5221920,
data/raw/external/river_water_dataset\2019\images\DJI_1149.JPG,0.11181232190458681,583875,5221920,
data/raw/external/river_water_dataset\2019\images\DJI_1150.JPG,0.11189064558629776,584284,5221920,
data/raw/external/river_water_dataset\2019\images\DJI_1151.JPG,0.11942120905720502,623608,5221920,
data/raw/external/river_water_dataset\2019\images\DJI_1152.JPG,0.12982600269632624,677941,5221920,
data/raw/external/river_water_dataset\2019\images\DJI_1153.JPG,0.1428637359438674,746023,5221920,
data/raw/external/river_water_dataset\2019\images\DJI_1154.JPG,0.14622495174188804,763575,5221920,
data/raw/external/river_water_dataset\2019\images\DJI_1155.JPG,0.14548422802340902,759707,5221920,
data/raw/external/river_water_dataset\2019\images\DJI_1156.JPG,0.15641698838741305,816797,5221920,
data/raw/external/river_water_dataset\2019\images\DJI_1157.JPG,0.16858492661702976,880337,5221920,
data/raw/external/river_water_dataset\2019\images\DJI_1158.JPG,0.1518152327113399,792767,5221920,
data/raw/external/river_water_dataset\2019\images\DJI_1159.JPG,0.15398091123571406,804076,5221920,
data/raw/external/river_water_dataset\2019\images\DJI_1160.JPG,0.12856592977295708,671361,5221920,
data/raw/external/river_water_dataset\2019\images\DJI_1161.JPG,0.09481761497686675,495130,5221920,
data/raw/external/river_water_dataset\2019\images\DJI_1162.JPG,0.05689363299322855,297094,5221920,
data/raw/external/river_water_dataset\2019\images\DJI_1163.JPG,0.05342421944418911,278977,5221920,
data/raw/external/river_water_dataset\2019\images\DJI_1164.JPG,0.056708260563164505,296126,5221920,
data/raw/external/river_water_dataset\2019\images\DJI_1165.JPG,0.06681814351809297,348919,5221920,
data/raw/external/river_water_dataset\2019\images\DJI_1166.JPG,0.05832165180623219,304551,5221920,
data/raw/external/river_water_dataset\2019\images\DJI_1167.JPG,0.0419328522842173,218970,5221920,
data/raw/external/river_water_dataset\2019\images\DJI_1168.JPG,0.020514485093605418,107125,5221920,
data/raw/external/river_water_dataset\2019\images\DJI_1169.JPG,0.028226207984802524,147395,5221920,
data/raw/external/river_water_dataset\2019\images\DJI_1170.JPG,0.03462979134111591,180834,5221920,
data/raw/external/river_water_dataset\2019\images\DJI_1171.JPG,0.058647202561509945,306251,5221920,
data/raw/external/river_water_dataset\2019\images\DJI_1172.JPG,0.08313053436283972,434101,5221920,
data/raw/external/river_water_dataset\2019\images\DJI_1173.JPG,0.10474059349817691,546947,5221920,
data/raw/external/river_water_dataset\2019\images\DJI_1174.JPG,0.12171863988724455,635605,5221920,
data/raw/external/river_water_dataset\2019\images\DJI_1175.JPG,0.11714809878358917,611738,5221920,
data/raw/external/river_water_dataset\2019\images\DJI_1176.JPG,0.12365719888470142,645728,5221920,
data/raw/external/river_water_dataset\2019\images\DJI_1177.JPG,0.14670197934859208,766066,5221920,
data/raw/external/river_water_dataset\2019\images\DJI_1178.JPG,0.1329662269816466,694339,5221920,
data/raw/external/river_water_dataset\2019\images\DJI_1179.JPG,0.12925284186659314,674948,5221920,
data/raw/external/river_water_dataset\2019\images\DJI_1180.JPG,0.1264860434476208,660500,5221920,
data/raw/external/river_water_dataset\2019\images\DJI_1181.JPG,0.13086891411588075,683387,5221920,
data/raw/external/river_water_dataset\2019\images\DJI_1182.JPG,0.13913081778349726,726530,5221920,
data/raw/external/river_water_dataset\2019\images\DJI_1183.JPG,0.1373060100499433,717001,5221920,
data/raw/external/river_water_dataset\2019\images\DJI_1184.JPG,0.13606891717988787,710541,5221920,
data/raw/external/river_water_dataset\2019\images\DJI_1185.JPG,0.12921147777062844,674732,5221920,
data/raw/external/river_water_dataset\2019\images\DJI_1186.JPG,0.11044137022397892,576716,5221920,
data/raw/external/river_water_dataset\2019\images\DJI_1187.JPG,0.10160056071330086,530550,5221920,
data/raw/external/river_water_dataset\2019\images\DJI_1188.JPG,0.0760580399546527,397169,5221920,
data/raw/external/river_water_dataset\2019\images\DJI_1189.JPG,0.03805477678708215,198719,5221920,
data/raw/external/river_water_dataset\2019\images\DJI_1190.JPG,0.007134157551245519,37254,5221920,
data/raw/external/river_water_dataset\2019\images\DJI_1218.JPG,0.005231983638202041,27321,5221920,
data/raw/external/river_water_dataset\2019\images\DJI_1219.JPG,0.03640404295737966,190099,5221920,
data/raw/external/river_water_dataset\2019\images\DJI_1220.JPG,0.08401086190519962,438698,5221920,
data/raw/external/river_water_dataset\2019\images\DJI_1221.JPG,0.12750501731164016,665821,5221920,
data/raw/external/river_water_dataset\2019\images\DJI_1222.JPG,0.1657890201305267,865737,5221920,
data/raw/external/river_water_dataset\2019\images\DJI_1223.JPG,0.19293171860158714,1007474,5221920,
data/raw/external/river_water_dataset\2019\images\DJI_1224.JPG,0.19277526273860957,1006657,5221920,
data/raw/external/river_water_dataset\2019\images\DJI_1225.JPG,0.17811398872445383,930097,5221920,
data/raw/external/river_water_dataset\2019\images\DJI_1226.JPG,0.18457674571805008,963845,5221920,
data/raw/external/river_water_dataset\2019\images\DJI_1227.JPG,0.17449673683242944,911208,5221920,
data/raw/external/river_water_dataset\2019\images\DJI_1228.JPG,0.14600357722829918,762419,5221920,
data/raw/external/river_water_dataset\2019\images\DJI_1229.JPG,0.12913928210313447,674355,5221920,
data/raw/external/river_water_dataset\2019\images\DJI_1230.JPG,0.11872663694579771,619981,5221920,
data/raw/external/river_water_dataset\2019\images\DJI_1231.JPG,0.11688784967981125,610379,5221920,
data/raw/external/river_water_dataset\2019\images\DJI_1232.JPG,0.11794225112602261,615885,5221920,
data/raw/external/river_water_dataset\2019\images\DJI_1233.JPG,0.12215430339798389,637880,5221920,
data/raw/external/river_water_dataset\2019\images\DJI_1234.JPG,0.11729172411679994,612488,5221920,
data/raw/external/river_water_dataset\2019\images\DJI_1235.JPG,0.1025438919018292,535476,5221920,
data/raw/external/river_water_dataset\2019\images\DJI_1236.JPG,0.08558825106474247,446935,5221920,
data/raw/external/river_water_dataset\2019\images\DJI_1237.JPG,0.08110273615834789,423512,5221920,
data/raw/external/river_water_dataset\2019\images\DJI_1238.JPG,0.07595290621074241,396620,5221920,
data/raw/external/river_water_dataset\2019\images\DJI_1239.JPG,0.06682369703097711,348948,5221920,
data/raw/external/river_water_dataset\2019\images\DJI_1240.JPG,0.04837550173116402,252613,5221920,
data/raw/external/river_water_dataset\2019\images\DJI_1241.JPG,0.019293095259981,100747,5221920,
data/raw/external/river_water_dataset\2019\images\DJI_1258.JPG,0.025671400557649295,134054,5221920,
data/raw/external/river_water_dataset\2019\images\DJI_1259.JPG,0.08142905291540277,425216,5221920,
data/raw/external/river_water_dataset\2019\images\DJI_1260.JPG,0.13601261604926923,710247,5221920,
data/raw/external/river_water_dataset\2019\images\DJI_1261.JPG,0.18491206299598614,965596,5221920,
data/raw/external/river_water_dataset\2019\images\DJI_1262.JPG,0.21100610503416367,1101857,5221920,
data/raw/external/river_water_dataset\2019\images\DJI_1263.JPG,0.21819656371602783,1139405,5221920,
data/raw/external/river_water_dataset\2019\images\DJI_1264.JPG,0.21145938658577687,1104224,5221920,
data/raw/external/river_water_dataset\2019\images\DJI_1265.JPG,0.2115905643901094,1104909,5221920,
data/raw/external/river_water_dataset\2019\images\DJI_1266.JPG,0.17002883996690873,887877,5221920,
data/raw/external/river_water_dataset\2019\images\DJI_1267.JPG,0.11622851365015167,606936,5221920,
data/raw/external/river_water_dataset\2019\images\DJI_1268.JPG,0.10033838128504458,523959,5221920,
data/raw/external/river_water_dataset\2019\images\DJI_1269.JPG,0.0948028694426571,495053,5221920,
data/raw/external/river_water_dataset\2019\images\DJI_1270.JPG,0.09244377546955909,482734,5221920,
data/raw/external/river_water_dataset\2019\images\DJI_1271.JPG,0.05694418911051874,297358,5221920,
data/raw/external/river_water_dataset\2019\images\DJI_1272.JPG,0.03955250176180409,206540,5221920,
data/raw/external/river_water_dataset\2019\images\DJI_1273.JPG,0.0261670037074486,136642,5221920,
data/raw/external/river_water_dataset\2019\images\DJI_1274.JPG,0.018856857247908816,98469,5221920,
data/raw/external/river_water_dataset\2019\images\DJI_1275.JPG,0.018561755063271748,96928,5221920,
data/raw/external/river_water_dataset\2019\images\DJI_1276.JPG,0.017621870882740448,92020,5221920,
data/raw/external/river_water_dataset\2019\images\DJI_1277.JPG,0.010882012746269572,56825,5221920,
data/raw/external/river_water_dataset\2019\images\DJI_1296.JPG,0.033222263075650335,173484,5221920,
data/raw/external/river_water_dataset\2019\images\DJI_1297.JPG,0.06400710849649172,334240,5221920,
data/raw/external/river_water_dataset\2019\images\DJI_1298.JPG,0.0695263428011153,363061,5221920,
data/raw/external/river_water_dataset\2019\images\DJI_1299.JPG,0.09146118668995312,477603,5221920,
data/raw/external/river_water_dataset\2019\images\DJI_1300.JPG,0.1507299996935993,787100,5221920,
data/raw/external/river_water_dataset\2019\images\DJI_1301.JPG,0.21448624260808286,1120030,5221920,
data/raw/external/river_water_dataset\2019\images\DJI_1302.JPG,0.25494626497533474,1331309,5221920,
data/raw/external/river_water_dataset\2019\images\DJI_1303.JPG,0.2649460351748016,1383527,5221920,
data/raw/external/river_water_dataset\2019\images\DJI_1304.JPG,0.2620463354474982,1368385,5221920,
data/raw/external/river_water_dataset\2019\images\DJI_1305.JPG,0.2596516223917639,1355880,5221920,
data/raw/external/river_water_dataset\2019\images\DJI_1306.JPG,0.21398451144406655,1117410,5221920,
data/raw/external/river_water_dataset\2019\images\DJI_1307.JPG,0.15553666084505316,812200,5221920,
data/raw/external/river_water_dataset\2019\images\DJI_1308.JPG,0.10105229494132427,527687,5221920,
data/raw/external/river_water_dataset\2019\images\DJI_1309.JPG,0.04210596868584735,219874,5221920,
data/raw/external/river_water_dataset\2019\images\DJI_1310.JPG,0.0058719781229892454,30663,5221920,
data/raw/external/river_water_dataset\2019\images\DJI_1334.JPG,0.036328208781444375,189703,5221920,
data/raw/external/river_water_dataset\2019\images\DJI_1335.JPG,0.10471320893464472,546804,5221920,
data/raw/external/river_water_dataset\2019\images\DJI_1336.JPG,0.18619205196556057,972280,5221920,
data/raw/external/river_water_dataset\2019\images\DJI_1337.JPG,0.25020930998559915,1306573,5221920,
data/raw/external/river_water_dataset\2019\images\DJI_1338.JPG,0.2968408171706958,1550079,5221920,
data/raw/external/river_water_dataset\2019\images\DJI_1339.JPG,0.31215932070962404,1630071,5221920,
data/raw/external/river_water_dataset\2019\images\DJI_1340.JPG,0.315542559058737,1647738,5221920,
data/raw/external/river_water_dataset\2019\images\DJI_1341.JPG,0.29603115329227564,1545851,5221920,
data/raw/external/river_water_dataset\2019\images\DJI_1342.JPG,0.23411369764377854,1222523,5221920,
data/raw/external/river_water_dataset\2019\images\DJI_1343.JPG,0.1545458375463431,807026,5221920,
data/raw/external/river_water_dataset\2019\images\DJI_1344.JPG,0.12332552011520667,643996,5221920,
data/raw/external/river_water_dataset\2019\images\DJI_1345.JPG,0.11698015289395472,610861,5221920,
data/raw/external/river_water_dataset\2019\images\DJI_1346.JPG,0.08255373502466526,431089,5221920,
data/raw/external/river_water_dataset\2019\images\DJI_1347.JPG,0.028384195851334375,148220,5221920,
data/raw/external/river_water_dataset\2019\images\DJI_1373.JPG,0.011990417317768178,62613,5221920,
data/raw/external/river_water_dataset\2019\images\DJI_1374.JPG,0.06144349204890155,320853,5221920,
data/raw/external/river_water_dataset\2019\images\DJI_1375.JPG,0.1339878818518859,699674,5221920,
data/raw/external/river_water_dataset\2019\images\DJI_1376.JPG,0.20009919723013758,1044902,5221920,
data/raw/external/river_water_dataset\2019\images\DJI_1377.JPG,0.21588955786377426,1127358,5221920,
data/raw/external/river_water_dataset\2019\images\DJI_1378.JPG,0.21448949811563564,1120047,5221920,
data/raw/external/river_water_dataset\2019\images\DJI_1379.JPG,0.218989184054907,1143544,5221920,
data/raw/external/river_water_dataset\2019\images\DJI_1380.JPG,0.28689849710451326,1498161,5221920,
data/raw/external/river_water_dataset\2019\images\DJI_1381.JPG,0.3435177099610871,1793822,5221920,
data/raw/external/river_water_dataset\2019\images\DJI_1382.JPG,0.34619775867880015,1807817,5221920,
data/raw/external/river_water_dataset\2019\images\DJI_1383.JPG,0.37626524343536477,1964827,5221920,
data/raw/external/river_water_dataset\2019\images\DJI_1384.JPG,0.46025752979746914,2403428,5221920,
data/raw/external/river_water_dataset\2019\images\DJI_1385.JPG,0.37025691699604746,1933452,5221920,
data/raw/external/river_water_dataset\2019\images\DJI_1386.JPG,0.39554359316113613,2065497,5221920,
data/raw/external/river_water_dataset\2019\images\DJI_1387.JPG,0.28667156907804026,1496976,5221920,
data/raw/external/river_water_dataset\2019\images\DJI_1388.JPG,0.1734291218555627,905633,5221920,
data/raw/external/river_water_dataset\2019\images\DJI_1389.JPG,0.08331533229157091,435066,5221920,
data/raw/external/river_water_dataset\2019\images\DJI_1390.JPG,0.02943802279621289,153723,5221920,
data/raw/external/river_water_dataset\2019\images\DJI_1412.JPG,0.03026147470662132,158023,5221920,
data/raw/external/river_water_dataset\2019\images\DJI_1413.JPG,0.08998720777032203,469906,5221920,
data/raw/external/river_water_dataset\2019\images\DJI_1414.JPG,0.16360074455372736,854310,5221920,
data/raw/external/river_water_dataset\2019\images\DJI_1415.JPG,0.2885802540061893,1506943,5221920,
data/raw/external/river_water_dataset\2019\images\DJI_1416.JPG,0.3923876658393847,2049017,5221920,
data/raw/external/river_water_dataset\2019\images\DJI_1417.JPG,0.44226816956215337,2309489,5221920,
data/raw/external/river_water_dataset\2019\images\DJI_1418.JPG,0.4486219628029537,2342668,5221920,
data/raw/external/river_water_dataset\2019\images\DJI_1419.JPG,0.4827460014707234,2520861,5221920,
data/raw/external/river_water_dataset\2019\images\DJI_1420.JPG,0.4553648849465331,2377879,5221920,
data/raw/external/river_water_dataset\2019\images\DJI_1421.JPG,0.4212082912032356,2199516,5221920,
data/raw/external/river_water_dataset\2019\images\DJI_1422.JPG,0.4117255722033275,2149998,5221920,
data/raw/external/river_water_dataset\2019\images\DJI_1423.JPG,0.33898987345650644,1770178,5221920,
data/raw/external/river_water_dataset\2019\images\DJI_1424.JPG,0.2938447927199191,1534434,5221920,
data/raw/external/river_water_dataset\2019\images\DJI_1425.JPG,0.26740987989092135,1396393,5221920,
data/raw/external/river_water_dataset\2019\images\DJI_1426.JPG,0.17219490149217145,899188,5221920,
data/raw/external/river_water_dataset\2019\images\DJI_1427.JPG,0.06710481968318166,350416,5221920,
data/raw/external/river_water_dataset\2019\images\DJI_1428.JPG,0.006776817722217115,35388,5221920,
data/raw/external/river_water_dataset\2019\images\DJI_1455.JPG,0.10869297116769311,567586,5221920,
data/raw/external/river_water_dataset\2019\images\DJI_1456.JPG,0.2074715813340687,1083400,5221920,
data/raw/external/river_water_dataset\2019\images\DJI_1457.JPG,0.31660576952538527,1653290,5221920,
data/raw/external/river_water_dataset\2019\images\DJI_1458.JPG,0.3980890170665196,2078789,5221920,
data/raw/external/river_water_dataset\2019\images\DJI_1459.JPG,0.42412216196341573,2214732,5221920,
data/raw/external/river_water_dataset\2019\images\DJI_1460.JPG,0.4230294604283482,2209026,5221920,
data/raw/external/river_water_dataset\2019\images\DJI_1461.JPG,0.45169056592211293,2358692,5221920,
data/raw/external/river_water_dataset\2019\images\DJI_1462.JPG,0.4997541134295432,2609676,5221920,
data/raw/external/river_water_dataset\2019\images\DJI_1463.JPG,0.5089089836688421,2657482,5221920,
data/raw/external/river_water_dataset\2019\images\DJI_1464.JPG,0.5100302187701076,2663337,5221920,
data/raw/external/river_water_dataset\2019\images\DJI_1465.JPG,0.5193501623923767,2712005,5221920,
data/raw/external/river_water_dataset\2019\images\DJI_1466.JPG,0.4914316956215338,2566217,5221920,
data/raw/external/river_water_dataset\2019\images\DJI_1467.JPG,0.4616167999509759,2410526,5221920,
data/raw/external/river_water_dataset\2019\images\DJI_1468.JPG,0.44906164782302294,2344964,5221920,
data/raw/external/river_water_dataset\2019\images\DJI_1469.JPG,0.37241685050709317,1944731,5221920,
data/raw/external/river_water_dataset\2019\images\DJI_1470.JPG,0.25268004871771305,1319475,5221920,
data/raw/external/river_water_dataset\2019\images\DJI_1471.JPG,0.1457952247449214,761331,5221920,
data/raw/external/river_water_dataset\2019\images\DJI_1472.JPG,0.07562812145724178,394924,5221920,
data/raw/external/river_water_dataset\2019\images\DJI_1492.JPG,0.05474748751417103,285887,5221920,
data/raw/external/river_water_dataset\2019\images\DJI_1493.JPG,0.10337979134111591,539841,5221920,
data/raw/external/river_water_dataset\2019\images\DJI_1494.JPG,0.22110851947176519,1154611,5221920,
data/raw/external/river_water_dataset\2019\images\DJI_1495.JPG,0.2918369105616325,1523949,5221920,
data/raw/external/river_water_dataset\2019\images\DJI_1496.JPG,0.3334315730612495,1741153,5221920,
data/raw/external/river_water_dataset\2019\images\DJI_1497.JPG,0.3530312605325244,1843501,5221920,
data/raw/external/river_water_dataset\2019\images\DJI_1498.JPG,0.38323547660630575,2001225,5221920,
data/raw/external/river_water_dataset\2019\images\DJI_1499.JPG,0.4556908187026994,2379581,5221920,
data/raw/external/river_water_dataset\2019\images\DJI_1500.JPG,0.4985980252474186,2603639,5221920,
data/raw/external/river_water_dataset\2019\images\DJI_1501.JPG,0.5449790498513957,2845837,5221920,
data/raw/external/river_water_dataset\2019\images\DJI_1502.JPG,0.5053633529429788,2638967,5221920,
data/raw/external/river_water_dataset\2019\images\DJI_1503.JPG,0.4834206575359255,2524384,5221920,
data/raw/external/river_water_dataset\2019\images\DJI_1504.JPG,0.4539550586757361,2370517,5221920,
data/raw/external/river_water_dataset\2019\images\DJI_1505.JPG,0.3351945261513007,1750359,5221920,
data/raw/external/river_water_dataset\2019\images\DJI_1506.JPG,0.2228942611146858,1163936,5221920,
data/raw/external/river_water_dataset\2019\images\DJI_1507.JPG,0.1296389067622637,676964,5221920,
data/raw/external/river_water_dataset\2019\images\DJI_1508.JPG,0.05835171737598431,304708,5221920,
data/raw/external/river_water_dataset\2019\images\DJI_1509.JPG,0.015158217667064988,79155,5221920,
data/raw/external/river_water_dataset\2019\images\DJI_1536.JPG,0.009109101633115789,47567,5221920,
data/raw/external/river_water_dataset\2019\images\DJI_1537.JPG,0.051760846585164076,270291,5221920,
data/raw/external/river_water_dataset\2019\images\DJI_1538.JPG,0.1272401721971995,664438,5221920,
data/raw/external/river_water_dataset\2019\images\DJI_1539.JPG,0.2353649615467108,1229057,5221920,
data/raw/external/river_water_dataset\2019\images\DJI_1540.JPG,0.35013251830744246,1828364,5221920,
data/raw/external/river_water_dataset\2019\images\DJI_1541.JPG,0.4226801636179796,2207202,5221920,
data/raw/external/river_water_dataset\2019\images\DJI_1542.JPG,0.4446743726445445,2322054,5221920,
data/raw/external/river_water_dataset\2019\images\DJI_1543.JPG,0.44751413273278795,2336883,5221920,
data/raw/external/river_water_dataset\2019\images\DJI_1544.JPG,0.5485432561203542,2864449,5221920,
data/raw/external/river_water_dataset\2019\images\DJI_1545.JPG,0.48486763489291296,2531940,5221920,
data/raw/external/river_water_dataset\2019\images\DJI_1546.JPG,0.4134550127156295,2159029,5221920,
data/raw/external/river_water_dataset\2019\images\DJI_1547.JPG,0.4340614180224898,2266634,5221920,
data/raw/external/river_water_dataset\2019\images\DJI_1548.JPG,0.28532015044274905,1489919,5221920,
data/raw/external/river_water_dataset\2019\images\DJI_1549.JPG,0.3087029291907957,1612022,5221920,
data/raw/external/river_water_dataset\2019\images\DJI_1550.JPG,0.23176934920489015,1210281,5221920,
data/raw/external/river_water_dataset\2019\images\DJI_1551.JPG,0.16080790207433282,839726,5221920,
data/raw/external/river_water_dataset\2019\images\DJI_1552.JPG,0.06853532800196097,357886,5221920,
data/raw/external/river_water_dataset\2019\images\DJI_1553.JPG,0.014475901584091675,75592,5221920,
data/raw/external/river_water_dataset\2019\images\DJI_1569.JPG,0.01385256763795692,72337,5221920,
data/raw/external/river_water_dataset\2019\images\DJI_1570.JPG,0.07522252351625455,392806,5221920,
data/raw/external/river_water_dataset\2019\images\DJI_1571.JPG,0.18389825964396236,960302,5221920,
data/raw/external/river_water_dataset\2019\images\DJI_1572.JPG,0.2302746882372767,1202476,5221920,
data/raw/external/river_water_dataset\2019\images\DJI_1573.JPG,0.23484235683426785,1226328,5221920,
data/raw/external/river_water_dataset\2019\images\DJI_1574.JPG,0.24781957594141618,1294094,5221920,
data/raw/external/river_water_dataset\2019\images\DJI_1575.JPG,0.33370312069124003,1742571,5221920,
data/raw/external/river_water_dataset\2019\images\DJI_1576.JPG,0.4975549223274198,2598192,5221920,
data/raw/external/river_water_dataset\2019\images\DJI_1577.JPG,0.41190692312406163,2150945,5221920,
data/raw/external/river_water_dataset\2019\images\DJI_1578.JPG,0.4583641649048626,2393541,5221920,
data/raw/external/river_water_dataset\2019\images\DJI_1579.JPG,0.3995365689248399,2086348,5221920,
data/raw/external/river_water_dataset\2019\images\DJI_1580.JPG,0.4608697567178356,2406625,5221920,
data/raw/external/river_water_dataset\2019\images\DJI_1581.JPG,0.467517311640163,2441338,5221920,
data/raw/external/river_water_dataset\2019\images\DJI_1582.JPG,0.42380810123479484,2213092,5221920,
data/raw/external/river_water_dataset\2019\images\DJI_1583.JPG,0.29844865490087935,1558475,5221920,
data/raw/external/river_water_dataset\2019\images\DJI_1584.JPG,0.1817164950822686,948909,5221920,
data/raw/external/river_water_dataset\2019\images\DJI_1585.JPG,0.0981767242700003,512671,5221920,
data/raw/external/river_water_dataset\2019\images\DJI_1586.JPG,0.04156900144008334,217070,5221920,
data/raw/external/river_water_dataset\2019\images\DJI_1587.JPG,0.0003314872690504642,1731,5221920,
data/raw/external/river_water_dataset\2019\images\DJI_1597.JPG,0.09826692097925667,513142,5221920,
data/raw/external/river_water_dataset\2019\images\DJI_1598.JPG,0.0460204292673959,240315,5221920,
data/raw/external/river_water_dataset\2019\images\DJI_1599.JPG,0.005356458926984711,27971,5221920,
data/raw/external/river_water_dataset\2019\images\DJI_1614.JPG,0.004020360327235959,20994,5221920,
data/raw/external/river_water_dataset\2019\images\DJI_1615.JPG,0.05398857125348531,281924,5221920,
data/raw/external/river_water_dataset\2019\images\DJI_1616.JPG,0.12174161994055827,635725,5221920,
data/raw/external/river_water_dataset\2019\images\DJI_1617.JPG,0.16330296136287037,852755,5221920,
data/raw/external/river_water_dataset\2019\images\DJI_1618.JPG,0.1804797852131017,942451,5221920,
data/raw/external/river_water_dataset\2019\images\DJI_1619.JPG,0.1860271700830346,971419,5221920,
data/raw/external/river_water_dataset\2019\images\DJI_1620.JPG,0.1849842586634801,965973,5221920,
data/raw/external/river_water_dataset\2019\images\DJI_1621.JPG,0.17902150932990166,934836,5221920,
data/raw/external/river_water_dataset\2019\images\DJI_1622.JPG,0.17216924043263782,899054,5221920,
data/raw/external/river_water_dataset\2019\images\DJI_1623.JPG,0.1735030410270552,906019,5221920,
data/raw/external/river_water_dataset\2019\images\DJI_1624.JPG,0.17375543861261758,907337,5221920,
data/raw/external/river_water_dataset\2019\images\DJI_1625.JPG,0.17024446946716917,889003,5221920,
data/raw/external/river_water_dataset\2019\images\DJI_1626.JPG,0.14338193614609185,748729,5221920,
data/raw/external/river_water_dataset\2019\images\DJI_1627.JPG,0.14256442074945613,744460,5221920,
data/raw/external/river_water_dataset\2019\images\DJI_1628.JPG,0.14119097956307258,737288,5221920,
data/raw/external/river_water_dataset\2019\images\DJI_1629.JPG,0.08723477188467077,455533,5221920,
data/raw/external/river_water_dataset\2019\images\DJI_1630.JPG,0.03463342984955725,180853,5221920,
data/raw/external/river_water_dataset\2019\images\DJI_1631.JPG,0.011129239819836382,58116,5221920,
data/raw/external/river_water_dataset\2019\images\DJI_1662.JPG,0.02340384379691761,122213,5221920,
data/raw/external/river_water_dataset\2019\images\DJI_1663.JPG,0.07230846125563012,377589,5221920,
data/raw/external/river_water_dataset\2019\images\DJI_1664.JPG,0.0901802402181573,470914,5221920,
data/raw/external/river_water_dataset\2019\images\DJI_1665.JPG,0.1037817507736618,541940,5221920,
data/raw/external/river_water_dataset\2019\images\DJI_1666.JPG,0.1533970263811012,801027,5221920,
data/raw/external/river_water_dataset\2019\images\DJI_1667.JPG,0.17175272696632657,896879,5221920,
data/raw/external/river_water_dataset\2019\images\DJI_1668.JPG,0.16641675858687993,869015,5221920,
data/raw/external/river_water_dataset\2019\images\DJI_1669.JPG,0.1683645096056623,879186,5221920,
data/raw/external/river_water_dataset\2019\images\DJI_1670.JPG,0.20383211539050772,1064395,5221920,
data/raw/external/river_water_dataset\2019\images\DJI_1671.JPG,0.2328473052057481,1215910,5221920,
data/raw/external/river_water_dataset\2019\images\DJI_1672.JPG,0.23629814321169226,1233930,5221920,
data/raw/external/river_water_dataset\2019\images\DJI_1673.JPG,0.23139017832521372,1208301,5221920,
data/raw/external/river_water_dataset\2019\images\DJI_1674.JPG,0.17212711033489597,898834,5221920,
data/raw/external/river_water_dataset\2019\images\DJI_1675.JPG,0.1231010815945093,642824,5221920,
data/raw/external/river_water_dataset\2019\images\DJI_1676.JPG,0.048934491528020346,255532,5221920,
data/raw/external/river_water_dataset\2019\images\DJI_1691.JPG,0.05982493029383828,312401,5221920,
data/raw/external/river_water_dataset\2019\images\DJI_1692.JPG,0.1713860036155284,894964,5221920,
data/raw/external/river_water_dataset\2019\images\DJI_1693.JPG,0.21749892759751202,1135762,5221920,
data/raw/external/river_water_dataset\2019\images\DJI_1694.JPG,0.22856248276496002,1193535,5221920,
data/raw/external/river_water_dataset\2019\images\DJI_1695.JPG,0.22469340778870606,1173331,5221920,
data/raw/external/river_water_dataset\2019\images\DJI_1696.JPG,0.2150318273738395,1122879,5221920,
data/raw/external/river_water_dataset\2019\images\DJI_1697.JPG,0.21754795171124797,1136018,5221920,
data/raw/external/river_water_dataset\2019\images\DJI_1698.JPG,0.16902039862732482,882611,5221920,
data/raw/external/river_water_dataset\2019\images\DJI_1699.JPG,0.14754936881453565,770491,5221920,
data/raw/external/river_water_dataset\2019\images\DJI_1700.JPG,0.15631242914483562,816251,5221920,
data/raw/external/river_water_dataset\2019\images\DJI_1701.JPG,0.0998778227165487,521554,5221920,
data/raw/external/river_water_dataset\2019\images\DJI_1702.JPG,0.02785910163311579,145478,5221920,
data/raw/external/river_water_dataset\2019\images\DJI_1726.JPG,0.0077212979134111594,40320,5221920,
data/raw/external/river_water_dataset\2019\images\DJI_1727.JPG,0.01027438183656586,53652,5221920,
data/raw/external/river_water_dataset\2019\images\DJI_1728.JPG,0.014383598369948219,75110,5221920,
data/raw/external/river_water_dataset\2019\images\DJI_1729.JPG,0.019243113644023653,100486,5221920,
data/raw/external/river_water_dataset\2019\images\DJI_1730.JPG,0.07431576891258387,388071,5221920,
data/raw/external/river_water_dataset\2019\images\DJI_1731.JPG,0.0793359530594111,414286,5221920,
data/raw/external/river_water_dataset\2019\images\DJI_1732.JPG,0.10918493580905107,570155,5221920,
data/raw/external/river_water_dataset\2019\images\DJI_1733.JPG,0.16413426479149432,857096,5221920,
data/raw/external/river_water_dataset\2019\images\DJI_1734.JPG,0.1788845865122407,934121,5221920,
data/raw/external/river_water_dataset\2019\images\DJI_1735.JPG,0.1762891809908999,920568,5221920,
data/raw/external/river_water_dataset\2019\images\DJI_1736.JPG,0.20178765664736342,1053719,5221920,
data/raw/external/river_water_dataset\2019\images\DJI_1737.JPG,0.20720520421607377,1082009,5221920,
data/raw/external/river_water_dataset\2019\images\DJI_1738.JPG,0.19122640714526457,998569,5221920,
data/raw/external/river_water_dataset\2019\images\DJI_1739.JPG,0.11486809449397922,599832,5221920,
data/raw/external/river_water_dataset\2019\images\DJI_1740.JPG,0.05580322946349236,291400,5221920,
data/raw/external/river_water_dataset\2019\images\DJI_1741.JPG,0.0027120292919079574,14162,5221920,
data/raw/external/river_water_dataset\2019\images\DJI_1759.JPG,0.06581640469405889,343688,5221920,
data/raw/external/river_water_dataset\2019\images\DJI_1760.JPG,0.13498464166436866,704879,5221920,
data/raw/external/river_water_dataset\2019\images\DJI_1761.JPG,0.15770348837209303,823515,5221920,
data/raw/external/river_water_dataset\2019\images\DJI_1762.JPG,0.15426835340257988,805577,5221920,
data/raw/external/river_water_dataset\2019\images\DJI_1763.JPG,0.15383077488739774,803292,5221920,
data/raw/external/river_water_dataset\2019\images\DJI_1764.JPG,0.156746752152465,818519,5221920,
data/raw/external/river_water_dataset\2019\images\DJI_1765.JPG,0.15350847963967276,801609,5221920,
data/raw/external/river_water_dataset\2019\images\DJI_1766.JPG,0.15209961087109722,794252,5221920,
data/raw/external/river_water_dataset\2019\images\DJI_1767.JPG,0.1515425360786837,791343,5221920,
data/raw/external/river_water_dataset\2019\images\DJI_1768.JPG,0.09284707540521495,484840,5221920,
data/raw/external/river_water_dataset\2019\images\DJI_1769.JPG,0.04570215552900083,238653,5221920,
data/raw/external/river_water_dataset\2019\images\DJI_1770.JPG,0.03951247816894935,206331,5221920,
data/raw/external/river_water_dataset\2019\images\DJI_1785.JPG,0.010978145969298648,57327,5221920,
data/raw/external/river_water_dataset\2019\images\DJI_1786.JPG,0.013257767258020038,69231,5221920,
data/raw/external/river_water_dataset\2019\images\DJI_1787.JPG,0.015540261053405644,81150,5221920,
data/raw/external/river_water_dataset\2019\images\DJI_1788.JPG,0.017121480221834115,89407,5221920,
data/raw/external/river_water_dataset\2019\images\DJI_1789.JPG,0.11639148052823482,607787,5221920,
data/raw/external/river_water_dataset\2019\images\DJI_1790.JPG,0.11357431749241659,593076,5221920,
data/raw/external/river_water_dataset\2019\images\DJI_1791.JPG,0.11026193430768759,575779,5221920,
data/raw/external/river_water_dataset\2019\images\DJI_1792.JPG,0.11076404847259246,578401,5221920,
data/raw/external/river_water_dataset\2019\images\DJI_1793.JPG,0.11081498759077121,578667,5221920,
data/raw/external/river_water_dataset\2019\images\DJI_1794.JPG,0.11120028648466465,580679,5221920,
data/raw/external/river_water_dataset\2019\images\DJI_1795.JPG,0.11108079020743328,580055,5221920,
data/raw/external/river_water_dataset\2019\images\DJI_1796.JPG,0.11259843122836045,587980,5221920,
data/raw/external/river_water_dataset\2019\images\DJI_1797.JPG,0.13258935410730152,692371,5221920,
data/raw/external/river_water_dataset\2019\images\DJI_1798.JPG,0.06719310138799522,350877,5221920,
data/raw/external/river_water_dataset\2019\images\DJI_1799.JPG,0.023339116646750622,121875,5221920,
data/raw/external/river_water_dataset\2019\images\DJI_1800.JPG,0.024680194258050677,128878,5221920,
data/raw/external/river_water_dataset\2019\images\DJI_1825.JPG,0.039431664981462757,205909,5221920,
data/raw/external/river_water_dataset\2019\images\DJI_1826.JPG,0.044540513833992094,232587,5221920,
data/raw/external/river_water_dataset\2019\images\DJI_1827.JPG,0.053315830192726045,278411,5221920,
data/raw/external/river_water_dataset\2019\images\DJI_1828.JPG,0.14169232772620033,739906,5221920,
data/raw/external/river_water_dataset\2019\images\DJI_1829.JPG,0.18235208505683734,952228,5221920,
data/raw/external/river_water_dataset\2019\images\DJI_1830.JPG,0.1680100422832981,877335,5221920,
data/raw/external/river_water_dataset\2019\images\DJI_1831.JPG,0.1584041884977173,827174,5221920,
data/raw/external/river_water_dataset\2019\images\DJI_1832.JPG,0.07872487514171032,411095,5221920,
data/raw/external/river_water_dataset\2019\images\DJI_1833.JPG,0.15157719765909858,791524,5221920,
data/raw/external/river_water_dataset\2019\images\DJI_1834.JPG,0.021190481661917455,110655,5221920,
data/raw/external/river_water_dataset\2019\images\DJI_1847.JPG,0.006720899592487055,35096,5221920,
data/raw/external/river_water_dataset\2019\images\DJI_1848.JPG,0.03833666544106382,200191,5221920,
data/raw/external/river_water_dataset\2019\images\DJI_1849.JPG,0.05820407053344364,303937,5221920,
data/raw/external/river_water_dataset\2019\images\DJI_1850.JPG,0.10517032049514355,549191,5221920,
data/raw/external/river_water_dataset\2019\images\DJI_1851.JPG,0.18715185219229707,977292,5221920,
data/raw/external/river_water_dataset\2019\images\DJI_1852.JPG,0.23448808101234794,1224478,5221920,
data/raw/external/river_water_dataset\2019\images\DJI_1853.JPG,0.24863402733094342,1298347,5221920,
data/raw/external/river_water_dataset\2019\images\DJI_1854.JPG,0.31978199589423045,1669876,5221920,
data/raw/external/river_water_dataset\2019\images\DJI_1855.JPG,0.31617221251953304,1651026,5221920,
data/raw/external/river_water_dataset\2019\images\DJI_1856.JPG,0.32862146490179855,1716035,5221920,
data/raw/external/river_water_dataset\2019\images\DJI_1857.JPG,0.33021034408799826,1724332,5221920,
data/raw/external/river_water_dataset\2019\images\DJI_1858.JPG,0.2877786331464289,1502757,5221920,
data/raw/external/river_water_dataset\2019\images\DJI_1859.JPG,0.29327622790084873,1531465,5221920,
data/raw/external/river_water_dataset\2019\images\DJI_1860.JPG,0.2928715874620829,1529352,5221920,
data/raw/external/river_water_dataset\2019\images\DJI_1861.JPG,0.2582751171982719,1348692,5221920,
data/raw/external/river_water_dataset\2019\images\DJI_1862.JPG,0.17190937432974845,897697,5221920,
data/raw/external/river_water_dataset\2019\images\DJI_1863.JPG,0.08115080276986243,423763,5221920,
data/raw/external/river_water_dataset\2019\images\DJI_1864.JPG,0.025989291295155804,135714,5221920,
data/raw/external/river_water_dataset\2019\images\DJI_1891.JPG,0.017458138002880166,91165,5221920,
data/raw/external/river_water_dataset\2019\images\DJI_1892.JPG,0.07984400373808867,416939,5221920,
data/raw/external/river_water_dataset\2019\images\DJI_1893.JPG,0.15317469436529094,799866,5221920,
data/raw/external/river_water_dataset\2019\images\DJI_1894.JPG,0.1449058966816803,756687,5221920,
data/raw/external/river_water_dataset\2019\images\DJI_1895.JPG,0.15869182216502742,828676,5221920,
data/raw/external/river_water_dataset\2019\images\DJI_1896.JPG,0.15728448540000614,821327,5221920,
data/raw/external/river_water_dataset\2019\images\DJI_1897.JPG,0.19617860863437203,1024429,5221920,
data/raw/external/river_water_dataset\2019\images\DJI_1898.JPG,0.21892196739896436,1143193,5221920,
data/raw/external/river_water_dataset\2019\images\DJI_1899.JPG,0.209854038361369,1095841,5221920,
data/raw/external/river_water_dataset\2019\images\DJI_1900.JPG,0.19661886815577412,1026728,5221920,
data/raw/external/river_water_dataset\2019\images\DJI_1901.JPG,0.1847471811134602,964735,5221920,
data/raw/external/river_water_dataset\2019\images\DJI_1902.JPG,0.17402430523638815,908741,5221920,
data/raw/external/river_water_dataset\2019\images\DJI_1903.JPG,0.15359522934093206,802062,5221920,
data/raw/external/river_water_dataset\2019\images\DJI_1904.JPG,0.11865463277874805,619605,5221920,
data/raw/external/river_water_dataset\2019\images\DJI_1923.JPG,0.07211696081134908,376589,5221920,
data/raw/external/river_water_dataset\2019\images\DJI_1924.JPG,0.16828427091950854,878767,5221920,
data/raw/external/river_water_dataset\2019\images\DJI_1925.JPG,0.11747709654686399,613456,5221920,
data/raw/external/river_water_dataset\2019\images\DJI_1926.JPG,0.3202209149125226,1672168,5221920,
data/raw/external/river_water_dataset\2019\images\DJI_1927.JPG,0.17439600759873763,910682,5221920,
data/raw/external/river_water_dataset\2019\images\DJI_1928.JPG,0.17528418665931306,915320,5221920,
data/raw/external/river_water_dataset\2019\images\DJI_1929.JPG,0.16227058246775133,847364,5221920,
data/raw/external/river_water_dataset\2019\images\DJI_1930.JPG,0.032245227808928516,168382,5221920,
data/raw/external/river_water_dataset\2019\images\DJI_1935.JPG,0.023412652817354537,122259,5221920,
data/raw/external/river_water_dataset\2019\images\DJI_1942.JPG,0.06072153537396207,317083,5221920,
data/raw/external/river_water_dataset\2019\images\DJI_1943.JPG,0.08096983485001685,422818,5221920,
data/raw/external/river_water_dataset\2019\images\DJI_1944.JPG,0.14180703649232465,740505,5221920,
data/raw/external/river_water_dataset\2019\images\DJI_1945.JPG,0.11900603609400374,621440,5221920,
data/raw/external/river_water_dataset\2019\images\DJI_1946.JPG,0.1363644023654135,712084,5221920,
data/raw/external/river_water_dataset\2019\images\DJI_1947.JPG,0.18547009529062108,968510,5221920,
data/raw/external/river_water_dataset\2019\images\DJI_1948.JPG,0.1643585118117474,858267,5221920,
data/raw/external/river_water_dataset\2019\images\DJI_1949.JPG,0.05111185157949567,266902,5221920,
data/raw/external/river_water_dataset\2019\images\DJI_1978.JPG,0.0119911833195453,62617,5221920,
data/raw/external/river_water_dataset\2019\images\DJI_1979.JPG,0.010637275178478414,55547,5221920,
data/raw/external/river_water_dataset\2019\images\DJI_1980.JPG,0.011208712504213009,58531,5221920,
data/raw/external/river_water_dataset\2019\images\DJI_1981.JPG,0.01221945184912829,63809,5221920,
data/raw/external/river_water_dataset\2019\images\DJI_1982.JPG,0.012788399669087232,66780,5221920,
data/raw/external/river_water_dataset\2019\images\DJI_1983.JPG,0.012474913441799185,65143,5221920,
data/raw/external/river_water_dataset\2019\images\DJI_1984.JPG,0.011706422158899409,61130,5221920,
data/raw/external/river_water_dataset\2019\images\DJI_1985.JPG,0.013241106719367589,69144,5221920,
data/raw/external/river_water_dataset\2019\images\DJI_1986.JPG,0.1349407880626283,704650,5221920,
data/raw/external/river_water_dataset\2019\images\DJI_1987.JPG,0.2376422848301008,1240949,5221920,
data/raw/external/river_water_dataset\2019\images\DJI_1988.JPG,0.23844103318319698,1245120,5221920,
data/raw/external/river_water_dataset\2019\images\DJI_1989.JPG,0.23691151913472439,1237133,5221920,
data/raw/external/river_water_dataset\2019\images\DJI_1990.JPG,0.11958800594417379,624479,5221920,
data/raw/external/river_water_dataset\2019\images\DJI_1991.JPG,0.1078178141373288,563016,5221920,
data/raw/external/river_water_dataset\2019\images\DJI_1992.JPG,0.10860909397309802,567148,5221920,
data/raw/external/river_water_dataset\2019\images\DJI_1993.JPG,0.09144854766063057,477537,5221920,
data/raw/external/river_water_dataset\2019\images\DJI_1994.JPG,0.028583164812942367,149259,5221920,
data/raw/external/river_water_dataset\2019\images\DJI_2004.JPG,0.010999402518613843,57438,5221920,
data/raw/external/river_water_dataset\2019\images\DJI_2005.JPG,0.08057074792413518,420734,5221920,
data/raw/external/river_water_dataset\2019\images\DJI_2006.JPG,0.07473189937800656,390244,5221920,
data/raw/external/river_water_dataset\2019\images\DJI_2007.JPG,0.09327431289640592,487071,5221920,
data/raw/external/river_water_dataset\2019\images\DJI_2008.JPG,0.09282677635812116,484734,5221920,
data/raw/external/river_water_dataset\2019\images\DJI_2009.JPG,0.15866616110549375,828542,5221920,
data/raw/external/river_water_dataset\2019\images\DJI_2010.JPG,0.2108615221987315,1101102,5221920,
data/raw/external/river_water_dataset\2019\images\DJI_2011.JPG,0.2533165961945032,1322799,5221920,
data/raw/external/river_water_dataset\2019\images\DJI_2012.JPG,0.248708712504213,1298737,5221920,
data/raw/external/river_water_dataset\2019\images\DJI_2013.JPG,0.22139002512485828,1156081,5221920,
data/raw/external/river_water_dataset\2019\images\DJI_2014.JPG,0.21001068572479087,1096659,5221920,
data/raw/external/river_water_dataset\2019\images\DJI_2015.JPG,0.19870411649355027,1037617,5221920,
data/raw/external/river_water_dataset\2019\images\DJI_2016.JPG,0.1395917593528817,728937,5221920,
data/raw/external/river_water_dataset\2019\images\DJI_2017.JPG,0.13557350553053282,707954,5221920,
data/raw/external/river_water_dataset\2019\images\DJI_2018.JPG,0.1346479838833226,703121,5221920,
data/raw/external/river_water_dataset\2019\images\DJI_2019.JPG,0.08899906547783192,464746,5221920,
data/raw/external/river_water_dataset\2019\images\DJI_2020.JPG,0.07981317216655942,416778,5221920,
data/raw/external/river_water_dataset\2019\images\DJI_2021.JPG,0.07865593498176916,410735,5221920,
data/raw/external/river_water_dataset\2019\images\DJI_2022.JPG,0.06639282103134479,346698,5221920,
data/raw/external/river_water_dataset\2019\images\DJI_2023.JPG,0.041790758954560775,218228,5221920,
data/raw/external/river_water_dataset\2019\images\DJI_2024.JPG,0.13069637221558353,682486,5221920,
data/raw/external/river_water_dataset\2019\images\DJI_2025.JPG,0.015226200324784753,79510,5221920,
data/raw/external/river_water_dataset\2019\images\DJI_2026.JPG,0.011110664276741122,58019,5221920,
data/raw/external/river_water_dataset\2019\images\DJI_2037.JPG,0.004901836872261544,25597,5221920,
data/raw/external/river_water_dataset\2019\images\DJI_2038.JPG,0.01721761344486319,89909,5221920,
data/raw/external/river_water_dataset\2019\images\DJI_2039.JPG,0.04455066335753899,232640,5221920,
data/raw/external/river_water_dataset\2019\images\DJI_2040.JPG,0.07642916781566933,399107,5221920,
data/raw/external/river_water_dataset\2019\images\DJI_2041.JPG,0.1722684376627754,899572,5221920,
data/raw/external/river_water_dataset\2019\images\DJI_2042.JPG,0.17207885222293715,898582,5221920,
data/raw/external/river_water_dataset\2019\images\DJI_2043.JPG,0.1833729739252995,957559,5221920,
data/raw/external/river_water_dataset\2019\images\DJI_2044.JPG,0.23951573367650214,1250732,5221920,
data/raw/external/river_water_dataset\2019\images\DJI_2045.JPG,0.2807614823666391,1466114,5221920,
data/raw/external/river_water_dataset\2019\images\DJI_2046.JPG,0.30566496614272143,1596158,5221920,
data/raw/external/river_water_dataset\2019\images\DJI_2047.JPG,0.3520059671538438,1838147,5221920,
data/raw/external/river_water_dataset\2019\images\DJI_2048.JPG,0.37155777951404845,1940245,5221920,
data/raw/external/river_water_dataset\2019\images\DJI_2049.JPG,0.38678666084505314,2019769,5221920,
data/raw/external/river_water_dataset\2019\images\DJI_2050.JPG,0.29709723626558815,1551418,5221920,
data/raw/external/river_water_dataset\2019\images\DJI_2051.JPG,0.19167087967644084,1000890,5221920,
data/raw/external/river_water_dataset\2019\images\DJI_2052.JPG,0.1062015503875969,554576,5221920,
data/raw/external/river_water_dataset\2019\images\DJI_2053.JPG,0.07516507338297025,392506,5221920,
data/raw/external/river_water_dataset\2019\images\DJI_2054.JPG,0.07167344578239422,374273,5221920,
data/raw/external/river_water_dataset\2019\images\DJI_2055.JPG,0.031531697153537395,164656,5221920,
data/raw/external/river_water_dataset\2019\images\DJI_2068.JPG,0.01639990654778319,85639,5221920,
data/raw/external/river_water_dataset\2019\images\DJI_2069.JPG,0.0142575910776113,74452,5221920,
data/raw/external/river_water_dataset\2019\images\DJI_2070.JPG,0.08147156601403316,425438,5221920,
data/raw/external/river_water_dataset\2019\images\DJI_2071.JPG,0.21774175016086036,1137030,5221920,
data/raw/external/river_water_dataset\2019\images\DJI_2072.JPG,0.3121587462082912,1630068,5221920,
data/raw/external/river_water_dataset\2019\images\DJI_2073.JPG,0.34044202132548945,1777761,5221920,
data/raw/external/river_water_dataset\2019\images\DJI_2074.JPG,0.3231389986824769,1687406,5221920,
data/raw/external/river_water_dataset\2019\images\DJI_2075.JPG,0.34285665042742897,1790370,5221920,
data/raw/external/river_water_dataset\2019\images\DJI_2076.JPG,0.35033665778104606,1829430,5221920,
data/raw/external/river_water_dataset\2019\images\DJI_2077.JPG,0.33952722370315896,1772984,5221920,
data/raw/external/river_water_dataset\2019\images\DJI_2078.JPG,0.36072440788062626,1883674,5221920,
data/raw/external/river_water_dataset\2019\images\DJI_2079.JPG,0.3368942840947391,1759235,5221920,
data/raw/external/river_water_dataset\2019\images\DJI_2080.JPG,0.2868496644912216,1497906,5221920,
data/raw/external/river_water_dataset\2019\images\DJI_2081.JPG,0.27379124919569814,1429716,5221920,
data/raw/external/river_water_dataset\2019\images\DJI_2082.JPG,0.2752016499678279,1437081,5221920,
data/raw/external/river_water_dataset\2019\images\DJI_2083.JPG,0.1688156846523884,881542,5221920,
data/raw/external/river_water_dataset\2019\images\DJI_2084.JPG,0.0518757468517327,270891,5221920,
data/raw/external/river_water_dataset\2019\images\DJI_2085.JPG,0.012469742929803598,65116,5221920,
data/raw/external/river_water_dataset\2019\images\DJI_2100.JPG,0.04162262156448203,217350,5221920,
data/raw/external/river_water_dataset\2019\images\DJI_2101.JPG,0.12379335570058522,646439,5221920,
data/raw/external/river_water_dataset\2019\images\DJI_2102.JPG,0.1341625302570702,700586,5221920,
data/raw/external/river_water_dataset\2019\images\DJI_2103.JPG,0.3098737629071299,1618136,5221920,
data/raw/external/river_water_dataset\2019\images\DJI_2104.JPG,0.30506920826056316,1593047,5221920,
data/raw/external/river_water_dataset\2019\images\DJI_2105.JPG,0.31322195667493946,1635620,5221920,
data/raw/external/river_water_dataset\2019\images\DJI_2106.JPG,0.3078005790973435,1607310,5221920,
data/raw/external/river_water_dataset\2019\images\DJI_2107.JPG,0.3137085593038576,1638161,5221920,
data/raw/external/river_water_dataset\2019\images\DJI_2108.JPG,0.3094528449306002,1615938,5221920,
data/raw/external/river_water_dataset\2019\images\DJI_2109.JPG,0.29394762845849803,1534971,5221920,
data/raw/external/river_water_dataset\2019\images\DJI_2110.JPG,0.29964897968563287,1564743,5221920,
data/raw/external/river_water_dataset\2019\images\DJI_2111.JPG,0.2973235897907283,1552600,5221920,
data/raw/external/river_water_dataset\2019\images\DJI_2112.JPG,0.3035756962956154,1585248,5221920,
data/raw/external/river_water_dataset\2019\images\DJI_2113.JPG,0.18738720623831848,978521,5221920,
data/raw/external/river_water_dataset\2019\images\DJI_2114.JPG,0.04007108496491712,209248,5221920,
data/raw/external/river_water_dataset\2019\images\DJI_2130.JPG,0.0016273707755001992,8498,5221920,
data/raw/external/river_water_dataset\2019\images\DJI_2131.JPG,0.0006154824279192328,3214,5221920,
data/raw/external/river_water_dataset\2019\images\DJI_2132.JPG,0.01773160063731348,92593,5221920,
data/raw/external/river_water_dataset\2019\images\DJI_2133.JPG,0.08441339583907835,440800,5221920,
data/raw/external/river_water_dataset\2019\images\DJI_2134.JPG,0.12789050770597787,667834,5221920,
data/raw/external/river_water_dataset\2019\images\DJI_2135.JPG,0.14104812023163893,736542,5221920,
data/raw/external/river_water_dataset\2019\images\DJI_2136.JPG,0.16409021968930967,856866,5221920,
data/raw/external/river_water_dataset\2019\images\DJI_2137.JPG,0.16707609461653952,872458,5221920,
data/raw/external/river_water_dataset\2019\images\DJI_2138.JPG,0.1654286162943898,863855,5221920,
data/raw/external/river_water_dataset\2019\images\DJI_2139.JPG,0.1655689861200478,864588,5221920,
data/raw/external/river_water_dataset\2019\images\DJI_2140.JPG,0.16561896773600515,864849,5221920,
data/raw/external/river_water_dataset\2019\images\DJI_2141.JPG,0.1630210727088887,851283,5221920,
data/raw/external/river_water_dataset\2019\images\DJI_2142.JPG,0.15983718632227226,834657,5221920,
data/raw/external/river_water_dataset\2019\images\DJI_2143.JPG,0.16014703404111896,836275,5221920,
data/raw/external/river_water_dataset\2019\images\DJI_2144.JPG,0.15655850721573675,817536,5221920,
data/raw/external/river_water_dataset\2019\images\DJI_2145.JPG,0.11486445598553789,599813,5221920,
data/raw/external/river_water_dataset\2019\images\DJI_2146.JPG,0.04778625486411128,249536,5221920,
data/raw/external/river_water_dataset\2019\images\DJI_2164.JPG,0.06716361031957595,350723,5221920,
data/raw/external/river_water_dataset\2019\images\DJI_2165.JPG,0.15450485645126696,806812,5221920,
data/raw/external/river_water_dataset\2019\images\DJI_2166.JPG,0.21131212274412475,1103455,5221920,
data/raw/external/river_water_dataset\2019\images\DJI_2167.JPG,0.219498192235806,1146202,5221920,
data/raw/external/river_water_dataset\2019\images\DJI_2168.JPG,0.21416816037013206,1118369,5221920,
data/raw/external/river_water_dataset\2019\images\DJI_2169.JPG,0.22765668566351074,1188805,5221920,
data/raw/external/river_water_dataset\2019\images\DJI_2170.JPG,0.23061575052854122,1204257,5221920,
data/raw/external/river_water_dataset\2019\images\DJI_2171.JPG,0.22278299935655851,1163355,5221920,
data/raw/external/river_water_dataset\2019\images\DJI_2172.JPG,0.23853697490578177,1245621,5221920,
data/raw/external/river_water_dataset\2019\images\DJI_2173.JPG,0.23996920672855962,1253100,5221920,
data/raw/external/river_water_dataset\2019\images\DJI_2174.JPG,0.22940508471979654,1197935,5221920,
data/raw/external/river_water_dataset\2019\images\DJI_2175.JPG,0.19373908447467597,1011690,5221920,
data/raw/external/river_water_dataset\2019\images\DJI_2176.JPG,0.1215150749149738,634542,5221920,
data/raw/external/river_water_dataset\2019\images\DJI_2177.JPG,0.06595983852682538,344437,5221920,
data/raw/external/river_water_dataset\2019\images\DJI_2178.JPG,0.07006560805221068,365877,5221920,
data/raw/external/river_water_dataset\2019\images\DJI_2179.JPG,0.06197011827067439,323603,5221920,
data/raw/external/river_water_dataset\2019\images\DJI_2193.JPG,0.0034280494530747312,17901,5221920,
data/raw/external/river_water_dataset\2019\images\DJI_2194.JPG,0.04680041057695254,244388,5221920,
data/raw/external/river_water_dataset\2019\images\DJI_2195.JPG,0.15340277139442965,801057,5221920,
data/raw/external/river_water_dataset\2019\images\DJI_2196.JPG,0.25574003431687964,1335454,5221920,
data/raw/external/river_water_dataset\2019\images\DJI_2197.JPG,0.27158803658424485,1418211,5221920,
data/raw/external/river_water_dataset\2019\images\DJI_2198.JPG,0.2816222768636823,1470609,5221920,
data/raw/external/river_water_dataset\2019\images\DJI_2199.JPG,0.2832511796427368,1479115,5221920,
data/raw/external/river_water_dataset\2019\images\DJI_2200.JPG,0.29520923338542143,1541559,5221920,
data/raw/external/river_water_dataset\2019\images\DJI_2201.JPG,0.2920496675552287,1525060,5221920,
data/raw/external/river_water_dataset\2019\images\DJI_2202.JPG,0.27662411526794745,1444509,5221920,
data/raw/external/river_water_dataset\2019\images\DJI_2203.JPG,0.2921247357293869,1525452,5221920,
data/raw/external/river_water_dataset\2019\images\DJI_2204.JPG,0.2930295753286148,1530177,5221920,
data/raw/external/river_water_dataset\2019\images\DJI_2205.JPG,0.2671980803995465,1395287,5221920,
data/raw/external/river_water_dataset\2019\images\DJI_2206.JPG,0.2495145463737476,1302945,5221920,
data/raw/external/river_water_dataset\2019\images\DJI_2207.JPG,0.2543269525385299,1328075,5221920,
data/raw/external/river_water_dataset\2019\images\DJI_2208.JPG,0.2533669608113491,1323062,5221920,
data/raw/external/river_water_dataset\2019\images\DJI_2209.JPG,0.2519385589974569,1315603,5221920,
data/raw/external/river_water_dataset\2019\images\DJI_2210.JPG,0.211015871556822,1101908,5221920,
data/raw/external/river_water_dataset\2019\images\DJI_2211.JPG,0.14758498789717192,770677,5221920,
data/raw/external/river_water_dataset\2019\images\DJI_2212.JPG,0.13340265649416308,696618,5221920,
data/raw/external/river_water_dataset\2019\images\DJI_2213.JPG,0.11740796488647853,613095,5221920,
data/raw/external/river_water_dataset\2019\images\DJI_2214.JPG,0.03584543616141189,187182,5221920,
data/raw/external/river_water_dataset\2019\images\DJI_2226.JPG,0.03721791984557404,194349,5221920,
data/raw/external/river_water_dataset\2019\images\DJI_2227.JPG,0.09450680975579863,493507,5221920,
data/raw/external/river_water_dataset\2019\images\DJI_2228.JPG,0.12749103777920764,665748,5221920,
data/raw/external/river_water_dataset\2019\images\DJI_2229.JPG,0.15552938382817047,812162,5221920,
data/raw/external/river_water_dataset\2019\images\DJI_2230.JPG,0.15156283512577748,791449,5221920,
data/raw/external/river_water_dataset\2019\images\DJI_2231.JPG,0.22288985660446733,1163913,5221920,
data/raw/external/river_water_dataset\2019\images\DJI_2232.JPG,0.27222745656769926,1421550,5221920,
data/raw/external/river_water_dataset\2019\images\DJI_2233.JPG,0.26858511811747404,1402530,5221920,
data/raw/external/river_water_dataset\2019\images\DJI_2234.JPG,0.28190665502343965,1472094,5221920,
data/raw/external/river_water_dataset\2019\images\DJI_2235.JPG,0.3061864218524987,1598881,5221920,
data/raw/external/river_water_dataset\2019\images\DJI_2236.JPG,0.29338212764653615,1532018,5221920,
data/raw/external/river_water_dataset\2019\images\DJI_2237.JPG,0.2933082084750437,1531632,5221920,
data/raw/external/river_water_dataset\2019\images\DJI_2238.JPG,0.2872246223611239,1499864,5221920,
data/raw/external/river_water_dataset\2019\images\DJI_2239.JPG,0.2700068174158164,1409954,5221920,
data/raw/external/river_water_dataset\2019\images\DJI_2240.JPG,0.25862671201397186,1350528,5221920,
data/raw/external/river_water_dataset\2019\images\DJI_2241.JPG,0.2605465039678892,1360553,5221920,
data/raw/external/river_water_dataset\2019\images\DJI_2242.JPG,0.2384793332720532,1245320,5221920,
data/raw/external/river_water_dataset\2019\images\DJI_2243.JPG,0.14659914361001317,765529,5221920,
data/raw/external/river_water_dataset\2019\images\DJI_2244.JPG,0.019847297545730305,103641,5221920,
data/raw/external/river_water_dataset\2019\images\DJI_2261.JPG,0.016827718540307013,87873,5221920,
data/raw/external/river_water_dataset\2019\images\DJI_2262.JPG,0.013241872721144713,69148,5221920,
data/raw/external/river_water_dataset\2019\images\DJI_2263.JPG,0.0936590372889665,489080,5221920,
data/raw/external/river_water_dataset\2019\images\DJI_2264.JPG,0.18194438061096302,950099,5221920,
data/raw/external/river_water_dataset\2019\images\DJI_2265.JPG,0.2334306155590281,1218956,5221920,
data/raw/external/river_water_dataset\2019\images\DJI_2266.JPG,0.2168198670220915,1132216,5221920,
data/raw/external/river_water_dataset\2019\images\DJI_2267.JPG,0.23293731041456017,1216380,5221920,
data/raw/external/river_water_dataset\2019\images\DJI_2268.JPG,0.2615465192879248,1365775,5221920,
data/raw/external/river_water_dataset\2019\images\DJI_2269.JPG,0.24796492477862547,1294853,5221920,
data/raw/external/river_water_dataset\2019\images\DJI_2270.JPG,0.27284121549161994,1424755,5221920,
data/raw/external/river_water_dataset\2019\images\DJI_2271.JPG,0.26252336305420226,1370876,5221920,
data/raw/external/river_water_dataset\2019\images\DJI_2272.JPG,0.26235809817078776,1370013,5221920,
data/raw/external/river_water_dataset\2019\images\DJI_2273.JPG,0.22401817722217116,1169805,5221920,
data/raw/external/river_water_dataset\2019\images\DJI_2274.JPG,0.19005021141649048,992427,5221920,
data/raw/external/river_water_dataset\2019\images\DJI_2275.JPG,0.1787108956092778,933214,5221920,
data/raw/external/river_water_dataset\2019\images\DJI_2276.JPG,0.16508506449734964,862061,5221920,
data/raw/external/river_water_dataset\2019\images\DJI_2277.JPG,0.1161969160768453,606771,5221920,
data/raw/external/river_water_dataset\2019\images\DJI_2278.JPG,0.11049058583815914,576973,5221920,
data/raw/external/river_water_dataset\2019\images\DJI_2279.JPG,0.0981232956460459,512392,5221920,
data/raw/external/river_water_dataset\2019\images\DJI_2280.JPG,0.039970547231669575,208723,5221920,
data/raw/external/river_water_dataset\2019\images\DJI_2281.JPG,0.012621794282562736,65910,5221920,
data/raw/external/river_water_dataset\2019\images\DJI_2284.JPG,0.01291057695253853,67418,5221920,
data/raw/external/river_water_dataset\2019\images\DJI_2285.JPG,0.034320518123602047,179219,5221920,
data/raw/external/river_water_dataset\2019\images\DJI_2286.JPG,0.023588258724760242,123176,5221920,
data/raw/external/river_water_dataset\2019\images\DJI_2287.JPG,0.028318894199834542,147879,5221920,
data/raw/external/river_water_dataset\2019\images\DJI_2289.JPG,0.04501754144069614,235078,5221920,
data/raw/external/river_water_dataset\2019\images\DJI_2290.JPG,0.039797430830039525,207819,5221920,
data/raw/external/river_water_dataset\2019\images\DJI_2291.JPG,0.042951634647792385,224290,5221920,
data/raw/external/river_water_dataset\2019\images\DJI_2292.JPG,0.10237403100775194,534589,5221920,
data/raw/external/river_water_dataset\2019\images\DJI_2293.JPG,0.11853245549529674,618967,5221920,
data/raw/external/river_water_dataset\2019\images\DJI_2294.JPG,0.184030203450072,960991,5221920,
data/raw/external/river_water_dataset\2019\images\DJI_2295.JPG,0.1928122223243558,1006850,5221920,
data/raw/external/river_water_dataset\2019\images\DJI_2296.JPG,0.1975014937034654,1031337,5221920,
data/raw/external/river_water_dataset\2019\images\DJI_2297.JPG,0.20547193369488617,1072958,5221920,
data/raw/external/river_water_dataset\2019\images\DJI_2298.JPG,0.20227617428072434,1056270,5221920,
data/raw/external/river_water_dataset\2019\images\DJI_2299.JPG,0.2112058399975488,1102900,5221920,
data/raw/external/river_water_dataset\2019\images\DJI_2300.JPG,0.21584991727180808,1127151,5221920,
data/raw/external/river_water_dataset\2019\images\DJI_2301.JPG,0.13985200845665963,730296,5221920,
data/raw/external/river_water_dataset\2019\images\DJI_2302.JPG,0.10915257223396758,569986,5221920,
data/raw/external/river_water_dataset\2019\images\DJI_2303.JPG,0.0522886218096026,273047,5221920,
data/raw/external/river_water_dataset\2019\images\DJI_2304.JPG,0.02329449704323314,121642,5221920,
data/raw/external/river_water_dataset\2019\images\DJI_2305.JPG,0.01947616968471367,101703,5221920,
data/raw/external/river_water_dataset\2019\images\DJI_2328.JPG,0.03569012930109998,186371,5221920,
data/raw/external/river_water_dataset\2019\images\DJI_2329.JPG,0.15049943315868491,785896,5221920,
data/raw/external/river_water_dataset\2019\images\DJI_2330.JPG,0.23221228973251218,1212594,5221920,
data/raw/external/river_water_dataset\2019\images\DJI_2331.JPG,0.10479114961546711,547211,5221920,
data/raw/external/river_water_dataset\2019\images\DJI_2332.JPG,0.09619546067346876,502325,5221920,
data/raw/external/river_water_dataset\2019\images\DJI_2333.JPG,0.10887393908753869,568531,5221920,
data/raw/external/river_water_dataset\2019\images\DJI_2334.JPG,0.10119036676165089,528408,5221920,
data/raw/external/river_water_dataset\2019\images\DJI_2335.JPG,0.10451826148236663,545786,5221920,
data/raw/external/river_water_dataset\2019\images\DJI_2336.JPG,0.10633215369059656,555258,5221920,
data/raw/external/river_water_dataset\2019\images\DJI_2337.JPG,0.1000706636639397,522561,5221920,
data/raw/external/river_water_dataset\2019\images\DJI_2338.JPG,0.10037840487789931,524168,5221920,
data/raw/external/river_water_dataset\2019\images\DJI_2339.JPG,0.09892108649692068,516558,5221920,
data/raw/external/river_water_dataset\2019\images\DJI_2340.JPG,0.10187383184728989,531977,5221920,
data/raw/external/river_water_dataset\2019\images\DJI_2341.JPG,0.07827963660875693,408770,5221920,
data/raw/external/river_water_dataset\2019\images\DJI_2342.JPG,0.007459708306523271,38954,5221920,
data/raw/external/river_water_dataset\2019\images\DJI_2344.JPG,0.03545611575818856,185149,5221920,
data/raw/external/river_water_dataset\2019\images\DJI_2345.JPG,0.05470420841376352,285661,5221920,
data/raw/external/river_water_dataset\2019\images\DJI_2346.JPG,0.0666400481049116,347989,5221920,
data/raw/external/river_water_dataset\2019\images\DJI_2347.JPG,0.0741539510371664,387226,5221920,
data/raw/external/river_water_dataset\2019\images\DJI_2348.JPG,0.07491631430584919,391207,5221920,
data/raw/external/river_water_dataset\2019\images\DJI_2349.JPG,0.004614777706284279,24098,5221920,
data/raw/external/river_water_dataset\2019\images\DJI_2350.JPG,0.04806086650121028,250970,5221920,
data/raw/external/river_water_dataset\2019\images\DJI_2351.JPG,0.1527064757790238,797421,5221920,
data/raw/external/river_water_dataset\2019\images\DJI_2352.JPG,0.19691052333241413,1028251,5221920,
data/raw/external/river_water_dataset\2019\images\DJI_2353.JPG,0.19931825841835954,1040824,5221920,
data/raw/external/river_water_dataset\2019\images\DJI_2354.JPG,0.18860419156172442,984876,5221920,
data/raw/external/river_water_dataset\2019\images\DJI_2355.JPG,0.18954790575114133,989804,5221920,
data/raw/external/river_water_dataset\2019\images\DJI_2356.JPG,0.20243377914636762,1057093,5221920,
data/raw/external/river_water_dataset\2019\images\DJI_2357.JPG,0.199404433618286,1041274,5221920,
data/raw/external/river_water_dataset\2019\images\DJI_2358.JPG,0.1988693813769648,1038480,5221920,
data/raw/external/river_water_dataset\2019\images\DJI_2359.JPG,0.20130718203266232,1051210,5221920,
data/raw/external/river_water_dataset\2019\images\DJI_2360.JPG,0.18762275178478413,979751,5221920,
data/raw/external/river_water_dataset\2019\images\DJI_2361.JPG,0.18830602536997887,983319,5221920,
data/raw/external/river_water_dataset\2019\images\DJI_2362.JPG,0.1012709884486932,528829,5221920,
data/raw/external/river_water_dataset\2019\images\DJI_2363.JPG,0.012720608511811747,66426,5221920,
data/raw/external/river_water_dataset\2019\images\DJI_2386.JPG,0.008984243343444557,46915,5221920,
data/raw/external/river_water_dataset\2019\images\DJI_2387.JPG,0.1075250099580231,561487,5221920,
data/raw/external/river_water_dataset\2019\images\DJI_2388.JPG,0.2388820587063762,1247423,5221920,
data/raw/external/river_water_dataset\2019\images\DJI_2389.JPG,0.25473178447774,1330189,5221920,
data/raw/external/river_water_dataset\2019\images\DJI_2390.JPG,0.2575420534975641,1344864,5221920,
data/raw/external/river_water_dataset\2019\images\DJI_2391.JPG,0.2518485537886448,1315133,5221920,
data/raw/external/river_water_dataset\2019\images\DJI_2392.JPG,0.262291456016178,1369665,5221920,
data/raw/external/river_water_dataset\2019\images\DJI_2393.JPG,0.2586872261543647,1350844,5221920,
data/raw/external/river_water_dataset\2019\images\DJI_2394.JPG,0.2559367052731562,1336481,5221920,
data/raw/external/river_water_dataset\2019\images\DJI_2395.JPG,0.2577703220271471,1346056,5221920,
data/raw/external/river_water_dataset\2019\images\DJI_2396.JPG,0.2615470937892576,1365778,5221920,
data/raw/external/river_water_dataset\2019\images\DJI_2397.JPG,0.2560320724944082,1336979,5221920,
data/raw/external/river_water_dataset\2019\images\DJI_2398.JPG,0.2546549927995833,1329788,5221920,
data/raw/external/river_water_dataset\2019\images\DJI_2399.JPG,0.18799100713913655,981674,5221920,
data/raw/external/river_water_dataset\2019\images\DJI_2400.JPG,0.05875884732052578,306834,5221920,
data/raw/external/river_water_dataset\2019\images\DJI_2401.JPG,0.003164544841744033,16525,5221920,
data/raw/external/river_water_dataset\2019\images\DJI_2403.JPG,0.03398156233722462,177449,5221920,
data/raw/external/river_water_dataset\2019\images\DJI_2404.JPG,0.06355172043999142,331862,5221920,
data/raw/external/river_water_dataset\2019\images\DJI_2405.JPG,0.0726487575451175,379366,5221920,
data/raw/external/river_water_dataset\2019\images\DJI_2406.JPG,0.054467705365076446,284426,5221920,
data/raw/external/river_water_dataset\2019\images\DJI_2407.JPG,0.05169056592211294,269924,5221920,
data/raw/external/river_water_dataset\2019\images\DJI_2408.JPG,0.004787511107025768,25000,5221920,
data/raw/external/river_water_dataset\2019\images\DJI_2410.JPG,0.1290925559947299,674111,5221920,
data/raw/external/river_water_dataset\2019\images\DJI_2411.JPG,0.2758969880810124,1440712,5221920,
data/raw/external/river_water_dataset\2019\images\DJI_2412.JPG,0.2427273876275393,1267503,5221920,
data/raw/external/river_water_dataset\2019\images\DJI_2413.JPG,0.24574313662407696,1283251,5221920,
data/raw/external/river_water_dataset\2019\images\DJI_2414.JPG,0.2504437065293991,1307797,5221920,
data/raw/external/river_water_dataset\2019\images\DJI_2415.JPG,0.2479505622453044,1294778,5221920,
data/raw/external/river_water_dataset\2019\images\DJI_2416.JPG,0.24517380580322945,1280278,5221920,
data/raw/external/river_water_dataset\2019\images\DJI_2417.JPG,0.28863329962925516,1507220,5221920,
data/raw/external/river_water_dataset\2019\images\DJI_2418.JPG,0.2901319821061985,1515046,5221920,
data/raw/external/river_water_dataset\2019\images\DJI_2419.JPG,0.24137788399669088,1260456,5221920,
data/raw/external/river_water_dataset\2019\images\DJI_2420.JPG,0.24556982872200264,1282346,5221920,
data/raw/external/river_water_dataset\2019\images\DJI_2421.JPG,0.2447726123724607,1278183,5221920,
data/raw/external/river_water_dataset\2019\images\DJI_2422.JPG,0.19876252412905598,1037922,5221920,
data/raw/external/river_water_dataset\2019\images\DJI_2423.JPG,0.16321506265894536,852296,5221920,
data/raw/external/river_water_dataset\2019\images\DJI_2445.JPG,0.0638477801268499,333408,5221920,
data/raw/external/river_water_dataset\2019\images\DJI_2446.JPG,0.13458919324692833,702814,5221920,
data/raw/external/river_water_dataset\2019\images\DJI_2447.JPG,0.18169428103073199,948793,5221920,
data/raw/external/river_water_dataset\2019\images\DJI_2448.JPG,0.19767288660109691,1032232,5221920,
data/raw/external/river_water_dataset\2019\images\DJI_2449.JPG,0.2028267380580323,1059145,5221920,
data/raw/external/river_water_dataset\2019\images\DJI_2450.JPG,0.20555466188681557,1073390,5221920,
data/raw/external/river_water_dataset\2019\images\DJI_2451.JPG,0.21746924502864848,1135607,5221920,
data/raw/external/river_water_dataset\2019\images\DJI_2452.JPG,0.21414786132303826,1118263,5221920,
data/raw/external/river_water_dataset\2019\images\DJI_2453.JPG,0.20212239942396668,1055467,5221920,
data/raw/external/river_water_dataset\2019\images\DJI_2454.JPG,0.22174085393878115,1157913,5221920,
data/raw/external/river_water_dataset\2019\images\DJI_2455.JPG,0.2512847764806814,1312189,5221920,
data/raw/external/river_water_dataset\2019\images\DJI_2456.JPG,0.2404762999050158,1255748,5221920,
data/raw/external/river_water_dataset\2019\images\DJI_2457.JPG,0.22706916230045654,1185737,5221920,
data/raw/external/river_water_dataset\2019\images\DJI_2458.JPG,0.17761187455954897,927475,5221920,
data/raw/external/river_water_dataset\2019\images\DJI_2459.JPG,0.08684525998100316,453499,5221920,
data/raw/external/river_water_dataset\2019\images\DJI_2460.JPG,0.006913740539878053,36103,5221920,
data/raw/external/river_water_dataset\2019\images\DJI_2475.JPG,0.048416865827128716,252829,5221920,
data/raw/external/river_water_dataset\2019\images\DJI_2476.JPG,0.14969781229892454,781710,5221920,
data/raw/external/river_water_dataset\2019\images\DJI_2477.JPG,0.27893648313264086,1456584,5221920,
data/raw/external/river_water_dataset\2019\images\DJI_2478.JPG,0.3316935150289549,1732077,5221920,
data/raw/external/river_water_dataset\2019\images\DJI_2479.JPG,0.3509871847902687,1832827,5221920,
data/raw/external/river_water_dataset\2019\images\DJI_2480.JPG,0.45968609247173453,2400444,5221920,
data/raw/external/river_water_dataset\2019\images\DJI_2481.JPG,0.4859120783160217,2537394,5221920,
data/raw/external/river_water_dataset\2019\images\DJI_2482.JPG,0.48411082513711434,2527988,5221920,
data/raw/external/river_water_dataset\2019\images\DJI_2483.JPG,0.473219428869075,2471114,5221920,
data/raw/external/river_water_dataset\2019\images\DJI_2484.JPG,0.4175640377485676,2180486,5221920,
data/raw/external/river_water_dataset\2019\images\DJI_2485.JPG,0.39919991114379383,2084590,5221920,
data/raw/external/river_water_dataset\2019\images\DJI_2486.JPG,0.3909249854459662,2041379,5221920,
data/raw/external/river_water_dataset\2019\images\DJI_2487.JPG,0.27938478567270275,1458925,5221920,
data/raw/external/river_water_dataset\2019\images\DJI_2488.JPG,0.12777158593007937,667213,5221920,
data/raw/external/river_water_dataset\2019\images\DJI_2489.JPG,0.09315960413028158,486472,5221920,
data/raw/external/river_water_dataset\2019\images\DJI_2490.JPG,0.08627803566504275,450537,5221920,
data/raw/external/river_water_dataset\2019\images\DJI_2491.JPG,0.054817002175445044,286250,5221920,
data/raw/external/river_water_dataset\2019\images\DJI_2492.JPG,0.07364455985537886,384566,5221920,
data/raw/external/river_water_dataset\2019\images\DJI_2493.JPG,0.07895352667218188,412289,5221920,
data/raw/external/river_water_dataset\2019\images\DJI_2494.JPG,0.07711665441063824,402697,5221920,
data/raw/external/river_water_dataset\2019\images\DJI_2495.JPG,0.07572099917271809,395409,5221920,
data/raw/external/river_water_dataset\2019\images\DJI_2496.JPG,0.03831962190152281,200102,5221920,
data/raw/external/river_water_dataset\2019\images\DJI_2497.JPG,0.08261348316328093,431401,5221920,
data/raw/external/river_water_dataset\2019\images\DJI_2498.JPG,0.1818850154732359,949789,5221920,
data/raw/external/river_water_dataset\2019\images\DJI_2499.JPG,0.24474982381959126,1278064,5221920,
data/raw/external/river_water_dataset\2019\images\DJI_2500.JPG,0.25519042804179304,1332584,5221920,
data/raw/external/river_water_dataset\2019\images\DJI_2501.JPG,0.26117998743757087,1363861,5221920,
data/raw/external/river_water_dataset\2019\images\DJI_2502.JPG,0.3365055381928486,1757205,5221920,
data/raw/external/river_water_dataset\2019\images\DJI_2503.JPG,0.3785950378404878,1976993,5221920,
data/raw/external/river_water_dataset\2019\images\DJI_2504.JPG,0.38987383950730764,2035890,5221920,
data/raw/external/river_water_dataset\2019\images\DJI_2505.JPG,0.432055450868646,2256159,5221920,
data/raw/external/river_water_dataset\2019\images\DJI_2506.JPG,0.4309008946900757,2250130,5221920,
data/raw/external/river_water_dataset\2019\images\DJI_2507.JPG,0.4501761804087385,2350784,5221920,
data/raw/external/river_water_dataset\2019\images\DJI_2508.JPG,0.4438084076355057,2317532,5221920,
data/raw/external/river_water_dataset\2019\images\DJI_2509.JPG,0.4447894644115574,2322655,5221920,
data/raw/external/river_water_dataset\2019\images\DJI_2510.JPG,0.35330663817140057,1844939,5221920,
data/raw/external/river_water_dataset\2019\images\DJI_2511.JPG,0.1776187685755431,927511,5221920,
data/raw/external/river_water_dataset\2019\images\DJI_2512.JPG,0.06511034255599472,340001,5221920,
data/raw/external/river_water_dataset\2019\images\DJI_2540.JPG,0.03993473664858903,208536,5221920,
data/raw/external/river_water_dataset\2019\images\DJI_2541.JPG,0.1666157275484879,870054,5221920,
data/raw/external/river_water_dataset\2019\images\DJI_2542.JPG,0.31925288016668196,1667113,5221920,
data/raw/external/river_water_dataset\2019\images\DJI_2543.JPG,0.3569045485185526,1863727,5221920,
data/raw/external/river_water_dataset\2019\images\DJI_2544.JPG,0.3760074838373625,1963481,5221920,
data/raw/external/river_water_dataset\2019\images\DJI_2545.JPG,0.41086918221650276,2145526,5221920,
data/raw/external/river_water_dataset\2019\images\DJI_2546.JPG,0.41552398351564174,2169833,5221920,
data/raw/external/river_water_dataset\2019\images\DJI_2547.JPG,0.4157639335723259,2171086,5221920,
data/raw/external/river_water_dataset\2019\images\DJI_2548.JPG,0.4126909259429482,2155039,5221920,
data/raw/external/river_water_dataset\2019\images\DJI_2549.JPG,0.3818593544137022,1994039,5221920,
data/raw/external/river_water_dataset\2019\images\DJI_2550.JPG,0.35590951221006834,1858531,5221920,
data/raw/external/river_water_dataset\2019\images\DJI_2551.JPG,0.357775684039587,1868276,5221920,
data/raw/external/river_water_dataset\2019\images\DJI_2552.JPG,0.3370413564359469,1760003,5221920,
data/raw/external/river_water_dataset\2019\images\DJI_2553.JPG,0.23237391610748537,1213438,5221920,
data/raw/external/river_water_dataset\2019\images\DJI_2554.JPG,0.09898811165241904,516908,5221920,
data/raw/external/river_water_dataset\2019\images\DJI_2555.JPG,0.06338913656279682,331013,5221920,
data/raw/external/river_water_dataset\2019\images\DJI_2556.JPG,0.08006844225878604,418111,5221920,
data/raw/external/river_water_dataset\2019\images\DJI_2557.JPG,0.04772612372460704,249222,5221920,
data/raw/external/river_water_dataset\2019\images\DJI_2558.JPG,0.022995947850599014,120083,5221920,
data/raw/external/river_water_dataset\2019\images\DJI_2559.JPG,0.015415785764622974,80500,5221920,
data/raw/external/river_water_dataset\2019\images\DJI_2560.JPG,0.01259306921592058,65760,5221920,
data/raw/external/river_water_dataset\2019\images\DJI_2561.JPG,0.0074284937341054635,38791,5221920,
data/raw/external/river_water_dataset\2019\images\DJI_2562.JPG,0.011998077335539419,62653,5221920,
data/raw/external/river_water_dataset\2019\images\DJI_2563.JPG,0.08935276679841897,466593,5221920,
data/raw/external/river_water_dataset\2019\images\DJI_2564.JPG,0.22062459784906702,1152084,5221920,
data/raw/external/river_water_dataset\2019\images\DJI_2565.JPG,0.25001493703465394,1305558,5221920,
data/raw/external/river_water_dataset\2019\images\DJI_2566.JPG,0.2473630388822502,1291710,5221920,
data/raw/external/river_water_dataset\2019\images\DJI_2567.JPG,0.26883943070747923,1403858,5221920,
data/raw/external/river_water_dataset\2019\images\DJI_2568.JPG,0.3422206774519717,1787049,5221920,
data/raw/external/river_water_dataset\2019\images\DJI_2569.JPG,0.3548271516989919,1852879,5221920,
data/raw/external/river_water_dataset\2019\images\DJI_2570.JPG,0.34468356466587,1799910,5221920,
data/raw/external/river_water_dataset\2019\images\DJI_2571.JPG,0.3690408891748629,1927102,5221920,
data/raw/external/river_water_dataset\2019\images\DJI_2572.JPG,0.43678972485216166,2280881,5221920,
data/raw/external/river_water_dataset\2019\images\DJI_2573.JPG,0.3757705977877869,1962244,5221920,
data/raw/external/river_water_dataset\2019\images\DJI_2574.JPG,0.37698624260808283,1968592,5221920,
data/raw/external/river_water_dataset\2019\images\DJI_2575.JPG,0.3699855608665012,1932035,5221920,
data/raw/external/river_water_dataset\2019\images\DJI_2576.JPG,0.3696988847014125,1930538,5221920,
data/raw/external/river_water_dataset\2019\images\DJI_2577.JPG,0.3650368063853908,1906193,5221920,
data/raw/external/river_water_dataset\2019\images\DJI_2578.JPG,0.29525270398627323,1541786,5221920,
data/raw/external/river_water_dataset\2019\images\DJI_2579.JPG,0.14287235346386004,746068,5221920,
data/raw/external/river_water_dataset\2019\images\DJI_2580.JPG,0.04054064405429421,211700,5221920,
data/raw/external/river_water_dataset\2019\images\DJI_2581.JPG,0.003500628121457242,18280,5221920,
data/raw/external/river_water_dataset\2019\images\DJI_2606.JPG,0.050829005423292585,265425,5221920,
data/raw/external/river_water_dataset\2019\images\DJI_2607.JPG,0.19497541134295432,1018146,5221920,
data/raw/external/river_water_dataset\2019\images\DJI_2608.JPG,0.3094947835278978,1616157,5221920,
data/raw/external/river_water_dataset\2019\images\DJI_2609.JPG,0.3439447559518338,1796052,5221920,
data/raw/external/river_water_dataset\2019\images\DJI_2610.JPG,0.341914276741122,1785449,5221920,
data/raw/external/river_water_dataset\2019\images\DJI_2611.JPG,0.3907809771118669,2040627,5221920,
data/raw/external/river_water_dataset\2019\images\DJI_2612.JPG,0.4056184315347612,2118107,5221920,
data/raw/external/river_water_dataset\2019\images\DJI_2613.JPG,0.40314328829242885,2105182,5221920,
data/raw/external/river_water_dataset\2019\images\DJI_2614.JPG,0.40449374942549865,2112234,5221920,
data/raw/external/river_water_dataset\2019\images\DJI_2615.JPG,0.4015519196004535,2096872,5221920,
data/raw/external/river_water_dataset\2019\images\DJI_2616.JPG,0.39168773171553756,2045362,5221920,
data/raw/external/river_water_dataset\2019\images\DJI_2617.JPG,0.3728492585102797,1946989,5221920,
data/raw/external/river_water_dataset\2019\images\DJI_2618.JPG,0.374250467261084,1954306,5221920,
data/raw/external/river_water_dataset\2019\images\DJI_2619.JPG,0.36001413273278793,1879965,5221920,
data/raw/external/river_water_dataset\2019\images\DJI_2620.JPG,0.35221968164966144,1839263,5221920,
data/raw/external/river_water_dataset\2019\images\DJI_2621.JPG,0.33446280295370284,1746538,5221920,
data/raw/external/river_water_dataset\2019\images\DJI_2622.JPG,0.19067048135551676,995666,5221920,
data/raw/external/river_water_dataset\2019\images\DJI_2623.JPG,0.05788120078438582,302251,5221920,
data/raw/external/river_water_dataset\2019\images\DJI_2624.JPG,0.0267798051291479,139842,5221920,
data/raw/external/river_water_dataset\2019\images\DJI_2625.JPG,0.018102728498330115,94531,5221920,
data/raw/external/river_water_dataset\2019\images\DJI_2626.JPG,0.021528862946962036,112422,5221920,
data/raw/external/river_water_dataset\2019\images\DJI_2629.JPG,0.00534152189233079,27893,5221920,
data/raw/external/river_water_dataset\2019\images\DJI_2630.JPG,0.004517878481478077,23592,5221920,
data/raw/external/river_water_dataset\2019\images\DJI_2633.JPG,0.022376443913349878,116848,5221920,
data/raw/external/river_water_dataset\2019\images\DJI_2634.JPG,0.12634280111529858,659752,5221920,
data/raw/external/river_water_dataset\2019\images\DJI_2635.JPG,0.2526379186199712,1319255,5221920,
data/raw/external/river_water_dataset\2019\images\DJI_2636.JPG,0.299614318105218,1564562,5221920,
data/raw/external/river_water_dataset\2019\images\DJI_2637.JPG,0.3184187042313938,1662757,5221920,
data/raw/external/river_water_dataset\2019\images\DJI_2638.JPG,0.3743577075098814,1954866,5221920,
data/raw/external/river_water_dataset\2019\images\DJI_2639.JPG,0.38315964243037043,2000829,5221920,
data/raw/external/river_water_dataset\2019\images\DJI_2640.JPG,0.38354685632870666,2002851,5221920,
data/raw/external/river_water_dataset\2019\images\DJI_2641.JPG,0.4082310720960873,2131750,5221920,
data/raw/external/river_water_dataset\2019\images\DJI_2642.JPG,0.4133822425468027,2158649,5221920,
data/raw/external/river_water_dataset\2019\images\DJI_2643.JPG,0.41226694395930996,2152825,5221920,
data/raw/external/river_water_dataset\2019\images\DJI_2644.JPG,0.41450022214051535,2164487,5221920,
data/raw/external/river_water_dataset\2019\images\DJI_2645.JPG,0.4172283374697429,2178733,5221920,
data/raw/external/river_water_dataset\2019\images\DJI_2646.JPG,0.4088670450715446,2135071,5221920,
data/raw/external/river_water_dataset\2019\images\DJI_2647.JPG,0.41125697061617184,2147551,5221920,
data/raw/external/river_water_dataset\2019\images\DJI_2648.JPG,0.4048526212580813,2114108,5221920,
data/raw/external/river_water_dataset\2019\images\DJI_2649.JPG,0.316623962067592,1653385,5221920,
data/raw/external/river_water_dataset\2019\images\DJI_2650.JPG,0.13004910071391365,679106,5221920,
data/raw/external/river_water_dataset\2019\images\DJI_2651.JPG,0.002884188191316604,15061,5221920,
data/raw/external/river_water_dataset\2019\images\DJI_2675.JPG,0.05277733094340779,275599,5221920,
data/raw/external/river_water_dataset\2019\images\DJI_2676.JPG,0.19568357998590558,1021844,5221920,
data/raw/external/river_water_dataset\2019\images\DJI_2677.JPG,0.2458852299537335,1283993,5221920,
data/raw/external/river_water_dataset\2019\images\DJI_2678.JPG,0.2771538054968288,1447275,5221920,
data/raw/external/river_water_dataset\2019\images\DJI_2679.JPG,0.43256292704599075,2258809,5221920,
data/raw/external/river_water_dataset\2019\images\DJI_2680.JPG,0.46312544045102183,2418404,5221920,
data/raw/external/river_water_dataset\2019\images\DJI_2681.JPG,0.4614388960382388,2409597,5221920,
data/raw/external/river_water_dataset\2019\images\DJI_2682.JPG,0.4604785213101694,2404582,5221920,
data/raw/external/river_water_dataset\2019\images\DJI_2683.JPG,0.45862154150197626,2394885,5221920,
data/raw/external/river_water_dataset\2019\images\DJI_2684.JPG,0.44601487575451176,2329054,5221920,
data/raw/external/river_water_dataset\2019\images\DJI_2685.JPG,0.44302038330728927,2313417,5221920,
data/raw/external/river_water_dataset\2019\images\DJI_2686.JPG,0.4280295370285259,2235136,5221920,
data/raw/external/river_water_dataset\2019\images\DJI_2687.JPG,0.41736143027851824,2179428,5221920,
data/raw/external/river_water_dataset\2019\images\DJI_2688.JPG,0.8844930600238993,4618752,5221920,
data/raw/external/river_water_dataset\2019\images\DJI_2689.JPG,0.3897478322149707,2035232,5221920,
data/raw/external/river_water_dataset\2019\images\DJI_2690.JPG,0.24627818886539818,1286045,5221920,
data/raw/external/river_water_dataset\2019\images\DJI_2691.JPG,0.08505990133897111,444176,5221920,
data/raw/external/river_water_dataset\2019\images\DJI_2692.JPG,0.01190347611606459,62159,5221920,
data/raw/external/river_water_dataset\2019\images\DJI_2701.JPG,0.04757962588473205,248457,5221920,
data/raw/external/river_water_dataset\2019\images\DJI_2702.JPG,0.20936379722400955,1093281,5221920,
data/raw/external/river_water_dataset\2019\images\DJI_2703.JPG,0.29981979808193154,1565635,5221920,
data/raw/external/river_water_dataset\2019\images\DJI_2704.JPG,0.3088283619817998,1612677,5221920,
data/raw/external/river_water_dataset\2019\images\DJI_2705.JPG,0.4057976759506082,2119043,5221920,
data/raw/external/river_water_dataset\2019\images\DJI_2706.JPG,0.48487969942090264,2532003,5221920,
data/raw/external/river_water_dataset\2019\images\DJI_2707.JPG,0.4896097603946441,2556703,5221920,
data/raw/external/river_water_dataset\2019\images\DJI_2708.JPG,0.4935734365903729,2577401,5221920,
data/raw/external/river_water_dataset\2019\images\DJI_2709.JPG,0.48597603946441154,2537728,5221920,
data/raw/external/river_water_dataset\2019\images\DJI_2710.JPG,0.4916850507093177,2567540,5221920,
data/raw/external/river_water_dataset\2019\images\DJI_2711.JPG,0.4911930860679597,2564971,5221920,
data/raw/external/river_water_dataset\2019\images\DJI_2712.JPG,0.4902629684100867,2560114,5221920,
data/raw/external/river_water_dataset\2019\images\DJI_2713.JPG,0.47104321782026537,2459750,5221920,
data/raw/external/river_water_dataset\2019\images\DJI_2714.JPG,0.4676546174587125,2442055,5221920,
data/raw/external/river_water_dataset\2019\images\DJI_2715.JPG,0.4631771455709777,2418674,5221920,
data/raw/external/river_water_dataset\2019\images\DJI_2716.JPG,0.3867108266691179,2019373,5221920,
data/raw/external/river_water_dataset\2019\images\DJI_2717.JPG,0.2096024067775837,1094527,5221920,
data/raw/external/river_water_dataset\2019\images\DJI_2718.JPG,0.0483130725863284,252287,5221920,
data/raw/external/river_water_dataset\2019\images\DJI_2742.JPG,0.020436352912338758,106717,5221920,
data/raw/external/river_water_dataset\2019\images\DJI_2743.JPG,0.18288311578882863,955001,5221920,
data/raw/external/river_water_dataset\2019\images\DJI_2744.JPG,0.28200087324202594,1472586,5221920,
data/raw/external/river_water_dataset\2019\images\DJI_2745.JPG,0.28854118791555594,1506739,5221920,
data/raw/external/river_water_dataset\2019\images\DJI_2746.JPG,0.41212982964120476,2152109,5221920,
data/raw/external/river_water_dataset\2019\images\DJI_2747.JPG,0.5333312268284462,2785013,5221920,
data/raw/external/river_water_dataset\2019\images\DJI_2748.JPG,0.5219549514354873,2725607,5221920,
data/raw/external/river_water_dataset\2019\images\DJI_2749.JPG,0.5297511260226123,2766318,5221920,
data/raw/external/river_water_dataset\2019\images\DJI_2750.JPG,0.5139716809142997,2683919,5221920,
data/raw/external/river_water_dataset\2019\images\DJI_2751.JPG,0.5102157827006158,2664306,5221920,
data/raw/external/river_water_dataset\2019\images\DJI_2752.JPG,0.502185977571468,2622375,5221920,
data/raw/external/river_water_dataset\2019\images\DJI_2753.JPG,0.49810452860250637,2601062,5221920,
data/raw/external/river_water_dataset\2019\images\DJI_2754.JPG,0.48097117535312683,2511593,5221920,
data/raw/external/river_water_dataset\2019\images\DJI_2755.JPG,0.47451014186352913,2477854,5221920,
data/raw/external/river_water_dataset\2019\images\DJI_2756.JPG,0.4785567377516316,2498985,5221920,
data/raw/external/river_water_dataset\2019\images\DJI_2757.JPG,0.4110974507460857,2146718,5221920,
data/raw/external/river_water_dataset\2019\images\DJI_2758.JPG,0.22323589790728315,1165720,5221920,
data/raw/external/river_water_dataset\2019\images\DJI_2759.JPG,0.07925992738303153,413889,5221920,
data/raw/external/river_water_dataset\2019\images\DJI_2760.JPG,0.04091904893219352,213676,5221920,
data/raw/external/river_water_dataset\2019\images\DJI_2761.JPG,0.04134417991849741,215896,5221920,
data/raw/external/river_water_dataset\2019\images\DJI_2773.JPG,0.015555964089836689,81232,5221920,
data/raw/external/river_water_dataset\2019\images\DJI_2774.JPG,0.11091935533290437,579212,5221920,
data/raw/external/river_water_dataset\2019\images\DJI_2775.JPG,0.26499697429298036,1383793,5221920,
data/raw/external/river_water_dataset\2019\images\DJI_2776.JPG,0.36638133100468795,1913214,5221920,
data/raw/external/river_water_dataset\2019\images\DJI_2777.JPG,0.3981234871464902,2078969,5221920,
data/raw/external/river_water_dataset\2019\images\DJI_2778.JPG,0.452517847841407,2363012,5221920,
data/raw/external/river_water_dataset\2019\images\DJI_2779.JPG,0.5023541149615467,2623253,5221920,
data/raw/external/river_water_dataset\2019\images\DJI_2780.JPG,0.5012817124735729,2617653,5221920,
data/raw/external/river_water_dataset\2019\images\DJI_2781.JPG,0.49707502221405153,2595686,5221920,
data/raw/external/river_water_dataset\2019\images\DJI_2782.JPG,0.5012108573091889,2617283,5221920,
data/raw/external/river_water_dataset\2019\images\DJI_2783.JPG,0.48962373992707664,2556776,5221920,
data/raw/external/river_water_dataset\2019\images\DJI_2784.JPG,0.5066515764316574,2645694,5221920,
data/raw/external/river_water_dataset\2019\images\DJI_2785.JPG,0.5076672947881239,2650998,5221920,
data/raw/external/river_water_dataset\2019\images\DJI_2786.JPG,0.4469876980114594,2334134,5221920,
data/raw/external/river_water_dataset\2019\images\DJI_2787.JPG,0.37505189662040017,1958491,5221920,
data/raw/external/river_water_dataset\2019\images\DJI_2788.JPG,0.3704581839629868,1934503,5221920,
data/raw/external/river_water_dataset\2019\images\DJI_2789.JPG,0.2427021095688942,1267371,5221920,
data/raw/external/river_water_dataset\2019\images\DJI_2790.JPG,0.1163179443576309,607403,5221920,
data/raw/external/river_water_dataset\2019\images\DJI_2791.JPG,0.1045155804761467,545772,5221920,
data/raw/external/river_water_dataset\2019\images\DJI_2792.JPG,0.11188681557741215,584264,5221920,
data/raw/external/river_water_dataset\2019\images\DJI_2793.JPG,0.18066688114716425,943428,5221920,
data/raw/external/river_water_dataset\2019\images\DJI_2794.JPG,0.19636513006710177,1025403,5221920,
data/raw/external/river_water_dataset\2019\images\DJI_2795.JPG,0.13941883445169592,728034,5221920,
data/raw/external/river_water_dataset\2019\images\DJI_2796.JPG,0.10795071544565983,563710,5221920,
data/raw/external/river_water_dataset\2019\images\DJI_2797.JPG,0.08581249808499555,448106,5221920,
data/raw/external/river_water_dataset\2019\images\DJI_2798.JPG,0.052284217299384136,273024,5221920,
data/raw/external/river_water_dataset\2019\images\DJI_2799.JPG,0.19694652541593896,1028439,5221920,
data/raw/external/river_water_dataset\2019\images\DJI_2800.JPG,0.3408121916842847,1779694,5221920,
data/raw/external/river_water_dataset\2019\images\DJI_2801.JPG,0.4035810583080553,2107468,5221920,
data/raw/external/river_water_dataset\2019\images\DJI_2802.JPG,0.4114471305573429,2148544,5221920,
data/raw/external/river_water_dataset\2019\images\DJI_2803.JPG,0.4795404755339032,2504122,5221920,
data/raw/external/river_water_dataset\2019\images\DJI_2804.JPG,0.48502926126788615,2532784,5221920,
data/raw/external/river_water_dataset\2019\images\DJI_2805.JPG,0.49947126727334007,2608199,5221920,
data/raw/external/river_water_dataset\2019\images\DJI_2806.JPG,0.5075751830744247,2650517,5221920,
data/raw/external/river_water_dataset\2019\images\DJI_2807.JPG,0.5096253868308974,2661223,5221920,
data/raw/external/river_water_dataset\2019\images\DJI_2808.JPG,0.5095457226460766,2660807,5221920,
data/raw/external/river_water_dataset\2019\images\DJI_2809.JPG,0.4449637298158532,2323565,5221920,
data/raw/external/river_water_dataset\2019\images\DJI_2810.JPG,0.3678535864203205,1920902,5221920,
data/raw/external/river_water_dataset\2019\images\DJI_2811.JPG,0.36406398412844315,1901113,5221920,
data/raw/external/river_water_dataset\2019\images\DJI_2812.JPG,0.3501396038238809,1828401,5221920,
data/raw/external/river_water_dataset\2019\images\DJI_2813.JPG,0.21704526304501026,1133393,5221920,
data/raw/external/river_water_dataset\2019\images\DJI_2814.JPG,0.07724093819897662,403346,5221920,
data/raw/external/river_water_dataset\2019\images\DJI_2815.JPG,0.022883154088917487,119494,5221920,
data/raw/external/river_water_dataset\2019\images\DJI_2836.JPG,0.013848354628182737,72315,5221920,
data/raw/external/river_water_dataset\2019\images\DJI_2837.JPG,0.020321069644881576,106115,5221920,
data/raw/external/river_water_dataset\2019\images\DJI_2838.JPG,0.08359358243711125,436519,5221920,
data/raw/external/river_water_dataset\2019\images\DJI_2839.JPG,0.19029973649538867,993730,5221920,
data/raw/external/river_water_dataset\2019\images\DJI_2840.JPG,0.29478122989245337,1539324,5221920,
data/raw/external/river_water_dataset\2019\images\DJI_2841.JPG,0.32479566902595214,1696057,5221920,
data/raw/external/river_water_dataset\2019\images\DJI_2842.JPG,0.3288866930171278,1717420,5221920,
data/raw/external/river_water_dataset\2019\images\DJI_2843.JPG,0.32366658240647117,1690161,5221920,
data/raw/external/river_water_dataset\2019\images\DJI_2844.JPG,0.41073302540061896,2144815,5221920,
data/raw/external/river_water_dataset\2019\images\DJI_2845.JPG,0.4961768851303735,2590996,5221920,
data/raw/external/river_water_dataset\2019\images\DJI_2846.JPG,0.5002598661028893,2612317,5221920,
data/raw/external/river_water_dataset\2019\images\DJI_2847.JPG,0.528341682752704,2758958,5221920,
data/raw/external/river_water_dataset\2019\images\DJI_2848.JPG,0.49732224928761837,2596977,5221920,
data/raw/external/river_water_dataset\2019\images\DJI_2849.JPG,0.4607322593988418,2405907,5221920,
data/raw/external/river_water_dataset\2019\images\DJI_2850.JPG,0.45537503447008,2377932,5221920,
data/raw/external/river_water_dataset\2019\images\DJI_2851.JPG,0.40999172718080706,2140944,5221920,
data/raw/external/river_water_dataset\2019\images\DJI_2852.JPG,0.3877644621135521,2024875,5221920,
data/raw/external/river_water_dataset\2019\images\DJI_2853.JPG,0.39367876183472744,2055759,5221920,
data/raw/external/river_water_dataset\2019\images\DJI_2854.JPG,0.3750672166559426,1958571,5221920,
data/raw/external/river_water_dataset\2019\images\DJI_2855.JPG,0.2521877010754665,1316904,5221920,
data/raw/external/river_water_dataset\2019\images\DJI_2856.JPG,0.11352491037779208,592818,5221920,
data/raw/external/river_water_dataset\2019\images\DJI_2857.JPG,0.02573555320648344,134389,5221920,
data/raw/external/river_water_dataset\2019\images\DJI_2858.JPG,0.005505829273523915,28751,5221920,
data/raw/external/river_water_dataset\2019\images\DJI_2859.JPG,0.03109584214235377,162380,5221920,
data/raw/external/river_water_dataset\2019\images\DJI_2860.JPG,0.05194564451389527,271256,5221920,
data/raw/external/river_water_dataset\2019\images\DJI_2861.JPG,0.06956387688819438,363257,5221920,
data/raw/external/river_water_dataset\2019\images\DJI_2862.JPG,0.07680316818335019,401060,5221920,
data/raw/external/river_water_dataset\2019\images\DJI_2863.JPG,0.07436881453564972,388348,5221920,
data/raw/external/river_water_dataset\2019\images\DJI_2864.JPG,0.06806442840947391,355427,5221920,
data/raw/external/river_water_dataset\2019\images\DJI_2865.JPG,0.05890400465729081,307592,5221920,
data/raw/external/river_water_dataset\2019\images\DJI_2866.JPG,0.1363329962925514,711920,5221920,
data/raw/external/river_water_dataset\2019\images\DJI_2867.JPG,0.28383314949290683,1482154,5221920,
data/raw/external/river_water_dataset\2019\images\DJI_2868.JPG,0.40064516499678277,2092137,5221920,
data/raw/external/river_water_dataset\2019\images\DJI_2869.JPG,0.456228168949352,2382387,5221920,
data/raw/external/river_water_dataset\2019\images\DJI_2870.JPG,0.47906478843030914,2501638,5221920,
data/raw/external/river_water_dataset\2019\images\DJI_2871.JPG,0.49965625670251557,2609165,5221920,
data/raw/external/river_water_dataset\2019\images\DJI_2872.JPG,0.5210773048993473,2721024,5221920,
data/raw/external/river_water_dataset\2019\images\DJI_2873.JPG,0.5145611192817967,2686997,5221920,
data/raw/external/river_water_dataset\2019\images\DJI_2874.JPG,0.49966640622606245,2609218,5221920,
data/raw/external/river_water_dataset\2019\images\DJI_2875.JPG,0.4636195115972669,2420984,5221920,
data/raw/external/river_water_dataset\2019\images\DJI_2876.JPG,0.37581904740018995,1962497,5221920,
data/raw/external/river_water_dataset\2019\images\DJI_2877.JPG,0.3549725005362012,1853638,5221920,
data/raw/external/river_water_dataset\2019\images\DJI_2878.JPG,0.35352456567699236,1846077,5221920,
data/raw/external/river_water_dataset\2019\images\DJI_2879.JPG,0.23880182002022246,1247004,5221920,
data/raw/external/river_water_dataset\2019\images\DJI_2880.JPG,0.1256149079265864,655951,5221920,
data/raw/external/river_water_dataset\2019\images\DJI_2881.JPG,0.09543616141189448,498360,5221920,
data/raw/external/river_water_dataset\2019\images\DJI_2882.JPG,0.06939554799767135,362378,5221920,
data/raw/external/river_water_dataset\2019\images\DJI_2883.JPG,0.054690228881331,285588,5221920,
data/raw/external/river_water_dataset\2019\images\DJI_2884.JPG,0.020652173913043477,107844,5221920,
data/raw/external/river_water_dataset\2019\images\DJI_2903.JPG,0.04014711064129669,209645,5221920,
data/raw/external/river_water_dataset\2019\images\DJI_2904.JPG,0.10644322394827956,555838,5221920,
data/raw/external/river_water_dataset\2019\images\DJI_2905.JPG,0.12264492753623188,640442,5221920,
data/raw/external/river_water_dataset\2019\images\DJI_2906.JPG,0.12862874191868126,671689,5221920,
data/raw/external/river_water_dataset\2019\images\DJI_2907.JPG,0.2704307993994546,1412168,5221920,
data/raw/external/river_water_dataset\2019\images\DJI_2908.JPG,0.43316462144192175,2261951,5221920,
data/raw/external/river_water_dataset\2019\images\DJI_2909.JPG,0.5072929114195545,2649043,5221920,
data/raw/external/river_water_dataset\2019\images\DJI_2910.JPG,0.5183478490670098,2706771,5221920,
data/raw/external/river_water_dataset\2019\images\DJI_2911.JPG,0.5267754006189295,2750779,5221920,
data/raw/external/river_water_dataset\2019\images\DJI_2912.JPG,0.5267861246438091,2750835,5221920,
data/raw/external/river_water_dataset\2019\images\DJI_2913.JPG,0.5292153077795141,2763520,5221920,
data/raw/external/river_water_dataset\2019\images\DJI_2914.JPG,0.5060609890614947,2642610,5221920,
data/raw/external/river_water_dataset\2019\images\DJI_2915.JPG,0.4181929252075865,2183770,5221920,
data/raw/external/river_water_dataset\2019\images\DJI_2916.JPG,0.378991060759261,1979061,5221920,
data/raw/external/river_water_dataset\2019\images\DJI_2917.JPG,0.3412018950883966,1781729,5221920,
data/raw/external/river_water_dataset\2019\images\DJI_2918.JPG,0.1758500704721635,918275,5221920,
data/raw/external/river_water_dataset\2019\images\DJI_2919.JPG,0.06964526457701382,363682,5221920,
data/raw/external/river_water_dataset\2019\images\DJI_2920.JPG,0.04120591659772651,215174,5221920,
data/raw/external/river_water_dataset\2019\images\DJI_2921.JPG,0.01405689861200478,73404,5221920,
data/raw/external/river_water_dataset\2019\images\DJI_2922.JPG,0.04780559640898367,249637,5221920,
data/raw/external/river_water_dataset\2019\images\DJI_2923.JPG,0.015081808989796856,78756,5221920,
data/raw/external/river_water_dataset\2019\images\DJI_2930.JPG,0.008493810705640837,44354,5221920,
data/raw/external/river_water_dataset\2019\images\DJI_2931.JPG,0.07804907007384257,407566,5221920,
data/raw/external/river_water_dataset\2019\images\DJI_2932.JPG,0.20514408493427705,1071246,5221920,
data/raw/external/river_water_dataset\2019\images\DJI_2933.JPG,0.2793487835891779,1458737,5221920,
data/raw/external/river_water_dataset\2019\images\DJI_2934.JPG,0.2807614823666391,1466114,5221920,
data/raw/external/river_water_dataset\2019\images\DJI_2935.JPG,0.29885789135030794,1560612,5221920,
data/raw/external/river_water_dataset\2019\images\DJI_2936.JPG,0.44185165609584215,2307314,5221920,
data/raw/external/river_water_dataset\2019\images\DJI_2937.JPG,0.49740612648221344,2597415,5221920,
data/raw/external/river_water_dataset\2019\images\DJI_2938.JPG,0.5021798495572509,2622343,5221920,
data/raw/external/river_water_dataset\2019\images\DJI_2939.JPG,0.5111556668811472,2669214,5221920,
data/raw/external/river_water_dataset\2019\images\DJI_2940.JPG,0.4936406532463155,2577752,5221920,
data/raw/external/river_water_dataset\2019\images\DJI_2941.JPG,0.43343329656524804,2263354,5221920,
data/raw/external/river_water_dataset\2019\images\DJI_2942.JPG,0.43632074026411743,2278432,5221920,
data/raw/external/river_water_dataset\2019\images\DJI_2943.JPG,0.359119442657107,1875293,5221920,
data/raw/external/river_water_dataset\2019\images\DJI_2944.JPG,0.1798125976652266,938967,5221920,
data/raw/external/river_water_dataset\2019\images\DJI_2945.JPG,0.09515101725036001,496871,5221920,
data/raw/external/river_water_dataset\2019\images\DJI_2946.JPG,0.20559832398811165,1073618,5221920,
data/raw/external/river_water_dataset\2019\images\DJI_2947.JPG,0.05508376229432852,287643,5221920,
data/raw/external/river_water_dataset\2019\images\DJI_2948.JPG,0.4468955862977602,2333653,5221920,
data/raw/external/river_water_dataset\2019\images\DJI_2962.JPG,0.0757975993504305,395809,5221920,
data/raw/external/river_water_dataset\2019\images\DJI_2963.JPG,0.08277740754358551,432257,5221920,
data/raw/external/river_water_dataset\2019\images\DJI_2964.JPG,0.15755354352422096,822732,5221920,
data/raw/external/river_water_dataset\2019\images\DJI_2965.JPG,0.15908535557802495,830731,5221920,
data/raw/external/river_water_dataset\2019\images\DJI_2966.JPG,0.20282712105892087,1059147,5221920,
data/raw/external/river_water_dataset\2019\images\DJI_2967.JPG,0.2916835187057634,1523148,5221920,
data/raw/external/river_water_dataset\2019\images\DJI_2968.JPG,0.41757457027300304,2180541,5221920,
data/raw/external/river_water_dataset\2019\images\DJI_2969.JPG,0.43407041854337103,2266681,5221920,
data/raw/external/river_water_dataset\2019\images\DJI_2970.JPG,0.4561211202009989,2381828,5221920,
data/raw/external/river_water_dataset\2019\images\DJI_2971.JPG,0.46631334834696814,2435051,5221920,
data/raw/external/river_water_dataset\2019\images\DJI_2972.JPG,0.4673507062536385,2440468,5221920,
data/raw/external/river_water_dataset\2019\images\DJI_2973.JPG,0.4652591384012011,2429546,5221920,
data/raw/external/river_water_dataset\2019\images\DJI_2974.JPG,0.46910906333302693,2449650,5221920,
data/raw/external/river_water_dataset\2019\images\DJI_2975.JPG,0.4105809740478598,2144021,5221920,
data/raw/external/river_water_dataset\2019\images\DJI_2976.JPG,0.23269889236143027,1215135,5221920,
data/raw/external/river_water_dataset\2019\images\DJI_2977.JPG,0.1430360863437203,746923,5221920,
data/raw/external/river_water_dataset\2019\images\DJI_2978.JPG,0.12349614701106107,644887,5221920,
data/raw/external/river_water_dataset\2019\images\DJI_2979.JPG,0.0453823497870515,236983,5221920,
data/raw/external/river_water_dataset\2019\images\DJI_2994.JPG,0.07051716609982535,368235,5221920,
data/raw/external/river_water_dataset\2019\images\DJI_2995.JPG,0.25753477648068146,1344826,5221920,
data/raw/external/river_water_dataset\2019\images\DJI_2996.JPG,0.40663893740233475,2123436,5221920,
data/raw/external/river_water_dataset\2019\images\DJI_2997.JPG,0.4932467368324295,2575695,5221920,
data/raw/external/river_water_dataset\2019\images\DJI_2998.JPG,0.44023003033367036,2298846,5221920,
data/raw/external/river_water_dataset\2019\images\DJI_2999.JPG,0.48430155957961823,2528984,5221920,
data/raw/external/river_water_dataset\2019\images\DJI_3000.JPG,0.4520764393173392,2360707,5221920,
data/raw/external/river_water_dataset\2019\images\DJI_3001.JPG,0.4532145264577014,2366650,5221920,
data/raw/external/river_water_dataset\2019\images\DJI_3002.JPG,0.524388730581855,2738316,5221920,
data/raw/external/river_water_dataset\2019\images\DJI_3003.JPG,0.5419529598308668,2830035,5221920,
data/raw/external/river_water_dataset\2019\images\DJI_3004.JPG,0.42372882005086254,2212678,5221920,
data/raw/external/river_water_dataset\2019\images\DJI_3005.JPG,0.3801578729662653,1985154,5221920,
data/raw/external/river_water_dataset\2019\images\DJI_3006.JPG,0.3910818243098324,2042198,5221920,
data/raw/external/river_water_dataset\2019\images\DJI_3007.JPG,0.38700899286086343,2020930,5221920,
data/raw/external/river_water_dataset\2019\images\DJI_3008.JPG,0.2731401476851426,1426316,5221920,
data/raw/external/river_water_dataset\2019\images\DJI_3009.JPG,0.06451554217605784,336895,5221920,
data/raw/external/river_water_dataset\2019\images\DJI_3014.JPG,0.003047155069399761,15912,5221920,
data/raw/external/river_water_dataset\2019\images\DJI_3015.JPG,0.004151538131568465,21679,5221920,
data/raw/external/river_water_dataset\2019\images\DJI_3016.JPG,0.004438022796212887,23175,5221920,
data/raw/external/river_water_dataset\2019\images\DJI_3017.JPG,0.004710719428869075,24599,5221920,
data/raw/external/river_water_dataset\2019\images\DJI_3018.JPG,0.012084252535465882,63103,5221920,
data/raw/external/river_water_dataset\2019\images\DJI_3020.JPG,0.018648313264086773,97380,5221920,
data/raw/external/river_water_dataset\2019\images\DJI_3021.JPG,0.17460895609277813,911794,5221920,
data/raw/external/river_water_dataset\2019\images\DJI_3022.JPG,0.3399016070717284,1774939,5221920,
data/raw/external/river_water_dataset\2019\images\DJI_3023.JPG,0.41648301774060115,2174841,5221920,
data/raw/external/river_water_dataset\2019\images\DJI_3024.JPG,0.40699283022336613,2125284,5221920,
data/raw/external/river_water_dataset\2019\images\DJI_3025.JPG,0.5005097741826761,2613622,5221920,
data/raw/external/river_water_dataset\2019\images\DJI_3026.JPG,0.49745859760394645,2597689,5221920,
data/raw/external/river_water_dataset\2019\images\DJI_3027.JPG,0.4995034393479793,2608367,5221920,
data/raw/external/river_water_dataset\2019\images\DJI_3028.JPG,0.4983800977418268,2602501,5221920,
data/raw/external/river_water_dataset\2019\images\DJI_3029.JPG,0.48736422618500475,2544977,5221920,
data/raw/external/river_water_dataset\2019\images\DJI_3030.JPG,0.4903636976437785,2560640,5221920,
data/raw/external/river_water_dataset\2019\images\DJI_3031.JPG,0.42510915525324017,2219886,5221920,
data/raw/external/river_water_dataset\2019\images\DJI_3032.JPG,0.248924725005362,1299865,5221920,
data/raw/external/river_water_dataset\2019\images\DJI_3033.JPG,0.053304148665624905,278350,5221920,
data/raw/external/river_water_dataset\2019\images\DJI_3046.JPG,0.14353551950240526,749531,5221920,
data/raw/external/river_water_dataset\2019\images\DJI_3047.JPG,0.14281854183901707,745787,5221920,
data/raw/external/river_water_dataset\2019\images\DJI_3048.JPG,0.16889592333854214,881961,5221920,
data/raw/external/river_water_dataset\2019\images\DJI_3049.JPG,0.1759266706498759,918675,5221920,
data/raw/external/river_water_dataset\2019\images\DJI_3050.JPG,0.22240325397554922,1161372,5221920,
data/raw/external/river_water_dataset\2019\images\DJI_3051.JPG,0.37990777338603426,1983848,5221920,
data/raw/external/river_water_dataset\2019\images\DJI_3052.JPG,0.4997175368446855,2609485,5221920,
data/raw/external/river_water_dataset\2019\images\DJI_3053.JPG,0.5260890630266262,2747195,5221920,
data/raw/external/river_water_dataset\2019\images\DJI_3054.JPG,0.5203940313141526,2717456,5221920,
data/raw/external/river_water_dataset\2019\images\DJI_3055.JPG,0.5719605049483715,2986732,5221920,
data/raw/external/river_water_dataset\2019\images\DJI_3056.JPG,0.5262307733553941,2747935,5221920,
data/raw/external/river_water_dataset\2019\images\DJI_3057.JPG,0.4520703113031222,2360675,5221920,
data/raw/external/river_water_dataset\2019\images\DJI_3058.JPG,0.45047587860403837,2352349,5221920,
data/raw/external/river_water_dataset\2019\images\DJI_3059.JPG,0.448054546986549,2339705,5221920,
data/raw/external/river_water_dataset\2019\images\DJI_3060.JPG,0.4208499938719858,2197645,5221920,
data/raw/external/river_water_dataset\2019\images\DJI_3061.JPG,0.4228073199129822,2207866,5221920,
data/raw/external/river_water_dataset\2019\images\DJI_3062.JPG,0.40448474890461744,2112187,5221920,
data/raw/external/river_water_dataset\2019\images\DJI_3063.JPG,0.389345298281092,2033130,5221920,
data/raw/external/river_water_dataset\2019\images\DJI_3064.JPG,0.24567591996813432,1282900,5221920,
data/raw/external/river_water_dataset\2019\images\DJI_3065.JPG,0.11058920856696387,577488,5221920,
data/raw/external/river_water_dataset\2019\images\DJI_3066.JPG,0.4327461929711677,2259766,5221920,
data/raw/external/river_water_dataset\2019\images\DJI_3067.JPG,0.00886436406532463,46289,5221920,
data/raw/external/river_water_dataset\2019\images\DJI_3071.JPG,1.0,5221920,5221920,
data/raw/external/river_water_dataset\2019\images\DJI_3072.JPG,0.0795479440512302,415393,5221920,
data/raw/external/river_water_dataset\2019\images\DJI_3073.JPG,0.16848515488555935,879816,5221920,
data/raw/external/river_water_dataset\2019\images\DJI_3074.JPG,0.33648523914575484,1757099,5221920,
data/raw/external/river_water_dataset\2019\images\DJI_3075.JPG,0.41956713239574717,2190946,5221920,
data/raw/external/river_water_dataset\2019\images\DJI_3076.JPG,0.43740424977785947,2284090,5221920,
data/raw/external/river_water_dataset\2019\images\DJI_3077.JPG,0.4948921086496921,2584287,5221920,
data/raw/external/river_water_dataset\2019\images\DJI_3078.JPG,0.5479990118577075,2861607,5221920,
data/raw/external/river_water_dataset\2019\images\DJI_3079.JPG,0.5149801222538837,2689185,5221920,
data/raw/external/river_water_dataset\2019\images\DJI_3080.JPG,0.5028439730980175,2625811,5221920,
data/raw/external/river_water_dataset\2019\images\DJI_3081.JPG,0.5667425008426019,2959484,5221920,
data/raw/external/river_water_dataset\2019\images\DJI_3082.JPG,0.6820895379477281,3561817,5221920,
data/raw/external/river_water_dataset\2019\images\DJI_3083.JPG,0.6390881131844226,3337267,5221920,
data/raw/external/river_water_dataset\2019\images\DJI_3084.JPG,0.5790785764622974,3023902,5221920,
data/raw/external/river_water_dataset\2019\images\DJI_3085.JPG,0.5637077933020804,2943637,5221920,
data/raw/external/river_water_dataset\2019\images\DJI_3086.JPG,0.44432909734350584,2320251,5221920,
data/raw/external/river_water_dataset\2019\images\DJI_3087.JPG,0.27927582191990685,1458356,5221920,
data/raw/external/river_water_dataset\2019\images\DJI_3088.JPG,0.25052777522443853,1308236,5221920,
data/raw/external/river_water_dataset\2019\images\DJI_3089.JPG,0.2510097818426939,1310753,5221920,
data/raw/external/river_water_dataset\2019\images\DJI_3090.JPG,0.2376687118914116,1241087,5221920,
data/raw/external/river_water_dataset\2019\images\DJI_3091.JPG,0.16650101878236356,869455,5221920,
data/raw/external/river_water_dataset\2019\images\DJI_3092.JPG,0.1099225955204216,574007,5221920,
data/raw/external/river_water_dataset\2019\images\DJI_3093.JPG,0.005369672457640102,28040,5221920,
data/raw/external/river_water_dataset\2019\images\DJI_3102.JPG,0.09381740815638692,489907,5221920,
data/raw/external/river_water_dataset\2019\images\DJI_3103.JPG,0.15956353218739466,833228,5221920,
data/raw/external/river_water_dataset\2019\images\DJI_3104.JPG,0.37146049728835373,1939737,5221920,
data/raw/external/river_water_dataset\2019\images\DJI_3105.JPG,0.43617002941446825,2277645,5221920,
data/raw/external/river_water_dataset\2019\images\DJI_3106.JPG,0.43535615252627385,2273395,5221920,
data/raw/external/river_water_dataset\2019\images\DJI_3107.JPG,0.3615036231884058,1887743,5221920,
data/raw/external/river_water_dataset\2019\images\DJI_3108.JPG,0.5153342065753592,2691034,5221920,
data/raw/external/river_water_dataset\2019\images\DJI_3109.JPG,0.6582507966418482,3437333,5221920,
data/raw/external/river_water_dataset\2019\images\DJI_3110.JPG,0.6997539219290989,3654059,5221920,
data/raw/external/river_water_dataset\2019\images\DJI_3111.JPG,0.7160799093053896,3739312,5221920,
data/raw/external/river_water_dataset\2019\images\DJI_3112.JPG,0.7857060238379753,4102894,5221920,
data/raw/external/river_water_dataset\2019\images\DJI_3113.JPG,0.6996792367558293,3653669,5221920,
data/raw/external/river_water_dataset\2019\images\DJI_3114.JPG,0.6357939225419003,3320065,5221920,
data/raw/external/river_water_dataset\2019\images\DJI_3115.JPG,0.6295140484725924,3287272,5221920,
data/raw/external/river_water_dataset\2019\images\DJI_3116.JPG,0.5768123602046756,3012068,5221920,
data/raw/external/river_water_dataset\2019\images\DJI_3117.JPG,0.4504400680209578,2352162,5221920,
data/raw/external/river_water_dataset\2019\images\DJI_3118.JPG,0.3986838174464565,2081895,5221920,
data/raw/external/river_water_dataset\2019\images\DJI_3119.JPG,0.4112010524864418,2147259,5221920,
data/raw/external/river_water_dataset\2019\images\DJI_3120.JPG,0.3641384778012685,1901502,5221920,
data/raw/external/river_water_dataset\2019\images\DJI_3121.JPG,0.21212925513987194,1107722,5221920,
data/raw/external/river_water_dataset\2019\images\DJI_3122.JPG,0.11310341789992953,590617,5221920,
data/raw/external/river_water_dataset\2019\images\DJI_3123.JPG,0.08615566688114716,449898,5221920,
data/raw/external/river_water_dataset\2019\images\DJI_3124.JPG,0.006499525078898183,33940,5221920,
data/raw/external/river_water_dataset\2019\images\DJI_3128.JPG,0.07024772497472194,366828,5221920,
data/raw/external/river_water_dataset\2019\images\DJI_3129.JPG,0.1956611744339247,1021727,5221920,
data/raw/external/river_water_dataset\2019\images\DJI_3130.JPG,0.3269623050525477,1707371,5221920,
data/raw/external/river_water_dataset\2019\images\DJI_3131.JPG,0.3848166957747342,2009482,5221920,
data/raw/external/river_water_dataset\2019\images\DJI_3132.JPG,0.37993515794956645,1983991,5221920,
data/raw/external/river_water_dataset\2019\images\DJI_3133.JPG,0.39775504029169345,2077045,5221920,
data/raw/external/river_water_dataset\2019\images\DJI_3134.JPG,0.4041804546986549,2110598,5221920,
data/raw/external/river_water_dataset\2019\images\DJI_3135.JPG,0.644555450868646,3365817,5221920,
data/raw/external/river_water_dataset\2019\images\DJI_3136.JPG,0.6534046863988724,3412027,5221920,
data/raw/external/river_water_dataset\2019\images\DJI_3137.JPG,0.6526733462021632,3408208,5221920,
data/raw/external/river_water_dataset\2019\images\DJI_3138.JPG,0.8387533704078194,4379903,5221920,
data/raw/external/river_water_dataset\2019\images\DJI_3139.JPG,0.6964991803780984,3637063,5221920,
data/raw/external/river_water_dataset\2019\images\DJI_3140.JPG,0.6237420335815179,3257131,5221920,
data/raw/external/river_water_dataset\2019\images\DJI_3141.JPG,0.6233297331249809,3254978,5221920,
data/raw/external/river_water_dataset\2019\images\DJI_3142.JPG,0.5668361445598554,2959973,5221920,
data/raw/external/river_water_dataset\2019\images\DJI_3143.JPG,0.9398286454024574,4907710,5221920,
data/raw/external/river_water_dataset\2019\images\DJI_3144.JPG,0.443037235346386,2313505,5221920,
data/raw/external/river_water_dataset\2019\images\DJI_3145.JPG,0.4458766124337408,2328332,5221920,
data/raw/external/river_water_dataset\2019\images\DJI_3146.JPG,0.43339480497594757,2263153,5221920,
data/raw/external/river_water_dataset\2019\images\DJI_3147.JPG,0.4018081471949015,2098210,5221920,
data/raw/external/river_water_dataset\2019\images\DJI_3148.JPG,0.24087136532156755,1257811,5221920,
data/raw/external/river_water_dataset\2019\images\DJI_3149.JPG,0.08309625578331342,433922,5221920,
data/raw/external/river_water_dataset\2019\images\DJI_3150.JPG,0.020970639151882832,109507,5221920,
data/raw/external/river_water_dataset\2019\images\DJI_3151.JPG,0.008139726384165212,42505,5221920,
data/raw/external/river_water_dataset\2019\images\DJI_3158.JPG,0.19824374942549866,1035213,5221920,
data/raw/external/river_water_dataset\2019\images\DJI_3159.JPG,0.23313206636639397,1217397,5221920,
data/raw/external/river_water_dataset\2019\images\DJI_3160.JPG,0.29207800962098235,1525208,5221920,
data/raw/external/river_water_dataset\2019\images\DJI_3161.JPG,0.363124865949689,1896209,5221920,
data/raw/external/river_water_dataset\2019\images\DJI_3162.JPG,0.3709920872016423,1937291,5221920,
data/raw/external/river_water_dataset\2019\images\DJI_3163.JPG,0.4974469160768453,2597628,5221920,
data/raw/external/river_water_dataset\2019\images\DJI_3164.JPG,0.5128016131997426,2677809,5221920,
data/raw/external/river_water_dataset\2019\images\DJI_3165.JPG,0.5008173238961915,2615228,5221920,
data/raw/external/river_water_dataset\2019\images\DJI_3166.JPG,0.49926904280417933,2607143,5221920,
data/raw/external/river_water_dataset\2019\images\DJI_3167.JPG,0.5467718770107547,2855199,5221920,
data/raw/external/river_water_dataset\2019\images\DJI_3168.JPG,0.557289847412446,2910123,5221920,
data/raw/external/river_water_dataset\2019\images\DJI_3169.JPG,0.5396901905812421,2818219,5221920,
data/raw/external/river_water_dataset\2019\images\DJI_3170.JPG,0.4219961240310077,2203630,5221920,
data/raw/external/river_water_dataset\2019\images\DJI_3171.JPG,0.38284864570885807,1999205,5221920,
data/raw/external/river_water_dataset\2019\images\DJI_3172.JPG,0.3064709915127003,1600367,5221920,
data/raw/external/river_water_dataset\2019\images\DJI_3173.JPG,0.2908826638477801,1518966,5221920,
data/raw/external/river_water_dataset\2019\images\DJI_3174.JPG,0.22303616294389803,1164677,5221920,
data/raw/external/river_water_dataset\2019\images\DJI_3175.JPG,0.2941276388761222,1535911,5221920,
data/raw/external/river_water_dataset\2019\images\DJI_3176.JPG,0.24479635842755154,1278307,5221920,
data/raw/external/river_water_dataset\2019\images\DJI_3177.JPG,0.11246610442136226,587289,5221920,
data/raw/external/river_water_dataset\2019\images\DJI_3178.JPG,0.11025331678769494,575734,5221920,
data/raw/external/river_water_dataset\2019\images\DJI_3179.JPG,0.026161641695008734,136614,5221920,
data/raw/external/river_water_dataset\2019\images\DJI_3180.JPG,0.009858442871587462,51480,5221920,
data/raw/external/river_water_dataset\2019\images\DJI_3181.JPG,0.0054265480895915675,28337,5221920,
data/raw/external/river_water_dataset\2019\images\DJI_3187.JPG,0.049849863651683674,260312,5221920,
data/raw/external/river_water_dataset\2019\images\DJI_3188.JPG,0.0537302371541502,280575,5221920,
data/raw/external/river_water_dataset\2019\images\DJI_3189.JPG,0.07250532371235101,378617,5221920,
data/raw/external/river_water_dataset\2019\images\DJI_3190.JPG,0.06355459294665564,331877,5221920,
data/raw/external/river_water_dataset\2019\images\DJI_3191.JPG,0.10398397524282256,542996,5221920,
data/raw/external/river_water_dataset\2019\images\DJI_3192.JPG,0.1627816971535374,850033,5221920,
data/raw/external/river_water_dataset\2019\images\DJI_3193.JPG,0.18247177283451296,952853,5221920,
data/raw/external/river_water_dataset\2019\images\DJI_3194.JPG,0.19986729019211324,1043691,5221920,
data/raw/external/river_water_dataset\2019\images\DJI_3195.JPG,0.3493649845267641,1824356,5221920,
data/raw/external/river_water_dataset\2019\images\DJI_3196.JPG,0.3648581364708766,1905260,5221920,
data/raw/external/river_water_dataset\2019\images\DJI_3197.JPG,0.3778512501149003,1973109,5221920,
data/raw/external/river_water_dataset\2019\images\DJI_3198.JPG,0.3625886647057021,1893409,5221920,
data/raw/external/river_water_dataset\2019\images\DJI_3199.JPG,0.3336355210344088,1742218,5221920,
data/raw/external/river_water_dataset\2019\images\DJI_3200.JPG,0.3146541884977173,1643099,5221920,
data/raw/external/river_water_dataset\2019\images\DJI_3201.JPG,0.26700906946104114,1394300,5221920,
data/raw/external/river_water_dataset\2019\images\DJI_3202.JPG,0.21697689738640194,1133036,5221920,
data/raw/external/river_water_dataset\2019\images\DJI_3203.JPG,0.1853343214756258,967801,5221920,
data/raw/external/river_water_dataset\2019\images\DJI_3204.JPG,0.15666268345742562,818080,5221920,
data/raw/external/river_water_dataset\2019\images\DJI_3205.JPG,0.047833363973404416,249782,5221920,
data/raw/external/river_water_dataset\2019\images\DJI_3213.JPG,0.0034180914299721176,17849,5221920,
data/raw/external/river_water_dataset\2019\images\DJI_3214.JPG,0.003602123356926188,18810,5221920,
data/raw/external/river_water_dataset\2019\images\DJI_3215.JPG,0.03304780617091032,172573,5221920,
data/raw/external/river_water_dataset\2019\images\DJI_3216.JPG,0.1955922342739835,1021367,5221920,
data/raw/external/river_water_dataset\2019\images\DJI_3217.JPG,0.3226472255415633,1684838,5221920,
data/raw/external/river_water_dataset\2019\images\DJI_3218.JPG,0.33189995250788984,1733155,5221920,
data/raw/external/river_water_dataset\2019\images\DJI_3219.JPG,0.3317649446946717,1732450,5221920,
data/raw/external/river_water_dataset\2019\images\DJI_3220.JPG,0.3318957394981156,1733133,5221920,
data/raw/external/river_water_dataset\2019\images\DJI_3221.JPG,0.33413591169531515,1744831,5221920,
data/raw/external/river_water_dataset\2019\images\DJI_3222.JPG,0.33306695621533844,1739249,5221920,
data/raw/external/river_water_dataset\2019\images\DJI_3223.JPG,0.33371958972944815,1742657,5221920,
data/raw/external/river_water_dataset\2019\images\DJI_3224.JPG,0.3319539556331771,1733437,5221920,
data/raw/external/river_water_dataset\2019\images\DJI_3225.JPG,0.3287043845941723,1716468,5221920,
data/raw/external/river_water_dataset\2019\images\DJI_3226.JPG,0.32769115574348134,1711177,5221920,
data/raw/external/river_water_dataset\2019\images\DJI_3227.JPG,0.32830548916873487,1714385,5221920,
data/raw/external/river_water_dataset\2019\images\DJI_3228.JPG,0.3243035128841499,1693487,5221920,
data/raw/external/river_water_dataset\2019\images\DJI_3229.JPG,0.2026653031835034,1058302,5221920,
data/raw/external/river_water_dataset\2019\images\DJI_3230.JPG,0.04820047032509116,251699,5221920,
data/raw/external/river_water_dataset\2019\images\DJI_3245.JPG,0.03815435701810828,199239,5221920,
data/raw/external/river_water_dataset\2019\images\DJI_3246.JPG,0.02718291356435947,141947,5221920,
data/raw/external/river_water_dataset\2019\images\DJI_3247.JPG,0.03157727425927628,164894,5221920,
data/raw/external/river_water_dataset\2019\images\DJI_3248.JPG,0.07809809418757852,407822,5221920,
data/raw/external/river_water_dataset\2019\images\DJI_3249.JPG,0.08720777032202714,455392,5221920,
data/raw/external/river_water_dataset\2019\images\DJI_3250.JPG,0.18953143671293318,989718,5221920,
data/raw/external/river_water_dataset\2019\images\DJI_3251.JPG,0.32609768054661886,1702856,5221920,
data/raw/external/river_water_dataset\2019\images\DJI_3252.JPG,0.35695587063761985,1863995,5221920,
data/raw/external/river_water_dataset\2019\images\DJI_3253.JPG,0.3578836902901615,1868840,5221920,
data/raw/external/river_water_dataset\2019\images\DJI_3254.JPG,0.3625653016514998,1893287,5221920,
data/raw/external/river_water_dataset\2019\images\DJI_3255.JPG,0.32613138462481234,1703032,5221920,
data/raw/external/river_water_dataset\2019\images\DJI_3256.JPG,0.3283828553482244,1714789,5221920,
data/raw/external/river_water_dataset\2019\images\DJI_3257.JPG,0.32746882372767105,1710016,5221920,
data/raw/external/river_water_dataset\2019\images\DJI_3258.JPG,0.3278792091797653,1712159,5221920,
data/raw/external/river_water_dataset\2019\images\DJI_3259.JPG,0.32861954989735576,1716025,5221920,
data/raw/external/river_water_dataset\2019\images\DJI_3260.JPG,0.32817028985507246,1713679,5221920,
data/raw/external/river_water_dataset\2019\images\DJI_3261.JPG,0.278426900450409,1453923,5221920,
data/raw/external/river_water_dataset\2019\images\DJI_3262.JPG,0.1185673085761559,619149,5221920,
data/raw/external/river_water_dataset\2019\images\DJI_3263.JPG,0.00955702117228912,49906,5221920,
data/raw/external/river_water_dataset\2019\images\DJI_3269.JPG,0.047079809725158565,245847,5221920,
data/raw/external/river_water_dataset\2019\images\DJI_3270.JPG,0.14820755584152956,773928,5221920,
data/raw/external/river_water_dataset\2019\images\DJI_3271.JPG,0.31769923706222997,1659000,5221920,
data/raw/external/river_water_dataset\2019\images\DJI_3272.JPG,0.3572948264239973,1865765,5221920,
data/raw/external/river_water_dataset\2019\images\DJI_3273.JPG,0.3572222477556148,1865386,5221920,
data/raw/external/river_water_dataset\2019\images\DJI_3274.JPG,0.35781704813555165,1868492,5221920,
data/raw/external/river_water_dataset\2019\images\DJI_3275.JPG,0.3576178876734994,1867452,5221920,
data/raw/external/river_water_dataset\2019\images\DJI_3276.JPG,0.38473741459080185,2009068,5221920,
data/raw/external/river_water_dataset\2019\images\DJI_3277.JPG,0.3981767242700003,2079247,5221920,
data/raw/external/river_water_dataset\2019\images\DJI_3278.JPG,0.4607481539357171,2405990,5221920,
data/raw/external/river_water_dataset\2019\images\DJI_3279.JPG,0.4500564926310629,2350159,5221920,
data/raw/external/river_water_dataset\2019\images\DJI_3280.JPG,0.4135498054355486,2159524,5221920,
data/raw/external/river_water_dataset\2019\images\DJI_3281.JPG,0.41769655605601,2181178,5221920,
data/raw/external/river_water_dataset\2019\images\DJI_3282.JPG,0.3611602628918099,1885950,5221920,
data/raw/external/river_water_dataset\2019\images\DJI_3283.JPG,0.2046287572387168,1068555,5221920,
data/raw/external/river_water_dataset\2019\images\DJI_3284.JPG,0.13572268437662777,708733,5221920,
data/raw/external/river_water_dataset\2019\images\DJI_3285.JPG,0.13380365842448755,698712,5221920,
data/raw/external/river_water_dataset\2019\images\DJI_3286.JPG,0.13975664123540765,729798,5221920,
data/raw/external/river_water_dataset\2019\images\DJI_3287.JPG,0.09861257928118393,514947,5221920,
data/raw/external/river_water_dataset\2019\images\DJI_3288.JPG,0.09220305941109784,481477,5221920,
data/raw/external/river_water_dataset\2019\images\DJI_3289.JPG,0.07776009590342249,406057,5221920,
data/raw/external/river_water_dataset\2019\images\DJI_3298.JPG,0.04435494990348378,231618,5221920,
data/raw/external/river_water_dataset\2019\images\DJI_3302.JPG,0.034810759260961485,181779,5221920,
data/raw/external/river_water_dataset\2019\images\DJI_3303.JPG,0.03664935502650366,191380,5221920,
data/raw/external/river_water_dataset\2019\images\DJI_3304.JPG,0.04836899071605846,252579,5221920,
data/raw/external/river_water_dataset\2019\images\DJI_3305.JPG,0.04775925330146766,249395,5221920,
data/raw/external/river_water_dataset\2019\images\DJI_3306.JPG,0.05498475656463523,287126,5221920,
data/raw/external/river_water_dataset\2019\images\DJI_3307.JPG,0.062266943959309984,325153,5221920,
data/raw/external/river_water_dataset\2019\images\DJI_3308.JPG,0.08632227226767165,450768,5221920,
data/raw/external/river_water_dataset\2019\images\DJI_3309.JPG,0.070630725863284,368828,5221920,
data/raw/external/river_water_dataset\2019\images\DJI_3310.JPG,0.11832180500658762,617867,5221920,
data/raw/external/river_water_dataset\2019\images\DJI_3311.JPG,0.23284845420841377,1215916,5221920,
data/raw/external/river_water_dataset\2019\images\DJI_3312.JPG,0.33175728467690047,1732410,5221920,
data/raw/external/river_water_dataset\2019\images\DJI_3313.JPG,0.38861300058216136,2029306,5221920,
data/raw/external/river_water_dataset\2019\images\DJI_3314.JPG,0.40956544719183746,2138718,5221920,
data/raw/external/river_water_dataset\2019\images\DJI_3315.JPG,0.4640731761497687,2423353,5221920,
data/raw/external/river_water_dataset\2019\images\DJI_3316.JPG,0.3870545699666023,2021168,5221920,
data/raw/external/river_water_dataset\2019\images\DJI_3317.JPG,0.30493956245978493,1592370,5221920,
data/raw/external/river_water_dataset\2019\images\DJI_3318.JPG,0.19282332935012408,1006908,5221920,
data/raw/external/river_water_dataset\2019\images\DJI_3319.JPG,0.1336144559855379,697724,5221920,
data/raw/external/river_water_dataset\2019\images\DJI_3320.JPG,0.12220217850905414,638130,5221920,
data/raw/external/river_water_dataset\2019\images\DJI_3321.JPG,0.04033344057358213,210618,5221920,
data/raw/external/river_water_dataset\2019\images\DJI_3332.JPG,0.007157329105003524,37375,5221920,
data/raw/external/river_water_dataset\2019\images\DJI_3333.JPG,0.023880488402733095,124702,5221920,
data/raw/external/river_water_dataset\2019\images\DJI_3334.JPG,0.0738218892667831,385492,5221920,
data/raw/external/river_water_dataset\2019\images\DJI_3335.JPG,0.10999555718969269,574388,5221920,
data/raw/external/river_water_dataset\2019\images\DJI_3336.JPG,0.11508429849557252,600961,5221920,
data/raw/external/river_water_dataset\2019\images\DJI_3337.JPG,0.2253391472868217,1176703,5221920,
data/raw/external/river_water_dataset\2019\images\DJI_3338.JPG,0.4001756059074057,2089685,5221920,
data/raw/external/river_water_dataset\2019\images\DJI_3339.JPG,0.5136614501945644,2682299,5221920,
data/raw/external/river_water_dataset\2019\images\DJI_3340.JPG,0.5035553972485216,2629526,5221920,
data/raw/external/river_water_dataset\2019\images\DJI_3341.JPG,0.486424725005362,2540071,5221920,
data/raw/external/river_water_dataset\2019\images\DJI_3342.JPG,0.4968547967031284,2594536,5221920,
data/raw/external/river_water_dataset\2019\images\DJI_3343.JPG,0.48744867788093266,2545418,5221920,
data/raw/external/river_water_dataset\2019\images\DJI_3344.JPG,0.41226043294420445,2152791,5221920,
data/raw/external/river_water_dataset\2019\images\DJI_3345.JPG,0.36076500597481387,1883886,5221920,
data/raw/external/river_water_dataset\2019\images\DJI_3346.JPG,0.34697831448968963,1811893,5221920,
data/raw/external/river_water_dataset\2019\images\DJI_3347.JPG,0.21424590955051015,1118775,5221920,
data/raw/external/river_water_dataset\2019\images\DJI_3348.JPG,0.09821598186107791,512876,5221920,
data/raw/external/river_water_dataset\2019\images\DJI_3349.JPG,0.07396704660354812,386250,5221920,
data/raw/external/river_water_dataset\2019\images\DJI_3350.JPG,0.07046048196831817,367939,5221920,
data/raw/external/river_water_dataset\2019\images\DJI_3351.JPG,0.05519655605601005,288232,5221920,
data/raw/external/river_water_dataset\2019\images\DJI_3352.JPG,0.031322195667493946,163562,5221920,
data/raw/external/river_water_dataset\2019\images\DJI_3353.JPG,0.027406586083279713,143115,5221920,
data/raw/external/river_water_dataset\2019\images\DJI_3354.JPG,0.010301957900542329,53796,5221920,
data/raw/external/river_water_dataset\2019\images\DJI_3366.JPG,0.007620185678830775,39792,5221920,
data/raw/external/river_water_dataset\2019\images\DJI_3367.JPG,0.01957670741796121,102228,5221920,
data/raw/external/river_water_dataset\2019\images\DJI_3368.JPG,0.021273401354291142,111088,5221920,
data/raw/external/river_water_dataset\2019\images\DJI_3369.JPG,0.02640963477035267,137909,5221920,
data/raw/external/river_water_dataset\2019\images\DJI_3370.JPG,0.05085964549437755,265585,5221920,
data/raw/external/river_water_dataset\2019\images\DJI_3371.JPG,0.07469857830070166,390070,5221920,
data/raw/external/river_water_dataset\2019\images\DJI_3372.JPG,0.07321770536507645,382337,5221920,
data/raw/external/river_water_dataset\2019\images\DJI_3373.JPG,0.13889699574103012,725309,5221920,
data/raw/external/river_water_dataset\2019\images\DJI_3374.JPG,0.2565789977632748,1339835,5221920,
data/raw/external/river_water_dataset\2019\images\DJI_3375.JPG,0.2863036967245764,1495055,5221920,
data/raw/external/river_water_dataset\2019\images\DJI_3376.JPG,0.28438811778043327,1485052,5221920,
data/raw/external/river_water_dataset\2019\images\DJI_3377.JPG,0.40129128749578696,2095511,5221920,
data/raw/external/river_water_dataset\2019\images\DJI_3378.JPG,0.5156114992186782,2692482,5221920,
data/raw/external/river_water_dataset\2019\images\DJI_3379.JPG,0.45330855317584334,2367141,5221920,
data/raw/external/river_water_dataset\2019\images\DJI_3380.JPG,0.5342452584489996,2789786,5221920,
data/raw/external/river_water_dataset\2019\images\DJI_3381.JPG,0.5435675000766002,2838466,5221920,
data/raw/external/river_water_dataset\2019\images\DJI_3382.JPG,0.48581786009743544,2536902,5221920,
data/raw/external/river_water_dataset\2019\images\DJI_3383.JPG,0.3286781490333058,1716331,5221920,
data/raw/external/river_water_dataset\2019\images\DJI_3384.JPG,0.28911683825106477,1509745,5221920,
data/raw/external/river_water_dataset\2019\images\DJI_3385.JPG,0.2926266583938475,1528073,5221920,
data/raw/external/river_water_dataset\2019\images\DJI_3386.JPG,0.18189784600300274,949856,5221920,
data/raw/external/river_water_dataset\2019\images\DJI_3387.JPG,0.07229716272941754,377530,5221920,
data/raw/external/river_water_dataset\2019\images\DJI_3396.JPG,0.008756740815638693,45727,5221920,
data/raw/external/river_water_dataset\2019\images\DJI_3397.JPG,0.08931197720378711,466380,5221920,
data/raw/external/river_water_dataset\2019\images\DJI_3398.JPG,0.23669646413579679,1236010,5221920,
data/raw/external/river_water_dataset\2019\images\DJI_3399.JPG,0.3489861966479762,1822378,5221920,
data/raw/external/river_water_dataset\2019\images\DJI_3400.JPG,0.3596868584735117,1878256,5221920,
data/raw/external/river_water_dataset\2019\images\DJI_3401.JPG,0.3979564987590771,2078097,5221920,
data/raw/external/river_water_dataset\2019\images\DJI_3402.JPG,0.49328982443239267,2575920,5221920,
data/raw/external/river_water_dataset\2019\images\DJI_3403.JPG,0.5069604666482826,2647307,5221920,
data/raw/external/river_water_dataset\2019\images\DJI_3404.JPG,0.5094861660079051,2660496,5221920,
data/raw/external/river_water_dataset\2019\images\DJI_3405.JPG,0.5893623418206331,3077603,5221920,
data/raw/external/river_water_dataset\2019\images\DJI_3406.JPG,0.5500256610595337,2872190,5221920,
data/raw/external/river_water_dataset\2019\images\DJI_3407.JPG,0.5819235070625364,3038758,5221920,
data/raw/external/river_water_dataset\2019\images\DJI_3408.JPG,0.5277890124705089,2756072,5221920,
data/raw/external/river_water_dataset\2019\images\DJI_3409.JPG,0.46357431749241657,2420748,5221920,
data/raw/external/river_water_dataset\2019\images\DJI_3410.JPG,0.35134758862640564,1834709,5221920,
data/raw/external/river_water_dataset\2019\images\DJI_3411.JPG,0.2813045776266201,1468950,5221920,
data/raw/external/river_water_dataset\2019\images\DJI_3412.JPG,0.2597634586512241,1356464,5221920,
data/raw/external/river_water_dataset\2019\images\DJI_3413.JPG,0.1172417425008426,612227,5221920,
data/raw/external/river_water_dataset\2019\images\DJI_3414.JPG,0.08004641970769372,417996,5221920,
data/raw/external/river_water_dataset\2019\images\DJI_3415.JPG,0.06657302294941324,347639,5221920,
data/raw/external/river_water_dataset\2019\images\DJI_3416.JPG,0.04238172932561204,221314,5221920,
data/raw/external/river_water_dataset\2019\images\DJI_3417.JPG,0.012066251493703465,63009,5221920,
data/raw/external/river_water_dataset\2019\images\DJI_3418.JPG,0.006812245304409106,35573,5221920,
data/raw/external/river_water_dataset\2019\images\DJI_3419.JPG,0.00745760180163618,38943,5221920,
data/raw/external/river_water_dataset\2019\images\DJI_3420.JPG,0.0015544091062291265,8117,5221920,
data/raw/external/river_water_dataset\2019\images\DJI_3438.JPG,0.001451381867205932,7579,5221920,
data/raw/external/river_water_dataset\2019\images\DJI_3439.JPG,0.0022355761865367526,11674,5221920,
data/raw/external/river_water_dataset\2019\images\DJI_3440.JPG,0.04182120752520146,218387,5221920,
data/raw/external/river_water_dataset\2019\images\DJI_3441.JPG,0.08723898489444495,455555,5221920,
data/raw/external/river_water_dataset\2019\images\DJI_3442.JPG,0.09481263596531544,495104,5221920,
data/raw/external/river_water_dataset\2019\images\DJI_3443.JPG,0.17437360204675675,910565,5221920,
data/raw/external/river_water_dataset\2019\images\DJI_3444.JPG,0.313072394827956,1634839,5221920,
data/raw/external/river_water_dataset\2019\images\DJI_3445.JPG,0.4066194043570181,2123334,5221920,
data/raw/external/river_water_dataset\2019\images\DJI_3446.JPG,0.4216567852437418,2201858,5221920,
data/raw/external/river_water_dataset\2019\images\DJI_3447.JPG,0.5119187961516071,2673199,5221920,
data/raw/external/river_water_dataset\2019\images\DJI_3448.JPG,0.5097475641143487,2661861,5221920,
data/raw/external/river_water_dataset\2019\images\DJI_3449.JPG,0.5116152679474216,2671614,5221920,
data/raw/external/river_water_dataset\2019\images\DJI_3450.JPG,0.5056168995312069,2640291,5221920,
data/raw/external/river_water_dataset\2019\images\DJI_3451.JPG,0.47552528571866287,2483155,5221920,
data/raw/external/river_water_dataset\2019\images\DJI_3452.JPG,0.3794420443055428,1981416,5221920,
data/raw/external/river_water_dataset\2019\images\DJI_3453.JPG,0.35634057971014493,1860782,5221920,
data/raw/external/river_water_dataset\2019\images\DJI_3454.JPG,0.27556511781107335,1438979,5221920,
data/raw/external/river_water_dataset\2019\images\DJI_3455.JPG,0.0867519992646383,453012,5221920,
data/raw/external/river_water_dataset\2019\images\DJI_3456.JPG,0.03290571284125379,171831,5221920,
data/raw/external/river_water_dataset\2019\images\DJI_3457.JPG,0.008307863774243956,43383,5221920,
data/raw/external/river_water_dataset\2019\images\DJI_3458.JPG,0.00940650182308423,49120,5221920,
data/raw/external/river_water_dataset\2019\images\DJI_3459.JPG,0.017101564175628886,89303,5221920,
data/raw/external/river_water_dataset\2019\images\DJI_3460.JPG,0.03369718417746729,175964,5221920,
data/raw/external/river_water_dataset\2019\images\DJI_3461.JPG,0.041884019670925636,218715,5221920,
data/raw/external/river_water_dataset\2019\images\DJI_3462.JPG,0.04547101449275362,237446,5221920,
data/raw/external/river_water_dataset\2019\images\DJI_3464.JPG,0.04569966602322517,238640,5221920,
data/raw/external/river_water_dataset\2019\images\DJI_3465.JPG,0.1523470294451083,795544,5221920,
data/raw/external/river_water_dataset\2019\images\DJI_3466.JPG,0.22068396298679413,1152394,5221920,
data/raw/external/river_water_dataset\2019\images\DJI_3467.JPG,0.3524559931979042,1840497,5221920,
data/raw/external/river_water_dataset\2019\images\DJI_3468.JPG,0.33087102062076784,1727782,5221920,
data/raw/external/river_water_dataset\2019\images\DJI_3469.JPG,0.37838936636333,1975919,5221920,
data/raw/external/river_water_dataset\2019\images\DJI_3470.JPG,0.44615926708949966,2329808,5221920,
data/raw/external/river_water_dataset\2019\images\DJI_3471.JPG,0.4533830468486687,2367530,5221920,
data/raw/external/river_water_dataset\2019\images\DJI_3472.JPG,0.4492851288414989,2346131,5221920,
data/raw/external/river_water_dataset\2019\images\DJI_3473.JPG,0.48118508134938875,2512710,5221920,
data/raw/external/river_water_dataset\2019\images\DJI_3474.JPG,0.4819125915372124,2516509,5221920,
data/raw/external/river_water_dataset\2019\images\DJI_3475.JPG,0.48405337500383,2527688,5221920,
data/raw/external/river_water_dataset\2019\images\DJI_3476.JPG,0.46858875662591537,2446933,5221920,
data/raw/external/river_water_dataset\2019\images\DJI_3477.JPG,0.3257681082820112,1701135,5221920,
data/raw/external/river_water_dataset\2019\images\DJI_3478.JPG,0.23082065600392193,1205327,5221920,
data/raw/external/river_water_dataset\2019\images\DJI_3479.JPG,0.20524328216441462,1071764,5221920,
data/raw/external/river_water_dataset\2019\images\DJI_3480.JPG,0.127761819407421,667162,5221920,
data/raw/external/river_water_dataset\2019\images\DJI_3481.JPG,0.05889002512485829,307519,5221920,
data/raw/external/river_water_dataset\2019\images\DJI_3482.JPG,0.04184016606918528,218486,5221920,
data/raw/external/river_water_dataset\2019\images\DJI_3483.JPG,0.041481868737935475,216615,5221920,
data/raw/external/river_water_dataset\2019\images\DJI_3484.JPG,0.006402817354536262,33435,5221920,
data/raw/external/river_water_dataset\2019\images\DJI_3513.JPG,0.008786423384502253,45882,5221920,
data/raw/external/river_water_dataset\2019\images\DJI_3514.JPG,0.0670377945276833,350066,5221920,
data/raw/external/river_water_dataset\2019\images\DJI_3515.JPG,0.11789992952783651,615664,5221920,
data/raw/external/river_water_dataset\2019\images\DJI_3516.JPG,0.13017242700003065,679750,5221920,
data/raw/external/river_water_dataset\2019\images\DJI_3517.JPG,0.19639730214174098,1025571,5221920,
data/raw/external/river_water_dataset\2019\images\DJI_3518.JPG,0.33649098415908324,1757129,5221920,
data/raw/external/river_water_dataset\2019\images\DJI_3519.JPG,0.35892296320127465,1874267,5221920,
data/raw/external/river_water_dataset\2019\images\DJI_3520.JPG,0.36154575328614763,1887963,5221920,
data/raw/external/river_water_dataset\2019\images\DJI_3521.JPG,0.3071272635352514,1603794,5221920,
data/raw/external/river_water_dataset\2019\images\DJI_3522.JPG,0.27022646842540676,1411101,5221920,
data/raw/external/river_water_dataset\2019\images\DJI_3523.JPG,0.2593649462266752,1354383,5221920,
data/raw/external/river_water_dataset\2019\images\DJI_3524.JPG,0.26169474063179826,1366549,5221920,
data/raw/external/river_water_dataset\2019\images\DJI_3525.JPG,0.246915885344854,1289375,5221920,
data/raw/external/river_water_dataset\2019\images\DJI_3526.JPG,0.1612927811992524,842258,5221920,
data/raw/external/river_water_dataset\2019\images\DJI_3527.JPG,0.04278866776970922,223439,5221920,
data/raw/external/river_water_dataset\2019\images\DJI_3530.JPG,0.015396635720194871,80400,5221920,
data/raw/external/river_water_dataset\2019\images\DJI_3531.JPG,0.026206261298526212,136847,5221920,
data/raw/external/river_water_dataset\2019\images\DJI_3532.JPG,0.025433940006740815,132814,5221920,
data/raw/external/river_water_dataset\2019\images\DJI_3533.JPG,0.025669677053650763,134045,5221920,
data/raw/external/river_water_dataset\2019\images\DJI_3535.JPG,0.032649868247694336,170495,5221920,
data/raw/external/river_water_dataset\2019\images\DJI_3536.JPG,0.16072306737751632,839283,5221920,
data/raw/external/river_water_dataset\2019\images\DJI_3537.JPG,0.2697616968471367,1408674,5221920,
data/raw/external/river_water_dataset\2019\images\DJI_3538.JPG,0.3063308131874866,1599635,5221920,
data/raw/external/river_water_dataset\2019\images\DJI_3539.JPG,0.31525722339675827,1646248,5221920,
data/raw/external/river_water_dataset\2019\images\DJI_3540.JPG,0.3517374835309618,1836745,5221920,
data/raw/external/river_water_dataset\2019\images\DJI_3541.JPG,0.36100744553727365,1885152,5221920,
data/raw/external/river_water_dataset\2019\images\DJI_3542.JPG,0.365490087937004,1908560,5221920,
data/raw/external/river_water_dataset\2019\images\DJI_3543.JPG,0.36733079020743326,1918172,5221920,
data/raw/external/river_water_dataset\2019\images\DJI_3544.JPG,0.33376823084229557,1742911,5221920,
data/raw/external/river_water_dataset\2019\images\DJI_3545.JPG,0.32197276097680544,1681316,5221920,
data/raw/external/river_water_dataset\2019\images\DJI_3546.JPG,0.2730972515856237,1426092,5221920,
data/raw/external/river_water_dataset\2019\images\DJI_3547.JPG,0.12024753347427766,627923,5221920,
data/raw/external/river_water_dataset\2019\images\DJI_3548.JPG,0.07852054416766246,410028,5221920,
data/raw/external/river_water_dataset\2019\images\DJI_3549.JPG,0.05677222171155437,296460,5221920,
data/raw/external/river_water_dataset\2019\images\DJI_3550.JPG,0.0025766384778012686,13455,5221920,
data/raw/external/river_water_dataset\2019\images\DJI_3584.JPG,0.01312046143947054,68514,5221920,
data/raw/external/river_water_dataset\2019\images\DJI_3585.JPG,0.04590054998927597,239689,5221920,
data/raw/external/river_water_dataset\2019\images\DJI_3586.JPG,0.03875777491803781,202390,5221920,
data/raw/external/river_water_dataset\2019\images\DJI_3587.JPG,0.08374084627876337,437288,5221920,
data/raw/external/river_water_dataset\2019\images\DJI_3588.JPG,0.22777369243496645,1189416,5221920,
data/raw/external/river_water_dataset\2019\images\DJI_3589.JPG,0.2793750191500444,1458874,5221920,
data/raw/external/river_water_dataset\2019\images\DJI_3590.JPG,0.2924728835370898,1527270,5221920,
data/raw/external/river_water_dataset\2019\images\DJI_3591.JPG,0.36018246162331097,1880844,5221920,
data/raw/external/river_water_dataset\2019\images\DJI_3592.JPG,0.3614653230995496,1887543,5221920,
data/raw/external/river_water_dataset\2019\images\DJI_3593.JPG,0.365368102153997,1907923,5221920,
data/raw/external/river_water_dataset\2019\images\DJI_3594.JPG,0.3617112096700064,1888827,5221920,
data/raw/external/river_water_dataset\2019\images\DJI_3595.JPG,0.35731512547109107,1865871,5221920,
data/raw/external/river_water_dataset\2019\images\DJI_3596.JPG,0.34749574869013694,1814595,5221920,
data/raw/external/river_water_dataset\2019\images\DJI_3597.JPG,0.3071789686552073,1604064,5221920,
data/raw/external/river_water_dataset\2019\images\DJI_3598.JPG,0.14698999601679075,767570,5221920,
data/raw/external/river_water_dataset\2019\images\DJI_3599.JPG,0.07885394644115575,411769,5221920,
data/raw/external/river_water_dataset\2019\images\DJI_3600.JPG,0.0713980681435181,372835,5221920,
data/raw/external/river_water_dataset\2019\images\DJI_3601.JPG,0.07224852161657015,377276,5221920,
data/raw/external/river_water_dataset\2020\images\DJI_3603.JPG,0.017543164200140945,91609,5221920,
data/raw/external/river_water_dataset\2020\images\DJI_3604.JPG,0.039727150166988384,207452,5221920,
data/raw/external/river_water_dataset\2020\images\DJI_3605.JPG,0.05642522290651714,294648,5221920,
data/raw/external/river_water_dataset\2020\images\DJI_3606.JPG,0.07554788277108802,394505,5221920,
data/raw/external/river_water_dataset\2020\images\DJI_3607.JPG,0.08614149584827037,449824,5221920,
data/raw/external/river_water_dataset\2020\images\DJI_3608.JPG,0.08498751417103288,443798,5221920,
data/raw/external/river_water_dataset\2020\images\DJI_3609.JPG,0.0800648037503447,418092,5221920,
data/raw/external/river_water_dataset\2020\images\DJI_3610.JPG,0.07964675828047921,415909,5221920,
data/raw/external/river_water_dataset\2020\images\DJI_3611.JPG,0.08024481416796887,419032,5221920,
data/raw/external/river_water_dataset\2020\images\DJI_3612.JPG,0.08663594999540399,452406,5221920,
data/raw/external/river_water_dataset\2020\images\DJI_3613.JPG,0.1199886248736097,626571,5221920,
data/raw/external/river_water_dataset\2020\images\DJI_3614.JPG,0.14857772620032478,775861,5221920,
data/raw/external/river_water_dataset\2020\images\DJI_3615.JPG,0.1631512930109998,851963,5221920,
data/raw/external/river_water_dataset\2020\images\DJI_3616.JPG,0.1726215644820296,901416,5221920,
data/raw/external/river_water_dataset\2020\images\DJI_3617.JPG,0.1984513359070993,1036297,5221920,
data/raw/external/river_water_dataset\2020\images\DJI_3618.JPG,0.23219256518675124,1212491,5221920,
data/raw/external/river_water_dataset\2020\images\DJI_3619.JPG,0.22974614701106105,1199716,5221920,
data/raw/external/river_water_dataset\2020\images\DJI_3620.JPG,0.19825772895793117,1035286,5221920,
data/raw/external/river_water_dataset\2020\images\DJI_3621.JPG,0.23736480068633758,1239500,5221920,
data/raw/external/river_water_dataset\2020\images\DJI_3622.JPG,0.1161877240555198,606723,5221920,
data/raw/external/river_water_dataset\2020\images\DJI_3623.JPG,0.029883644330054845,156050,5221920,
data/raw/external/river_water_dataset\2020\images\DJI_3624.JPG,0.08554382296166928,446703,5221920,
data/raw/external/river_water_dataset\2020\images\DJI_3625.JPG,0.14536894475595183,759105,5221920,
data/raw/external/river_water_dataset\2020\images\DJI_3626.JPG,0.17565608052210682,917262,5221920,
data/raw/external/river_water_dataset\2020\images\DJI_3627.JPG,0.18119523087293563,946187,5221920,
data/raw/external/river_water_dataset\2020\images\DJI_3628.JPG,0.16873870147378742,881140,5221920,
data/raw/external/river_water_dataset\2020\images\DJI_3629.JPG,0.1526509406501823,797131,5221920,
data/raw/external/river_water_dataset\2020\images\DJI_3630.JPG,0.13332490731378496,696212,5221920,
data/raw/external/river_water_dataset\2020\images\DJI_3631.JPG,0.10856236786469345,566904,5221920,
data/raw/external/river_water_dataset\2020\images\DJI_3632.JPG,0.08941232343659038,466904,5221920,
data/raw/external/river_water_dataset\2020\images\DJI_3633.JPG,0.0826542727579128,431614,5221920,
data/raw/external/river_water_dataset\2020\images\DJI_3634.JPG,0.08201542727579128,428278,5221920,
data/raw/external/river_water_dataset\2020\images\DJI_3635.JPG,0.08817714557097772,460454,5221920,
data/raw/external/river_water_dataset\2020\images\DJI_3636.JPG,0.10220302111100897,533696,5221920,
data/raw/external/river_water_dataset\2020\images\DJI_3637.JPG,0.13235304255905875,691137,5221920,
data/raw/external/river_water_dataset\2020\images\DJI_3638.JPG,0.12360874927229831,645475,5221920,
data/raw/external/river_water_dataset\2020\images\DJI_3639.JPG,0.11295711156049883,589853,5221920,
data/raw/external/river_water_dataset\2020\images\DJI_3640.JPG,0.10403663786499985,543271,5221920,
data/raw/external/river_water_dataset\2020\images\DJI_3641.JPG,0.07610706406838864,397425,5221920,
data/raw/external/river_water_dataset\2020\images\DJI_3642.JPG,0.04433560835861139,231517,5221920,
data/raw/external/river_water_dataset\2020\images\DJI_3643.JPG,0.042974423200661825,224409,5221920,
data/raw/external/river_water_dataset\2020\images\DJI_3644.JPG,0.07908489597695867,412975,5221920,
data/raw/external/river_water_dataset\2020\images\DJI_3645.JPG,0.10709547446150075,559244,5221920,
data/raw/external/river_water_dataset\2020\images\DJI_3646.JPG,0.07572310567760517,395420,5221920,
data/raw/external/river_water_dataset\2020\images\DJI_3647.JPG,0.14842318534179,775054,5221920,
data/raw/external/river_water_dataset\2020\images\DJI_3648.JPG,0.17217670894996476,899093,5221920,
data/raw/external/river_water_dataset\2020\images\DJI_3649.JPG,0.19092766645218617,997009,5221920,
data/raw/external/river_water_dataset\2020\images\DJI_3650.JPG,0.15428118393234672,805644,5221920,
data/raw/external/river_water_dataset\2020\images\DJI_3651.JPG,0.12826221006832736,669775,5221920,
data/raw/external/river_water_dataset\2020\images\DJI_3652.JPG,0.10656310322639949,556464,5221920,
data/raw/external/river_water_dataset\2020\images\DJI_3653.JPG,0.08632648527744584,450790,5221920,
data/raw/external/river_water_dataset\2020\images\DJI_3654.JPG,0.07523995005668413,392897,5221920,
data/raw/external/river_water_dataset\2020\images\DJI_3655.JPG,0.06037434506848056,315270,5221920,
data/raw/external/river_water_dataset\2020\images\DJI_3656.JPG,0.04526898152403713,236391,5221920,
data/raw/external/river_water_dataset\2020\images\DJI_3657.JPG,0.03416425376106873,178403,5221920,
data/raw/external/river_water_dataset\2020\images\DJI_3658.JPG,0.4815389741704201,2514558,5221920,
data/raw/external/river_water_dataset\2020\images\DJI_3659.JPG,0.01568043937861936,81882,5221920,
data/raw/external/river_water_dataset\2020\images\DJI_3660.JPG,0.022232435579250545,116096,5221920,
data/raw/external/river_water_dataset\2020\images\DJI_3661.JPG,0.019924089223886998,104042,5221920,
data/raw/external/river_water_dataset\2020\images\DJI_3662.JPG,0.014878435517970402,77694,5221920,
data/raw/external/river_water_dataset\2020\images\DJI_3663.JPG,0.006493205564236909,33907,5221920,
data/raw/external/river_water_dataset\2020\images\DJI_3681.JPG,0.019392100989674296,101264,5221920,
data/raw/external/river_water_dataset\2020\images\DJI_3682.JPG,0.06493109814014769,339065,5221920,
data/raw/external/river_water_dataset\2020\images\DJI_3683.JPG,0.09992110181695621,521780,5221920,
data/raw/external/river_water_dataset\2020\images\DJI_3684.JPG,0.15850166222385637,827683,5221920,
data/raw/external/river_water_dataset\2020\images\DJI_3685.JPG,0.22427574531972913,1171150,5221920,
data/raw/external/river_water_dataset\2020\images\DJI_3686.JPG,0.23364069154640438,1220053,5221920,
data/raw/external/river_water_dataset\2020\images\DJI_3687.JPG,0.20579307993994547,1074635,5221920,
data/raw/external/river_water_dataset\2020\images\DJI_3688.JPG,0.1467159588810246,766139,5221920,
data/raw/external/river_water_dataset\2020\images\DJI_3689.JPG,0.11591330391886509,605290,5221920,
data/raw/external/river_water_dataset\2020\images\DJI_3690.JPG,0.1318850154732359,688693,5221920,
data/raw/external/river_water_dataset\2020\images\DJI_3691.JPG,0.13962699543462942,729121,5221920,
data/raw/external/river_water_dataset\2020\images\DJI_3692.JPG,0.1665785764622974,869860,5221920,
data/raw/external/river_water_dataset\2020\images\DJI_3693.JPG,0.11550368446854797,603151,5221920,
data/raw/external/river_water_dataset\2020\images\DJI_3694.JPG,0.1267859331433649,662066,5221920,
data/raw/external/river_water_dataset\2020\images\DJI_3695.JPG,0.2224792796519288,1161769,5221920,
data/raw/external/river_water_dataset\2020\images\DJI_3696.JPG,0.24306289640591966,1269255,5221920,
data/raw/external/river_water_dataset\2020\images\DJI_3697.JPG,0.25067810307319915,1309021,5221920,
data/raw/external/river_water_dataset\2020\images\DJI_3698.JPG,0.24315022060851182,1269711,5221920,
data/raw/external/river_water_dataset\2020\images\DJI_3699.JPG,0.1544700033704078,806630,5221920,
data/raw/external/river_water_dataset\2020\images\DJI_3700.JPG,0.040114938566657474,209477,5221920,
data/raw/external/river_water_dataset\2020\images\DJI_3701.JPG,0.019638753561908265,102552,5221920,
data/raw/external/river_water_dataset\2020\images\DJI_3734.JPG,0.13095700432025004,683847,5221920,
data/raw/external/river_water_dataset\2020\images\DJI_3735.JPG,0.2642315470171891,1379796,5221920,
data/raw/external/river_water_dataset\2020\images\DJI_3736.JPG,0.2728950271164629,1425036,5221920,
data/raw/external/river_water_dataset\2020\images\DJI_3737.JPG,0.26961596500903884,1407913,5221920,
data/raw/external/river_water_dataset\2020\images\DJI_3738.JPG,0.2636562796825689,1376792,5221920,
data/raw/external/river_water_dataset\2020\images\DJI_3739.JPG,0.2388872292183718,1247450,5221920,
data/raw/external/river_water_dataset\2020\images\DJI_3740.JPG,0.17936755063271748,936643,5221920,
data/raw/external/river_water_dataset\2020\images\DJI_3741.JPG,0.18239938566657474,952475,5221920,
data/raw/external/river_water_dataset\2020\images\DJI_3742.JPG,0.20649358856512548,1078293,5221920,
data/raw/external/river_water_dataset\2020\images\DJI_3743.JPG,0.23188118546435027,1210865,5221920,
data/raw/external/river_water_dataset\2020\images\DJI_3744.JPG,0.19300525477219108,1007858,5221920,
data/raw/external/river_water_dataset\2020\images\DJI_3745.JPG,0.18225518583203112,951722,5221920,
data/raw/external/river_water_dataset\2020\images\DJI_3746.JPG,0.2069313585807519,1080579,5221920,
data/raw/external/river_water_dataset\2020\images\DJI_3747.JPG,0.22879247479854153,1194736,5221920,
data/raw/external/river_water_dataset\2020\images\DJI_3748.JPG,0.19116282899776327,998237,5221920,
data/raw/external/river_water_dataset\2020\images\DJI_3749.JPG,0.19974913441799186,1043074,5221920,
data/raw/external/river_water_dataset\2020\images\DJI_3750.JPG,0.3238188252596746,1690956,5221920,
data/raw/external/river_water_dataset\2020\images\DJI_3751.JPG,0.32725204522474494,1708884,5221920,
data/raw/external/river_water_dataset\2020\images\DJI_3752.JPG,0.3338151484511444,1743156,5221920,
data/raw/external/river_water_dataset\2020\images\DJI_3753.JPG,0.3059416842847075,1597603,5221920,
data/raw/external/river_water_dataset\2020\images\DJI_3754.JPG,0.19004772191071484,992414,5221920,
data/raw/external/river_water_dataset\2020\images\DJI_3755.JPG,0.03166268345742562,165340,5221920,
data/raw/external/river_water_dataset\2020\images\DJI_3788.JPG,0.1103314489689616,576142,5221920,
data/raw/external/river_water_dataset\2020\images\DJI_3789.JPG,0.2837701458467384,1481825,5221920,
data/raw/external/river_water_dataset\2020\images\DJI_3790.JPG,0.3592431519441125,1875939,5221920,
data/raw/external/river_water_dataset\2020\images\DJI_3791.JPG,0.3721420473695499,1943296,5221920,
data/raw/external/river_water_dataset\2020\images\DJI_3792.JPG,0.3773654134877593,1970572,5221920,
data/raw/external/river_water_dataset\2020\images\DJI_3793.JPG,0.3659462419952814,1910942,5221920,
data/raw/external/river_water_dataset\2020\images\DJI_3794.JPG,0.21098503998529278,1101747,5221920,
data/raw/external/river_water_dataset\2020\images\DJI_3795.JPG,0.2276126405613261,1188575,5221920,
data/raw/external/river_water_dataset\2020\images\DJI_3796.JPG,0.23850327082758832,1245445,5221920,
data/raw/external/river_water_dataset\2020\images\DJI_3797.JPG,0.26269322394827954,1371763,5221920,
data/raw/external/river_water_dataset\2020\images\DJI_3798.JPG,0.23231799797775532,1213146,5221920,
data/raw/external/river_water_dataset\2020\images\DJI_3799.JPG,0.172773807335233,902211,5221920,
data/raw/external/river_water_dataset\2020\images\DJI_3800.JPG,0.3129917731409137,1634418,5221920,
data/raw/external/river_water_dataset\2020\images\DJI_3801.JPG,0.3267231209976407,1706122,5221920,
data/raw/external/river_water_dataset\2020\images\DJI_3802.JPG,0.31572390997947114,1648685,5221920,
data/raw/external/river_water_dataset\2020\images\DJI_3803.JPG,0.2945495143548733,1538114,5221920,
data/raw/external/river_water_dataset\2020\images\DJI_3804.JPG,0.21507759598002268,1123118,5221920,
data/raw/external/river_water_dataset\2020\images\DJI_3805.JPG,0.10693423108741612,558402,5221920,
data/raw/external/river_water_dataset\2020\images\DJI_3826.JPG,0.10625593651377271,554860,5221920,
data/raw/external/river_water_dataset\2020\images\DJI_3827.JPG,0.22716395502037565,1186232,5221920,
data/raw/external/river_water_dataset\2020\images\DJI_3828.JPG,0.2520955893617673,1316423,5221920,
data/raw/external/river_water_dataset\2020\images\DJI_3829.JPG,0.22674227104206882,1184030,5221920,
data/raw/external/river_water_dataset\2020\images\DJI_3830.JPG,0.16184142997211753,845123,5221920,
data/raw/external/river_water_dataset\2020\images\DJI_3831.JPG,0.12479375402150933,651663,5221920,
data/raw/external/river_water_dataset\2020\images\DJI_3832.JPG,0.0630168596991145,329069,5221920,
data/raw/external/river_water_dataset\2020\images\DJI_3866.JPG,0.019954537794527685,104201,5221920,
data/raw/external/river_water_dataset\2020\images\DJI_3867.JPG,0.031990532218034745,167052,5221920,
data/raw/external/river_water_dataset\2020\images\DJI_3868.JPG,0.10495335049177314,548058,5221920,
data/raw/external/river_water_dataset\2020\images\DJI_3869.JPG,0.1340535665042743,700017,5221920,
data/raw/external/river_water_dataset\2020\images\DJI_3870.JPG,0.1407788706069798,735136,5221920,
data/raw/external/river_water_dataset\2020\images\DJI_3871.JPG,0.14326588687685757,748123,5221920,
data/raw/external/river_water_dataset\2020\images\DJI_3872.JPG,0.06410036921285657,334727,5221920,
data/raw/external/river_water_dataset\2020\images\DJI_3873.JPG,0.06821916076845298,356235,5221920,
data/raw/external/river_water_dataset\2020\images\DJI_3874.JPG,0.07260777645004136,379152,5221920,
data/raw/external/river_water_dataset\2020\images\DJI_3875.JPG,0.08832900542329258,461247,5221920,
data/raw/external/river_water_dataset\2020\images\DJI_3876.JPG,0.1040956200018384,543579,5221920,
data/raw/external/river_water_dataset\2020\images\DJI_3877.JPG,0.11675207586481601,609670,5221920,
data/raw/external/river_water_dataset\2020\images\DJI_3878.JPG,0.11859871464901799,619313,5221920,
data/raw/external/river_water_dataset\2020\images\DJI_3879.JPG,0.11691848975089622,610539,5221920,
data/raw/external/river_water_dataset\2020\images\DJI_3880.JPG,0.07213936636332996,376706,5221920,
data/raw/external/river_water_dataset\2020\images\DJI_3881.JPG,0.0065667417348408245,34291,5221920,
data/raw/external/river_water_dataset\2020\images\DJI_3919.JPG,0.016800908478107668,87733,5221920,
data/raw/external/river_water_dataset\2020\images\DJI_3920.JPG,0.08917811839323467,465681,5221920,
data/raw/external/river_water_dataset\2020\images\DJI_3921.JPG,0.15619580537426847,815642,5221920,
data/raw/external/river_water_dataset\2020\images\DJI_3922.JPG,0.15938218126666054,832281,5221920,
data/raw/external/river_water_dataset\2020\images\DJI_3923.JPG,0.15059307687593834,786385,5221920,
data/raw/external/river_water_dataset\2020\images\DJI_3924.JPG,0.14744940558262096,769969,5221920,
data/raw/external/river_water_dataset\2020\images\DJI_3925.JPG,0.12417539908692588,648434,5221920,
data/raw/external/river_water_dataset\2020\images\DJI_3926.JPG,0.11141897999203358,581821,5221920,
data/raw/external/river_water_dataset\2020\images\DJI_3927.JPG,0.1062197429298036,554671,5221920,
data/raw/external/river_water_dataset\2020\images\DJI_3928.JPG,0.11020276067040476,575470,5221920,
data/raw/external/river_water_dataset\2020\images\DJI_3929.JPG,0.13428011152985875,701200,5221920,
data/raw/external/river_water_dataset\2020\images\DJI_3930.JPG,0.15368810705640837,802547,5221920,
data/raw/external/river_water_dataset\2020\images\DJI_3931.JPG,0.14393307442473266,751607,5221920,
data/raw/external/river_water_dataset\2020\images\DJI_3932.JPG,0.22598948279560008,1180099,5221920,
data/raw/external/river_water_dataset\2020\images\DJI_3933.JPG,0.2225024512056868,1161890,5221920,
data/raw/external/river_water_dataset\2020\images\DJI_3934.JPG,0.21991872721144712,1148398,5221920,
data/raw/external/river_water_dataset\2020\images\DJI_3935.JPG,0.165502343965438,864240,5221920,
data/raw/external/river_water_dataset\2020\images\DJI_3936.JPG,0.07883805190428042,411686,5221920,
data/raw/external/river_water_dataset\2020\images\DJI_3937.JPG,0.013652641174127523,71293,5221920,
data/raw/external/river_water_dataset\2020\images\DJI_3966.JPG,0.018816259153721236,98257,5221920,
data/raw/external/river_water_dataset\2020\images\DJI_3967.JPG,0.06869637987560132,358727,5221920,
data/raw/external/river_water_dataset\2020\images\DJI_3968.JPG,0.18194074210252167,950080,5221920,
data/raw/external/river_water_dataset\2020\images\DJI_3969.JPG,0.2650630419462573,1384138,5221920,
data/raw/external/river_water_dataset\2020\images\DJI_3970.JPG,0.2758816680454699,1440632,5221920,
data/raw/external/river_water_dataset\2020\images\DJI_3971.JPG,0.27089384747372613,1414586,5221920,
data/raw/external/river_water_dataset\2020\images\DJI_3972.JPG,0.2513196295615406,1312371,5221920,
data/raw/external/river_water_dataset\2020\images\DJI_3973.JPG,0.20902886294696205,1091532,5221920,
data/raw/external/river_water_dataset\2020\images\DJI_3974.JPG,0.21198543830621688,1106971,5221920,
data/raw/external/river_water_dataset\2020\images\DJI_3975.JPG,0.22026859852314856,1150225,5221920,
data/raw/external/river_water_dataset\2020\images\DJI_3976.JPG,0.21198658730888256,1106977,5221920,
data/raw/external/river_water_dataset\2020\images\DJI_3977.JPG,0.2687590005208812,1403438,5221920,
data/raw/external/river_water_dataset\2020\images\DJI_3978.JPG,0.2701138661641695,1410513,5221920,
data/raw/external/river_water_dataset\2020\images\DJI_3979.JPG,0.24343517326960198,1271199,5221920,
data/raw/external/river_water_dataset\2020\images\DJI_3980.JPG,0.15842697705058675,827293,5221920,
data/raw/external/river_water_dataset\2020\images\DJI_3981.JPG,0.06961634800992739,363531,5221920,
data/raw/external/river_water_dataset\2020\images\DJI_4008.JPG,0.06469899960167907,337853,5221920,
data/raw/external/river_water_dataset\2020\images\DJI_4009.JPG,0.15180067867757452,792691,5221920,
data/raw/external/river_water_dataset\2020\images\DJI_4010.JPG,0.22208325673315563,1159701,5221920,
data/raw/external/river_water_dataset\2020\images\DJI_4011.JPG,0.2438761987927812,1273502,5221920,
data/raw/external/river_water_dataset\2020\images\DJI_4012.JPG,0.24304144835616018,1269143,5221920,
data/raw/external/river_water_dataset\2020\images\DJI_4013.JPG,0.2501432423323222,1306228,5221920,
data/raw/external/river_water_dataset\2020\images\DJI_4014.JPG,0.20120070778564206,1050654,5221920,
data/raw/external/river_water_dataset\2020\images\DJI_4015.JPG,0.14968287526427063,781632,5221920,
data/raw/external/river_water_dataset\2020\images\DJI_4016.JPG,0.09725809663878421,507874,5221920,
data/raw/external/river_water_dataset\2020\images\DJI_4017.JPG,0.053963676195728776,281794,5221920,
data/raw/external/river_water_dataset\2020\images\DJI_4018.JPG,0.04355428654594479,227437,5221920,
data/raw/external/river_water_dataset\2020\images\DJI_4019.JPG,0.15597251585623678,814476,5221920,
data/raw/external/river_water_dataset\2020\images\DJI_4020.JPG,0.20599013389711063,1075664,5221920,
data/raw/external/river_water_dataset\2020\images\DJI_4021.JPG,0.1948141679688697,1017304,5221920,
data/raw/external/river_water_dataset\2020\images\DJI_4022.JPG,0.20426548089591567,1066658,5221920,
data/raw/external/river_water_dataset\2020\images\DJI_4023.JPG,0.22114739406195422,1154814,5221920,
data/raw/external/river_water_dataset\2020\images\DJI_4024.JPG,0.16016963109354412,836393,5221920,
data/raw/external/river_water_dataset\2020\images\DJI_4025.JPG,0.035608933112724825,185947,5221920,
data/raw/external/river_water_dataset\2020\images\DJI_4039.JPG,0.10311437172534241,538455,5221920,
data/raw/external/river_water_dataset\2020\images\DJI_4040.JPG,0.21047545730306094,1099086,5221920,
data/raw/external/river_water_dataset\2020\images\DJI_4041.JPG,0.2540601924196464,1326682,5221920,
data/raw/external/river_water_dataset\2020\images\DJI_4042.JPG,0.2483889067622637,1297067,5221920,
data/raw/external/river_water_dataset\2020\images\DJI_4043.JPG,0.24733814382449368,1291580,5221920,
data/raw/external/river_water_dataset\2020\images\DJI_4044.JPG,0.24857887520299046,1298059,5221920,
data/raw/external/river_water_dataset\2020\images\DJI_4045.JPG,0.17768387872659863,927851,5221920,
data/raw/external/river_water_dataset\2020\images\DJI_4046.JPG,0.09298361522198731,485553,5221920,
data/raw/external/river_water_dataset\2020\images\DJI_4073.JPG,0.03374525078898183,176215,5221920,
data/raw/external/river_water_dataset\2020\images\DJI_4074.JPG,0.09842299384134572,513957,5221920,
data/raw/external/river_water_dataset\2020\images\DJI_4075.JPG,0.16685969911450194,871328,5221920,
data/raw/external/river_water_dataset\2020\images\DJI_4076.JPG,0.21129316420014094,1103356,5221920,
data/raw/external/river_water_dataset\2020\images\DJI_4077.JPG,0.2576521662530257,1345439,5221920,
data/raw/external/river_water_dataset\2020\images\DJI_4078.JPG,0.21028146735300426,1098073,5221920,
data/raw/external/river_water_dataset\2020\images\DJI_4079.JPG,0.1719716119741398,898022,5221920,
data/raw/external/river_water_dataset\2020\images\DJI_4080.JPG,0.13446682446303276,702175,5221920,
data/raw/external/river_water_dataset\2020\images\DJI_4081.JPG,0.0576774443116708,301187,5221920,
data/raw/external/river_water_dataset\2020\images\DJI_4082.JPG,0.013093459876826915,68373,5221920,
data/raw/external/river_water_dataset\2020\images\DJI_4090.JPG,0.026318480558874896,137433,5221920,
data/raw/external/river_water_dataset\2020\images\DJI_4091.JPG,0.0652237108190091,340593,5221920,
data/raw/external/river_water_dataset\2020\images\DJI_4092.JPG,0.10780249410178631,562936,5221920,
data/raw/external/river_water_dataset\2020\images\DJI_4093.JPG,0.1519533045316665,793488,5221920,
data/raw/external/river_water_dataset\2020\images\DJI_4094.JPG,0.14792719919110212,772464,5221920,
data/raw/external/river_water_dataset\2020\images\DJI_4095.JPG,0.1567921377577596,818756,5221920,
data/raw/external/river_water_dataset\2020\images\DJI_4096.JPG,0.12107481539357172,632243,5221920,
data/raw/external/river_water_dataset\2020\images\DJI_4097.JPG,0.06844493979226032,357414,5221920,
data/raw/external/river_water_dataset\2020\images\DJI_4098.JPG,0.030512723289518033,159335,5221920,
data/raw/external/river_water_dataset\2020\images\DJI_4099.JPG,0.012770590127769096,66687,5221920,
data/raw/external/river_water_dataset\2020\images\DJI_4117.JPG,0.00607918160370132,31745,5221920,
data/raw/external/river_water_dataset\2020\images\DJI_4118.JPG,0.05577833440573582,291270,5221920,
data/raw/external/river_water_dataset\2020\images\DJI_4119.JPG,0.06542114777706284,341624,5221920,
data/raw/external/river_water_dataset\2020\images\DJI_4120.JPG,0.06596137053037963,344445,5221920,
data/raw/external/river_water_dataset\2020\images\DJI_4121.JPG,0.059485208505683736,310627,5221920,
data/raw/external/river_water_dataset\2020\images\DJI_4122.JPG,0.0930807059472378,486060,5221920,
data/raw/external/river_water_dataset\2020\images\DJI_4123.JPG,0.09096826454637374,475029,5221920,
data/raw/external/river_water_dataset\2020\images\DJI_4124.JPG,0.10549070073842572,550864,5221920,
data/raw/external/river_water_dataset\2020\images\DJI_4125.JPG,0.12999069307840794,678801,5221920,
data/raw/external/river_water_dataset\2020\images\DJI_4126.JPG,0.11633900940650183,607513,5221920,
data/raw/external/river_water_dataset\2020\images\DJI_4127.JPG,0.09633966050801238,503078,5221920,
data/raw/external/river_water_dataset\2020\images\DJI_4128.JPG,0.08734890614946227,456129,5221920,
data/raw/external/river_water_dataset\2020\images\DJI_4129.JPG,0.0683775316358734,357062,5221920,
data/raw/external/river_water_dataset\2020\images\DJI_4130.JPG,0.020075566075313293,104833,5221920,
data/raw/external/river_water_dataset\2020\images\DJI_4147.JPG,0.005167064987590771,26982,5221920,
data/raw/external/river_water_dataset\2020\images\DJI_4148.JPG,0.03582590311609523,187080,5221920,
data/raw/external/river_water_dataset\2020\images\DJI_4149.JPG,0.04842931335600699,252894,5221920,
data/raw/external/river_water_dataset\2020\images\DJI_4150.JPG,0.07420335815179091,387484,5221920,
data/raw/external/river_water_dataset\2020\images\DJI_4151.JPG,0.08085799859055673,422234,5221920,
data/raw/external/river_water_dataset\2020\images\DJI_4152.JPG,0.09661063363667004,504493,5221920,
data/raw/external/river_water_dataset\2020\images\DJI_4153.JPG,0.12200703955633177,637111,5221920,
data/raw/external/river_water_dataset\2020\images\DJI_4154.JPG,0.13320273003033367,695574,5221920,
data/raw/external/river_water_dataset\2020\images\DJI_4155.JPG,0.15665023592854735,818015,5221920,
data/raw/external/river_water_dataset\2020\images\DJI_4156.JPG,0.13052861782639336,681610,5221920,
data/raw/external/river_water_dataset\2020\images\DJI_4157.JPG,0.1136568541839017,593507,5221920,
data/raw/external/river_water_dataset\2020\images\DJI_4158.JPG,0.14188191316603854,740896,5221920,
data/raw/external/river_water_dataset\2020\images\DJI_4159.JPG,0.09148550724637682,477730,5221920,
data/raw/external/river_water_dataset\2020\images\DJI_4160.JPG,0.031347473726139045,163694,5221920,
data/raw/external/river_water_dataset\2020\images\DJI_4161.JPG,0.0032126114532585715,16776,5221920,
data/raw/external/river_water_dataset\2020\images\DJI_4168.JPG,0.007810537120446119,40786,5221920,
data/raw/external/river_water_dataset\2020\images\DJI_4169.JPG,0.06407949566442994,334618,5221920,
data/raw/external/river_water_dataset\2020\images\DJI_4170.JPG,0.14163028158225327,739582,5221920,
data/raw/external/river_water_dataset\2020\images\DJI_4171.JPG,0.17647914943162668,921560,5221920,
data/raw/external/river_water_dataset\2020\images\DJI_4172.JPG,0.19978992401262372,1043287,5221920,
data/raw/external/river_water_dataset\2020\images\DJI_4173.JPG,0.19677168551031038,1027526,5221920,
data/raw/external/river_water_dataset\2020\images\DJI_4174.JPG,0.18722155835401538,977656,5221920,
data/raw/external/river_water_dataset\2020\images\DJI_4175.JPG,0.15587121212121213,813947,5221920,
data/raw/external/river_water_dataset\2020\images\DJI_4176.JPG,0.10935173269601986,571026,5221920,
data/raw/external/river_water_dataset\2020\images\DJI_4177.JPG,0.08396030578790943,438434,5221920,
data/raw/external/river_water_dataset\2020\images\DJI_4178.JPG,0.060077902380733524,313722,5221920,
data/raw/external/river_water_dataset\2020\images\DJI_4179.JPG,0.042456414498881635,221704,5221920,
data/raw/external/river_water_dataset\2020\images\DJI_4180.JPG,0.019917961209670005,104010,5221920,
data/raw/external/river_water_dataset\2020\images\DJI_4206.JPG,0.009602789778472285,50145,5221920,
data/raw/external/river_water_dataset\2020\images\DJI_4207.JPG,0.03240857768790024,169235,5221920,
data/raw/external/river_water_dataset\2020\images\DJI_4208.JPG,0.04541681986702209,237163,5221920,
data/raw/external/river_water_dataset\2020\images\DJI_4209.JPG,0.08807392683151025,459915,5221920,
data/raw/external/river_water_dataset\2020\images\DJI_4210.JPG,0.19002665686184392,992304,5221920,
data/raw/external/river_water_dataset\2020\images\DJI_4211.JPG,0.2803465009038821,1463947,5221920,
data/raw/external/river_water_dataset\2020\images\DJI_4212.JPG,0.2775992355302264,1449601,5221920,
data/raw/external/river_water_dataset\2020\images\DJI_4213.JPG,0.29613092502374605,1546372,5221920,
data/raw/external/river_water_dataset\2020\images\DJI_4214.JPG,0.25952216809142997,1355204,5221920,
data/raw/external/river_water_dataset\2020\images\DJI_4215.JPG,0.21231769157704447,1108706,5221920,
data/raw/external/river_water_dataset\2020\images\DJI_4216.JPG,0.09797105279284248,511597,5221920,
data/raw/external/river_water_dataset\2020\images\DJI_4217.JPG,0.0119911833195453,62617,5221920,
data/raw/external/river_water_dataset\2020\images\DJI_4223.JPG,0.05732929650396789,299369,5221920,
data/raw/external/river_water_dataset\2020\images\DJI_4224.JPG,0.16907172074639212,882879,5221920,
data/raw/external/river_water_dataset\2020\images\DJI_4225.JPG,0.23510183993626865,1227683,5221920,
data/raw/external/river_water_dataset\2020\images\DJI_4226.JPG,0.2494973113337623,1302855,5221920,
data/raw/external/river_water_dataset\2020\images\DJI_4227.JPG,0.3342969635689555,1745672,5221920,
data/raw/external/river_water_dataset\2020\images\DJI_4228.JPG,0.2732025768299782,1426642,5221920,
data/raw/external/river_water_dataset\2020\images\DJI_4229.JPG,0.20599377240555197,1075683,5221920,
data/raw/external/river_water_dataset\2020\images\DJI_4230.JPG,0.09681094310138799,505539,5221920,
data/raw/external/river_water_dataset\2020\images\DJI_4231.JPG,0.017986870729540094,93926,5221920,
data/raw/external/river_water_dataset\2020\images\DJI_4232.JPG,0.005254580690627202,27439,5221920,
data/raw/external/river_water_dataset\2020\images\DJI_4265.JPG,0.010677107270888869,55755,5221920,
data/raw/external/river_water_dataset\2020\images\DJI_4266.JPG,0.05225779023807335,272886,5221920,
data/raw/external/river_water_dataset\2020\images\DJI_4267.JPG,0.11969926770230106,625060,5221920,
data/raw/external/river_water_dataset\2020\images\DJI_4268.JPG,0.1784778395685878,931997,5221920,
data/raw/external/river_water_dataset\2020\images\DJI_4269.JPG,0.1914663572019487,999822,5221920,
data/raw/external/river_water_dataset\2020\images\DJI_4270.JPG,0.1770300962098232,924437,5221920,
data/raw/external/river_water_dataset\2020\images\DJI_4271.JPG,0.18097289885712534,945026,5221920,
data/raw/external/river_water_dataset\2020\images\DJI_4272.JPG,0.15298759843122836,798889,5221920,
data/raw/external/river_water_dataset\2020\images\DJI_4273.JPG,0.08074960933909367,421668,5221920,
data/raw/external/river_water_dataset\2020\images\DJI_4274.JPG,0.04719777399883568,246463,5221920,
data/raw/external/river_water_dataset\2020\images\DJI_4275.JPG,0.16137895639917885,842708,5221920,
data/raw/external/river_water_dataset\2020\images\DJI_4276.JPG,0.21744588197444617,1135485,5221920,
data/raw/external/river_water_dataset\2020\images\DJI_4277.JPG,0.19498747587094403,1018209,5221920,
data/raw/external/river_water_dataset\2020\images\DJI_4278.JPG,0.20298395992278703,1059966,5221920,
data/raw/external/river_water_dataset\2020\images\DJI_4279.JPG,0.17649485246805774,921642,5221920,
data/raw/external/river_water_dataset\2020\images\DJI_4280.JPG,0.18732994760547844,978222,5221920,
data/raw/external/river_water_dataset\2020\images\DJI_4281.JPG,0.18013355240984158,940643,5221920,
data/raw/external/river_water_dataset\2020\images\DJI_4282.JPG,0.08280479210711769,432400,5221920,
data/raw/external/river_water_dataset\2020\images\DJI_4283.JPG,0.021487307350553052,112205,5221920,
data/raw/external/river_water_dataset\2020\images\DJI_4284.JPG,0.004025913840120109,21023,5221920,
data/raw/external/river_water_dataset\2020\images\DJI_4319.JPG,0.02165199773263474,113065,5221920,
data/raw/external/river_water_dataset\2020\images\DJI_4320.JPG,0.08987460550908478,469318,5221920,
data/raw/external/river_water_dataset\2020\images\DJI_4321.JPG,0.15292842479394553,798580,5221920,
data/raw/external/river_water_dataset\2020\images\DJI_4322.JPG,0.16630932683763827,868454,5221920,
data/raw/external/river_water_dataset\2020\images\DJI_4323.JPG,0.15681454330974048,818873,5221920,
data/raw/external/river_water_dataset\2020\images\DJI_4324.JPG,0.15722397125961332,821011,5221920,
data/raw/external/river_water_dataset\2020\images\DJI_4325.JPG,0.10919297882771088,570197,5221920,
data/raw/external/river_water_dataset\2020\images\DJI_4326.JPG,0.10925789747832215,570536,5221920,
data/raw/external/river_water_dataset\2020\images\DJI_4327.JPG,0.1062590005208812,554876,5221920,
data/raw/external/river_water_dataset\2020\images\DJI_4328.JPG,0.12361047277629685,645484,5221920,
data/raw/external/river_water_dataset\2020\images\DJI_4329.JPG,0.15432120752520145,805853,5221920,
data/raw/external/river_water_dataset\2020\images\DJI_4330.JPG,0.15548553022643014,811933,5221920,
data/raw/external/river_water_dataset\2020\images\DJI_4331.JPG,0.14336470110610658,748639,5221920,
data/raw/external/river_water_dataset\2020\images\DJI_4332.JPG,0.0862562046143947,450423,5221920,
data/raw/external/river_water_dataset\2020\images\DJI_4333.JPG,0.03381572295247725,176583,5221920,
data/raw/external/river_water_dataset\2020\images\DJI_4368.JPG,0.07197525048258112,375849,5221920,
data/raw/external/river_water_dataset\2020\images\DJI_4369.JPG,0.14304068235438305,746947,5221920,
data/raw/external/river_water_dataset\2020\images\DJI_4370.JPG,0.17268858963752795,901766,5221920,
data/raw/external/river_water_dataset\2020\images\DJI_4371.JPG,0.16445119802677943,858751,5221920,
data/raw/external/river_water_dataset\2020\images\DJI_4372.JPG,0.15516649048625794,810267,5221920,
data/raw/external/river_water_dataset\2020\images\DJI_4373.JPG,0.14662557067132395,765667,5221920,
data/raw/external/river_water_dataset\2020\images\DJI_4374.JPG,0.12444292520758649,649831,5221920,
data/raw/external/river_water_dataset\2020\images\DJI_4375.JPG,0.1236280908171707,645576,5221920,
data/raw/external/river_water_dataset\2020\images\DJI_4376.JPG,0.13554880197322058,707825,5221920,
data/raw/external/river_water_dataset\2020\images\DJI_4377.JPG,0.1619157321444986,845511,5221920,
data/raw/external/river_water_dataset\2020\images\DJI_4378.JPG,0.15611097067745197,815199,5221920,
data/raw/external/river_water_dataset\2020\images\DJI_4379.JPG,0.15800299506694856,825079,5221920,
data/raw/external/river_water_dataset\2020\images\DJI_4380.JPG,0.10009823972791616,522705,5221920,
data/raw/external/river_water_dataset\2020\images\DJI_4381.JPG,0.018888837822103748,98636,5221920,
data/raw/external/river_water_dataset\2020\images\DJI_4415.JPG,0.009650664889542544,50395,5221920,
data/raw/external/river_water_dataset\2020\images\DJI_4416.JPG,0.04384249471458774,228942,5221920,
data/raw/external/river_water_dataset\2020\images\DJI_4417.JPG,0.11942350706253639,623620,5221920,
data/raw/external/river_water_dataset\2020\images\DJI_4418.JPG,0.1630249027177743,851303,5221920,
data/raw/external/river_water_dataset\2020\images\DJI_4419.JPG,0.15867669362992923,828597,5221920,
data/raw/external/river_water_dataset\2020\images\DJI_4420.JPG,0.15489647485982166,808857,5221920,
data/raw/external/river_water_dataset\2020\images\DJI_4421.JPG,0.11728406409902871,612448,5221920,
data/raw/external/river_water_dataset\2020\images\DJI_4422.JPG,0.10403031835033857,543238,5221920,
data/raw/external/river_water_dataset\2020\images\DJI_4423.JPG,0.10439512669669393,545143,5221920,
data/raw/external/river_water_dataset\2020\images\DJI_4424.JPG,0.08394383674970125,438348,5221920,
data/raw/external/river_water_dataset\2020\images\DJI_4425.JPG,0.13791249195698135,720168,5221920,
data/raw/external/river_water_dataset\2020\images\DJI_4426.JPG,0.165403529736189,863724,5221920,
data/raw/external/river_water_dataset\2020\images\DJI_4427.JPG,0.1568991865061127,819315,5221920,
data/raw/external/river_water_dataset\2020\images\DJI_4428.JPG,0.10711730551214879,559358,5221920,
data/raw/external/river_water_dataset\2020\images\DJI_4429.JPG,0.07106447436958054,371093,5221920,
data/raw/external/river_water_dataset\2020\images\DJI_4430.JPG,0.04537909427949873,236966,5221920,
data/raw/external/river_water_dataset\2020\images\DJI_4431.JPG,0.009498422036339124,49600,5221920,
data/raw/external/river_water_dataset\2020\images\DJI_4464.JPG,0.04045753286147624,211266,5221920,
data/raw/external/river_water_dataset\2020\images\DJI_4465.JPG,0.08454533964518798,441489,5221920,
data/raw/external/river_water_dataset\2020\images\DJI_4466.JPG,0.12584719796549929,657164,5221920,
data/raw/external/river_water_dataset\2020\images\DJI_4467.JPG,0.16091150381468886,840267,5221920,
data/raw/external/river_water_dataset\2020\images\DJI_4468.JPG,0.17571870116738672,917589,5221920,
data/raw/external/river_water_dataset\2020\images\DJI_4469.JPG,0.15207912032355916,794145,5221920,
data/raw/external/river_water_dataset\2020\images\DJI_4470.JPG,0.10900396788920551,569210,5221920,
data/raw/external/river_water_dataset\2020\images\DJI_4471.JPG,0.11661228054049086,608940,5221920,
data/raw/external/river_water_dataset\2020\images\DJI_4472.JPG,0.12197429298035971,636940,5221920,
data/raw/external/river_water_dataset\2020\images\DJI_4473.JPG,0.15033991328859883,785063,5221920,
data/raw/external/river_water_dataset\2020\images\DJI_4474.JPG,0.1873806952232129,978487,5221920,
data/raw/external/river_water_dataset\2020\images\DJI_4475.JPG,0.19186889113582745,1001924,5221920,
data/raw/external/river_water_dataset\2020\images\DJI_4476.JPG,0.19034550510157183,993969,5221920,
data/raw/external/river_water_dataset\2020\images\DJI_4477.JPG,0.16798763673131722,877218,5221920,
data/raw/external/river_water_dataset\2020\images\DJI_4478.JPG,0.13029115727548488,680370,5221920,
data/raw/external/river_water_dataset\2020\images\DJI_4479.JPG,0.09760566994515427,509689,5221920,
data/raw/external/river_water_dataset\2020\images\DJI_4480.JPG,0.06431580721267273,335852,5221920,
data/raw/external/river_water_dataset\2020\images\DJI_4481.JPG,0.037384716732542816,195220,5221920,
data/raw/external/river_water_dataset\2020\images\DJI_4482.JPG,0.04426341269111744,231140,5221920,
data/raw/external/river_water_dataset\2020\images\DJI_4483.JPG,0.005111721359193553,26693,5221920,
data/raw/external/river_water_dataset\2020\images\DJI_4488.JPG,0.044908386187455955,234508,5221920,
data/raw/external/river_water_dataset\2020\images\DJI_4489.JPG,0.038831502589086006,202775,5221920,
data/raw/external/river_water_dataset\2020\images\DJI_4492.JPG,0.040290161473174615,210392,5221920,
data/raw/external/river_water_dataset\2020\images\DJI_4493.JPG,0.10046304807427153,524610,5221920,
data/raw/external/river_water_dataset\2020\images\DJI_4494.JPG,0.15022884303091583,784483,5221920,
data/raw/external/river_water_dataset\2020\images\DJI_4495.JPG,0.17387589239207035,907966,5221920,
data/raw/external/river_water_dataset\2020\images\DJI_4496.JPG,0.19511041915617244,1018851,5221920,
data/raw/external/river_water_dataset\2020\images\DJI_4497.JPG,0.21582406471183013,1127016,5221920,
data/raw/external/river_water_dataset\2020\images\DJI_4498.JPG,0.22186379722400956,1158555,5221920,
data/raw/external/river_water_dataset\2020\images\DJI_4499.JPG,0.1874132502987407,978657,5221920,
data/raw/external/river_water_dataset\2020\images\DJI_4500.JPG,0.15026082360511075,784650,5221920,
data/raw/external/river_water_dataset\2020\images\DJI_4501.JPG,0.10571303275423599,552025,5221920,
data/raw/external/river_water_dataset\2020\images\DJI_4502.JPG,0.06285025431259,328199,5221920,
data/raw/external/river_water_dataset\2020\images\DJI_4503.JPG,0.035779177007690656,186836,5221920,
data/raw/external/river_water_dataset\2020\images\DJI_4504.JPG,0.015613222722676717,81531,5221920,
data/raw/external/river_water_dataset\2020\images\DJI_4525.JPG,0.04719566749394859,246452,5221920,
data/raw/external/river_water_dataset\2020\images\DJI_4526.JPG,0.04808710206207678,251107,5221920,
data/raw/external/river_water_dataset\2020\images\DJI_4527.JPG,0.049755645433097406,259820,5221920,
data/raw/external/river_water_dataset\2020\images\DJI_4528.JPG,0.05079702484909765,265258,5221920,
data/raw/external/river_water_dataset\2020\images\DJI_4529.JPG,0.05272447682078622,275323,5221920,
data/raw/external/river_water_dataset\2020\images\DJI_4530.JPG,0.046658317247296015,243646,5221920,
data/raw/external/river_water_dataset\2020\images\DJI_4533.JPG,0.013486035787603027,70423,5221920,
data/raw/external/river_water_dataset\2020\images\DJI_4534.JPG,0.05329668014829794,278311,5221920,
data/raw/external/river_water_dataset\2020\images\DJI_4535.JPG,0.10073248919937494,526017,5221920,
data/raw/external/river_water_dataset\2020\images\DJI_4536.JPG,0.14181603701320586,740552,5221920,
data/raw/external/river_water_dataset\2020\images\DJI_4537.JPG,0.14542716089101326,759409,5221920,
data/raw/external/river_water_dataset\2020\images\DJI_4538.JPG,0.18342391304347827,957825,5221920,
data/raw/external/river_water_dataset\2020\images\DJI_4539.JPG,0.21224147440022062,1108308,5221920,
data/raw/external/river_water_dataset\2020\images\DJI_4540.JPG,0.23199953273891596,1211483,5221920,
data/raw/external/river_water_dataset\2020\images\DJI_4541.JPG,0.23034324539632933,1202834,5221920,
data/raw/external/river_water_dataset\2020\images\DJI_4542.JPG,0.217389197842939,1135189,5221920,
data/raw/external/river_water_dataset\2020\images\DJI_4543.JPG,0.18592471734534424,970884,5221920,
data/raw/external/river_water_dataset\2020\images\DJI_4544.JPG,0.18699252382265527,976460,5221920,
data/raw/external/river_water_dataset\2020\images\DJI_4545.JPG,0.14433637436038851,753713,5221920,
data/raw/external/river_water_dataset\2020\images\DJI_4546.JPG,0.12110775346998805,632415,5221920,
data/raw/external/river_water_dataset\2020\images\DJI_4547.JPG,0.06667183717866225,348155,5221920,
data/raw/external/river_water_dataset\2020\images\DJI_4548.JPG,0.040270245426969394,210288,5221920,
data/raw/external/river_water_dataset\2020\images\DJI_4554.JPG,0.012278050985078285,64115,5221920,
data/raw/external/river_water_dataset\2020\images\DJI_4555.JPG,0.05670979256671876,296134,5221920,
data/raw/external/river_water_dataset\2020\images\DJI_4556.JPG,0.09869300946778196,515367,5221920,
data/raw/external/river_water_dataset\2020\images\DJI_4557.JPG,0.09838316174893526,513749,5221920,
data/raw/external/river_water_dataset\2020\images\DJI_4558.JPG,0.13364681956062138,697893,5221920,
data/raw/external/river_water_dataset\2020\images\DJI_4559.JPG,0.1666099825351595,870024,5221920,
data/raw/external/river_water_dataset\2020\images\DJI_4560.JPG,0.20189144988816374,1054261,5221920,
data/raw/external/river_water_dataset\2020\images\DJI_4561.JPG,0.19519621135521034,1019299,5221920,
data/raw/external/river_water_dataset\2020\images\DJI_4562.JPG,0.21639990654778318,1130023,5221920,
data/raw/external/river_water_dataset\2020\images\DJI_4563.JPG,0.21000513221190673,1096630,5221920,
data/raw/external/river_water_dataset\2020\images\DJI_4564.JPG,0.22172055489168735,1157807,5221920,
data/raw/external/river_water_dataset\2020\images\DJI_4565.JPG,0.21099327450439684,1101790,5221920,
data/raw/external/river_water_dataset\2020\images\DJI_4566.JPG,0.21459961087109722,1120622,5221920,
data/raw/external/river_water_dataset\2020\images\DJI_4567.JPG,0.17850694763611852,932149,5221920,
data/raw/external/river_water_dataset\2020\images\DJI_4568.JPG,0.1316619174556485,687528,5221920,
data/raw/external/river_water_dataset\2020\images\DJI_4569.JPG,0.08524125225970525,445123,5221920,
data/raw/external/river_water_dataset\2020\images\DJI_4570.JPG,0.0831701749548059,434308,5221920,
data/raw/external/river_water_dataset\2020\images\DJI_4571.JPG,0.029470960872629223,153895,5221920,
data/raw/external/river_water_dataset\2020\images\DJI_4572.JPG,0.006894590495449949,36003,5221920,
data/raw/external/river_water_dataset\2020\images\DJI_4573.JPG,0.07932637803719704,414236,5221920,
data/raw/external/river_water_dataset\2020\images\DJI_4574.JPG,0.0763052670282195,398460,5221920,
data/raw/external/river_water_dataset\2020\images\DJI_4575.JPG,0.07379278119925238,385340,5221920,
data/raw/external/river_water_dataset\2020\images\DJI_4576.JPG,0.07261237246070411,379176,5221920,
data/raw/external/river_water_dataset\2020\images\DJI_4577.JPG,0.06860082115390508,358228,5221920,
data/raw/external/river_water_dataset\2020\images\DJI_4578.JPG,0.06856577657260164,358045,5221920,
data/raw/external/river_water_dataset\2020\images\DJI_4579.JPG,0.06944533811318443,362638,5221920,
data/raw/external/river_water_dataset\2020\images\DJI_4587.JPG,0.07425755277752244,387767,5221920,
data/raw/external/river_water_dataset\2020\images\DJI_4588.JPG,0.07562907895946319,394929,5221920,
data/raw/external/river_water_dataset\2020\images\DJI_4589.JPG,0.07223741459080185,377218,5221920,
data/raw/external/river_water_dataset\2020\images\DJI_4590.JPG,0.07129561540582774,372300,5221920,
data/raw/external/river_water_dataset\2020\images\DJI_4591.JPG,0.07406241382480007,386748,5221920,
data/raw/external/river_water_dataset\2020\images\DJI_4592.JPG,0.06676337439102858,348633,5221920,
data/raw/external/river_water_dataset\2020\images\DJI_4593.JPG,0.06583976774826118,343810,5221920,
data/raw/external/river_water_dataset\2020\images\DJI_4594.JPG,0.08241815271011428,430381,5221920,
data/raw/external/river_water_dataset\2020\images\DJI_4595.JPG,0.17617983423721542,919997,5221920,
data/raw/external/river_water_dataset\2020\images\DJI_4596.JPG,0.24970394031314153,1303934,5221920,
data/raw/external/river_water_dataset\2020\images\DJI_4597.JPG,0.28876524343536475,1507909,5221920,
data/raw/external/river_water_dataset\2020\images\DJI_4598.JPG,0.31838174464564756,1662564,5221920,
data/raw/external/river_water_dataset\2020\images\DJI_4599.JPG,0.2108977157827006,1101291,5221920,
data/raw/external/river_water_dataset\2020\images\DJI_4600.JPG,0.2860938122376444,1493959,5221920,
data/raw/external/river_water_dataset\2020\images\DJI_4601.JPG,0.28029460428348196,1463676,5221920,
data/raw/external/river_water_dataset\2020\images\DJI_4602.JPG,0.24742700003064008,1292044,5221920,
data/raw/external/river_water_dataset\2020\images\DJI_4603.JPG,0.21534339859668475,1124506,5221920,
data/raw/external/river_water_dataset\2020\images\DJI_4604.JPG,0.17911400404448938,935319,5221920,
data/raw/external/river_water_dataset\2020\images\DJI_4605.JPG,0.13286607224928762,693816,5221920,
data/raw/external/river_water_dataset\2020\images\DJI_4606.JPG,0.09353264699574103,488420,5221920,
data/raw/external/river_water_dataset\2020\images\DJI_4607.JPG,0.06604965223519318,344906,5221920,
data/raw/external/river_water_dataset\2020\images\DJI_4608.JPG,0.05623659496890033,293663,5221920,
data/raw/external/river_water_dataset\2020\images\DJI_4609.JPG,0.023990792658638967,125278,5221920,
data/raw/external/river_water_dataset\2020\images\DJI_4612.JPG,0.02730413334558936,142580,5221920,
data/raw/external/river_water_dataset\2020\images\DJI_4613.JPG,0.06699451542727579,349840,5221920,
data/raw/external/river_water_dataset\2020\images\DJI_4614.JPG,0.11928639274443116,622904,5221920,
data/raw/external/river_water_dataset\2020\images\DJI_4615.JPG,0.13184882188926678,688504,5221920,
data/raw/external/river_water_dataset\2020\images\DJI_4616.JPG,0.1868339614547906,975632,5221920,
data/raw/external/river_water_dataset\2020\images\DJI_4617.JPG,0.2031861843919478,1061022,5221920,
data/raw/external/river_water_dataset\2020\images\DJI_4618.JPG,0.20437080614027026,1067208,5221920,
data/raw/external/river_water_dataset\2020\images\DJI_4619.JPG,0.33976487575451175,1774225,5221920,
data/raw/external/river_water_dataset\2020\images\DJI_4620.JPG,0.22367424242424241,1168009,5221920,
data/raw/external/river_water_dataset\2020\images\DJI_4621.JPG,0.16501593283696417,861700,5221920,
data/raw/external/river_water_dataset\2020\images\DJI_4622.JPG,0.25443323528510586,1328630,5221920,
data/raw/external/river_water_dataset\2020\images\DJI_4623.JPG,0.21930745779330207,1145206,5221920,
data/raw/external/river_water_dataset\2020\images\DJI_4624.JPG,0.19783566197873578,1033082,5221920,
data/raw/external/river_water_dataset\2020\images\DJI_4625.JPG,0.20078457732021937,1048481,5221920,
data/raw/external/river_water_dataset\2020\images\DJI_4626.JPG,0.1869708842724515,976347,5221920,
data/raw/external/river_water_dataset\2020\images\DJI_4627.JPG,0.00890496215951221,46501,5221920,
data/raw/external/river_water_dataset\2020\images\DJI_4628.JPG,0.023177681772221712,121032,5221920,
data/raw/external/river_water_dataset\2020\images\DJI_4629.JPG,0.012122744124766369,63304,5221920,
data/raw/external/river_water_dataset\2020\images\DJI_4642.JPG,0.024282064834390417,126799,5221920,
data/raw/external/river_water_dataset\2020\images\DJI_4643.JPG,0.023278219505469253,121557,5221920,
data/raw/external/river_water_dataset\2020\images\DJI_4644.JPG,0.045768989184054906,239002,5221920,
data/raw/external/river_water_dataset\2020\images\DJI_4645.JPG,0.08477284217299384,442677,5221920,
data/raw/external/river_water_dataset\2020\images\DJI_4646.JPG,0.19742048901553452,1030914,5221920,
data/raw/external/river_water_dataset\2020\images\DJI_4647.JPG,0.3157947651438551,1649055,5221920,
data/raw/external/river_water_dataset\2020\images\DJI_4648.JPG,0.32164874222508194,1679624,5221920,
data/raw/external/river_water_dataset\2020\images\DJI_4649.JPG,0.3575621610442136,1867161,5221920,
data/raw/external/river_water_dataset\2020\images\DJI_4650.JPG,0.35121602782118455,1834022,5221920,
data/raw/external/river_water_dataset\2020\images\DJI_4651.JPG,0.3023008778380366,1578591,5221920,
data/raw/external/river_water_dataset\2020\images\DJI_4652.JPG,0.2737027759904403,1429254,5221920,
data/raw/external/river_water_dataset\2020\images\DJI_4653.JPG,0.10618910285871863,554511,5221920,
data/raw/external/river_water_dataset\2020\images\DJI_4654.JPG,0.05974775561479303,311998,5221920,
data/raw/external/river_water_dataset\2020\images\DJI_4655.JPG,0.04993297484450164,260746,5221920,
data/raw/external/river_water_dataset\2020\images\DJI_4656.JPG,0.008317247296013727,43432,5221920,
data/raw/external/river_water_dataset\2020\images\DJI_4665.JPG,0.07271080368906456,379690,5221920,
data/raw/external/river_water_dataset\2020\images\DJI_4666.JPG,0.1784627110334896,931918,5221920,
data/raw/external/river_water_dataset\2020\images\DJI_4667.JPG,0.2521107178968655,1316502,5221920,
data/raw/external/river_water_dataset\2020\images\DJI_4668.JPG,0.25956697919539173,1355438,5221920,
data/raw/external/river_water_dataset\2020\images\DJI_4669.JPG,0.3040387443698869,1587666,5221920,
data/raw/external/river_water_dataset\2020\images\DJI_4670.JPG,0.30107738149952507,1572202,5221920,
data/raw/external/river_water_dataset\2020\images\DJI_4671.JPG,0.2937702990470938,1534045,5221920,
data/raw/external/river_water_dataset\2020\images\DJI_4672.JPG,0.2159090909090909,1127460,5221920,
data/raw/external/river_water_dataset\2020\images\DJI_4673.JPG,0.12695885804455068,662969,5221920,
data/raw/external/river_water_dataset\2020\images\DJI_4674.JPG,0.08654441278303765,451928,5221920,
data/raw/external/river_water_dataset\2020\images\DJI_4675.JPG,0.06284872230903575,328191,5221920,
data/raw/external/river_water_dataset\2020\images\DJI_4676.JPG,0.06301245518889603,329046,5221920,
data/raw/external/river_water_dataset\2020\images\DJI_4677.JPG,0.040018613843184114,208974,5221920,
data/raw/external/river_water_dataset\2020\images\DJI_4678.JPG,0.006559273217513865,34252,5221920,
data/raw/external/river_water_dataset\2020\images\DJI_4679.JPG,0.00491600790513834,25671,5221920,
data/raw/external/river_water_dataset\2020\images\DJI_4687.JPG,0.018888263320770905,98633,5221920,
data/raw/external/river_water_dataset\2020\images\DJI_4688.JPG,0.07428570334283176,387914,5221920,
data/raw/external/river_water_dataset\2020\images\DJI_4689.JPG,0.10369978858350952,541512,5221920,
data/raw/external/river_water_dataset\2020\images\DJI_4690.JPG,0.10659412629837302,556626,5221920,
data/raw/external/river_water_dataset\2020\images\DJI_4691.JPG,0.12208402273493274,637513,5221920,
data/raw/external/river_water_dataset\2020\images\DJI_4692.JPG,0.14145888868462175,738687,5221920,
data/raw/external/river_water_dataset\2020\images\DJI_4693.JPG,0.16509100101112234,862092,5221920,
data/raw/external/river_water_dataset\2020\images\DJI_4694.JPG,0.2685226889726384,1402204,5221920,
data/raw/external/river_water_dataset\2020\images\DJI_4695.JPG,0.25078898183043785,1309600,5221920,
data/raw/external/river_water_dataset\2020\images\DJI_4696.JPG,0.22734588044244264,1187182,5221920,
data/raw/external/river_water_dataset\2020\images\DJI_4697.JPG,0.18007840028188865,940355,5221920,
data/raw/external/river_water_dataset\2020\images\DJI_4698.JPG,0.11780054079725465,615145,5221920,
data/raw/external/river_water_dataset\2020\images\DJI_4712.JPG,0.011236288568189479,58675,5221920,
data/raw/external/river_water_dataset\2020\images\DJI_4713.JPG,0.03498042865459448,182665,5221920,
data/raw/external/river_water_dataset\2020\images\DJI_4714.JPG,0.06150821919906854,321191,5221920,
data/raw/external/river_water_dataset\2020\images\DJI_4715.JPG,0.10714430707479242,559499,5221920,
data/raw/external/river_water_dataset\2020\images\DJI_4716.JPG,0.14280494530747312,745716,5221920,
data/raw/external/river_water_dataset\2020\images\DJI_4717.JPG,0.1976962496552992,1032354,5221920,
data/raw/external/river_water_dataset\2020\images\DJI_4718.JPG,0.2523621579802065,1317815,5221920,
data/raw/external/river_water_dataset\2020\images\DJI_4719.JPG,0.23188941998345436,1210908,5221920,
data/raw/external/river_water_dataset\2020\images\DJI_4720.JPG,0.15335719428869074,800819,5221920,
data/raw/external/river_water_dataset\2020\images\DJI_4721.JPG,0.14289322701228666,746177,5221920,
data/raw/external/river_water_dataset\2020\images\DJI_4722.JPG,0.1181402625854092,616919,5221920,
data/raw/external/river_water_dataset\2020\images\DJI_4723.JPG,0.11471183013144591,599016,5221920,
data/raw/external/river_water_dataset\2020\images\DJI_4724.JPG,0.0754594095658302,394043,5221920,
data/raw/external/river_water_dataset\2020\images\DJI_4725.JPG,0.0753514033152557,393479,5221920,
data/raw/external/river_water_dataset\2020\images\DJI_4726.JPG,0.01840606520207127,96115,5221920,
data/raw/external/river_water_dataset\2020\images\DJI_4729.JPG,0.08412633667310108,439301,5221920,
data/raw/external/river_water_dataset\2020\images\DJI_4730.JPG,0.23940945092992616,1250177,5221920,
data/raw/external/river_water_dataset\2020\images\DJI_4731.JPG,0.23190780402610534,1211004,5221920,
data/raw/external/river_water_dataset\2020\images\DJI_4732.JPG,0.23289518031681833,1216160,5221920,
data/raw/external/river_water_dataset\2020\images\DJI_4733.JPG,0.23746533841958514,1240025,5221920,
data/raw/external/river_water_dataset\2020\images\DJI_4734.JPG,0.23541647516622238,1229326,5221920,
data/raw/external/river_water_dataset\2020\images\DJI_4735.JPG,0.23876811594202899,1246828,5221920,
data/raw/external/river_water_dataset\2020\images\DJI_4736.JPG,0.1547539985292766,808113,5221920,
data/raw/external/river_water_dataset\2020\images\DJI_4737.JPG,0.060562015503875966,316250,5221920,
data/raw/external/river_water_dataset\2020\images\DJI_4755.JPG,0.02963890676226369,154772,5221920,
data/raw/external/river_water_dataset\2020\images\DJI_4756.JPG,0.2310259444801912,1206399,5221920,
data/raw/external/river_water_dataset\2020\images\DJI_4757.JPG,0.2897836427980513,1513227,5221920,
data/raw/external/river_water_dataset\2020\images\DJI_4758.JPG,0.28830411036553605,1505501,5221920,
data/raw/external/river_water_dataset\2020\images\DJI_4759.JPG,0.2836659696050495,1481281,5221920,
data/raw/external/river_water_dataset\2020\images\DJI_4760.JPG,0.27789586971841773,1451150,5221920,
data/raw/external/river_water_dataset\2020\images\DJI_4761.JPG,0.2715077978980911,1417792,5221920,
data/raw/external/river_water_dataset\2020\images\DJI_4762.JPG,0.13542605018843643,707184,5221920,
data/raw/external/river_water_dataset\2020\images\DJI_4763.JPG,0.01214859668474431,63439,5221920,
data/raw/external/river_water_dataset\2020\images\DJI_4771.JPG,0.05278384195851334,275633,5221920,
data/raw/external/river_water_dataset\2020\images\DJI_4772.JPG,0.2210131522505132,1154113,5221920,
data/raw/external/river_water_dataset\2020\images\DJI_4773.JPG,0.3145145846738364,1642370,5221920,
data/raw/external/river_water_dataset\2020\images\DJI_4774.JPG,0.34366076079296504,1794569,5221920,
data/raw/external/river_water_dataset\2020\images\DJI_4775.JPG,0.33896651040230413,1770056,5221920,
data/raw/external/river_water_dataset\2020\images\DJI_4776.JPG,0.33512884149891226,1750016,5221920,
data/raw/external/river_water_dataset\2020\images\DJI_4777.JPG,0.3363234212703374,1756254,5221920,
data/raw/external/river_water_dataset\2020\images\DJI_4778.JPG,0.2749172718080706,1435596,5221920,
data/raw/external/river_water_dataset\2020\images\DJI_4779.JPG,0.10500256610595336,548315,5221920,
data/raw/external/river_water_dataset\2020\images\DJI_4780.JPG,0.15191557894414315,793291,5221920,
data/raw/external/river_water_dataset\2020\images\DJI_4794.JPG,0.0219380993963906,114559,5221920,
data/raw/external/river_water_dataset\2020\images\DJI_4795.JPG,0.05852808928516714,305629,5221920,
data/raw/external/river_water_dataset\2020\images\DJI_4796.JPG,0.2695826439317339,1407739,5221920,
data/raw/external/river_water_dataset\2020\images\DJI_4797.JPG,0.40636298526212583,2121995,5221920,
data/raw/external/river_water_dataset\2020\images\DJI_4798.JPG,0.41147298311732083,2148679,5221920,
data/raw/external/river_water_dataset\2020\images\DJI_4799.JPG,0.42464629867941295,2217469,5221920,
data/raw/external/river_water_dataset\2020\images\DJI_4800.JPG,0.41833042252658026,2184488,5221920,
data/raw/external/river_water_dataset\2020\images\DJI_4801.JPG,0.4086276695161933,2133821,5221920,
data/raw/external/river_water_dataset\2020\images\DJI_4802.JPG,0.4032719765909857,2105854,5221920,
data/raw/external/river_water_dataset\2020\images\DJI_4803.JPG,0.3242705748077336,1693315,5221920,
data/raw/external/river_water_dataset\2020\images\DJI_4804.JPG,0.16201933388485462,846052,5221920,
data/raw/external/river_water_dataset\2020\images\DJI_4805.JPG,0.017708429083555473,92472,5221920,
data/raw/external/river_water_dataset\2020\images\DJI_4812.JPG,0.022539219290988757,117698,5221920,
data/raw/external/river_water_dataset\2020\images\DJI_4813.JPG,0.056492631062904065,295000,5221920,
data/raw/external/river_water_dataset\2020\images\DJI_4814.JPG,0.11005951833808254,574722,5221920,
data/raw/external/river_water_dataset\2020\images\DJI_4815.JPG,0.1444748291816037,754436,5221920,
data/raw/external/river_water_dataset\2020\images\DJI_4816.JPG,0.13753389557863774,718191,5221920,
data/raw/external/river_water_dataset\2020\images\DJI_4817.JPG,0.15209961087109722,794252,5221920,
data/raw/external/river_water_dataset\2020\images\DJI_4818.JPG,0.139380725863284,727835,5221920,
data/raw/external/river_water_dataset\2020\images\DJI_4819.JPG,0.12980168213990256,677814,5221920,
data/raw/external/river_water_dataset\2020\images\DJI_4820.JPG,0.12681082820112144,662196,5221920,
data/raw/external/river_water_dataset\2020\images\DJI_4821.JPG,0.12182434813248767,636157,5221920,
data/raw/external/river_water_dataset\2020\images\DJI_4822.JPG,0.08581230658455127,448105,5221920,
data/raw/external/river_water_dataset\2020\images\DJI_4823.JPG,0.024483331801329777,127850,5221920,
data/raw/external/river_water_dataset\2020\images\DJI_4832.JPG,0.08016361797959372,418608,5221920,
data/raw/external/river_water_dataset\2020\images\DJI_4833.JPG,0.16329587584643196,852718,5221920,
data/raw/external/river_water_dataset\2020\images\DJI_4834.JPG,0.1546479072831449,807559,5221920,
data/raw/external/river_water_dataset\2020\images\DJI_4835.JPG,0.15125202990470937,789826,5221920,
data/raw/external/river_water_dataset\2020\images\DJI_4836.JPG,0.16570648343904157,865306,5221920,
data/raw/external/river_water_dataset\2020\images\DJI_4837.JPG,0.16087952324049393,840100,5221920,
data/raw/external/river_water_dataset\2020\images\DJI_4838.JPG,0.15547710420688177,811889,5221920,
data/raw/external/river_water_dataset\2020\images\DJI_4839.JPG,0.06120928700554585,319630,5221920,
data/raw/external/river_water_dataset\2020\images\DJI_4840.JPG,0.0072237797591690415,37722,5221920,
data/raw/external/river_water_dataset\2020\images\DJI_4859.JPG,0.05671534607960291,296163,5221920,
data/raw/external/river_water_dataset\2020\images\DJI_4860.JPG,0.14850878604038362,775501,5221920,
data/raw/external/river_water_dataset\2020\images\DJI_4861.JPG,0.27389734044182984,1430270,5221920,
data/raw/external/river_water_dataset\2020\images\DJI_4862.JPG,0.3165952370009498,1653235,5221920,
data/raw/external/river_water_dataset\2020\images\DJI_4863.JPG,0.17624053987805252,920314,5221920,
data/raw/external/river_water_dataset\2020\images\DJI_4864.JPG,0.16882334467015964,881582,5221920,
data/raw/external/river_water_dataset\2020\images\DJI_4865.JPG,0.14884276281520972,777245,5221920,
data/raw/external/river_water_dataset\2020\images\DJI_4866.JPG,0.045036116983791404,235175,5221920,
data/raw/external/river_water_dataset\2020\images\DJI_4867.JPG,0.0030368140454085854,15858,5221920,
data/raw/external/river_water_dataset\2020\images\DJI_4874.JPG,0.06694127830376566,349562,5221920,
data/raw/external/river_water_dataset\2020\images\DJI_4875.JPG,0.20865620308239116,1089586,5221920,
data/raw/external/river_water_dataset\2020\images\DJI_4876.JPG,0.20767974231700218,1084487,5221920,
data/raw/external/river_water_dataset\2020\images\DJI_4877.JPG,0.20685303489904097,1080170,5221920,
data/raw/external/river_water_dataset\2020\images\DJI_4878.JPG,0.25720443821429667,1343101,5221920,
data/raw/external/river_water_dataset\2020\images\DJI_4879.JPG,0.3039675062046144,1587294,5221920,
data/raw/external/river_water_dataset\2020\images\DJI_4880.JPG,0.29703557312252965,1551096,5221920,
data/raw/external/river_water_dataset\2020\images\DJI_4881.JPG,0.2869509682262463,1498435,5221920,
data/raw/external/river_water_dataset\2020\images\DJI_4882.JPG,0.085583846554524,446912,5221920,
data/raw/external/river_water_dataset\2020\images\DJI_4900.JPG,0.020696410515672396,108075,5221920,
data/raw/external/river_water_dataset\2020\images\DJI_4901.JPG,0.13208934644728376,689760,5221920,
data/raw/external/river_water_dataset\2020\images\DJI_4902.JPG,0.21711535220761713,1133759,5221920,
data/raw/external/river_water_dataset\2020\images\DJI_4903.JPG,0.2212456337898704,1155327,5221920,
data/raw/external/river_water_dataset\2020\images\DJI_4904.JPG,0.23089955418696573,1205739,5221920,
data/raw/external/river_water_dataset\2020\images\DJI_4905.JPG,0.26416107485369367,1379428,5221920,
data/raw/external/river_water_dataset\2020\images\DJI_4906.JPG,0.22435138799522014,1171545,5221920,
data/raw/external/river_water_dataset\2020\images\DJI_4907.JPG,0.21557588013604193,1125720,5221920,
data/raw/external/river_water_dataset\2020\images\DJI_4908.JPG,0.15356650427428992,801912,5221920,
data/raw/external/river_water_dataset\2020\images\DJI_4909.JPG,0.032117880013481634,167717,5221920,
data/raw/external/river_water_dataset\2020\images\DJI_4918.JPG,0.022656417562888744,118310,5221920,
data/raw/external/river_water_dataset\2020\images\DJI_4929.JPG,0.04390607286208904,229274,5221920,
data/raw/external/river_water_dataset\2020\images\DJI_4930.JPG,0.19727303367343813,1030144,5221920,
data/raw/external/river_water_dataset\2020\images\DJI_4931.JPG,0.36199673683242944,1890318,5221920,
data/raw/external/river_water_dataset\2020\images\DJI_4932.JPG,0.5255746928332874,2744509,5221920,
data/raw/external/river_water_dataset\2020\images\DJI_4933.JPG,0.4699306002389926,2453940,5221920,
data/raw/external/river_water_dataset\2020\images\DJI_4934.JPG,0.4672216349541931,2439794,5221920,
data/raw/external/river_water_dataset\2020\images\DJI_4935.JPG,0.46447436958053745,2425448,5221920,
data/raw/external/river_water_dataset\2020\images\DJI_4936.JPG,0.35302838802586023,1843486,5221920,
data/raw/external/river_water_dataset\2020\images\DJI_4937.JPG,0.3368163434139167,1758828,5221920,
data/raw/external/river_water_dataset\2020\images\DJI_4938.JPG,0.13197406317982657,689158,5221920,
data/raw/external/river_water_dataset\2020\images\DJI_4939.JPG,0.03128408707908202,163363,5221920,
data/raw/external/river_water_dataset\2020\images\DJI_4951.JPG,0.01889668934031927,98677,5221920,
data/raw/external/river_water_dataset\2020\images\DJI_4952.JPG,0.23123314796090327,1207481,5221920,
data/raw/external/river_water_dataset\2020\images\DJI_4953.JPG,0.30224993871985784,1578325,5221920,
data/raw/external/river_water_dataset\2020\images\DJI_4954.JPG,0.46400978950271166,2423022,5221920,
data/raw/external/river_water_dataset\2020\images\DJI_4955.JPG,0.5279628948739161,2756980,5221920,
data/raw/external/river_water_dataset\2020\images\DJI_4956.JPG,0.504513090970371,2634527,5221920,
data/raw/external/river_water_dataset\2020\images\DJI_4957.JPG,0.5157962971474094,2693447,5221920,
data/raw/external/river_water_dataset\2020\images\DJI_4958.JPG,0.4234235683426786,2211084,5221920,
data/raw/external/river_water_dataset\2020\images\DJI_4959.JPG,0.27463423415142324,1434118,5221920,
data/raw/external/river_water_dataset\2020\images\DJI_4960.JPG,0.12858756932316082,671474,5221920,
data/raw/external/river_water_dataset\2020\images\DJI_4975.JPG,0.0077463844716119746,40451,5221920,
data/raw/external/river_water_dataset\2020\images\DJI_4976.JPG,0.1488492738303153,777279,5221920,
data/raw/external/river_water_dataset\2020\images\DJI_4977.JPG,0.2829752275025278,1477674,5221920,
data/raw/external/river_water_dataset\2020\images\DJI_4978.JPG,0.4570374498268836,2386613,5221920,
data/raw/external/river_water_dataset\2020\images\DJI_4979.JPG,0.5040845129760702,2632289,5221920,
data/raw/external/river_water_dataset\2020\images\DJI_4980.JPG,0.4956588764285933,2588291,5221920,
data/raw/external/river_water_dataset\2020\images\DJI_4981.JPG,0.5036254864111285,2629892,5221920,
data/raw/external/river_water_dataset\2020\images\DJI_4982.JPG,0.4443177988172933,2320192,5221920,
data/raw/external/river_water_dataset\2020\images\DJI_4983.JPG,0.30931726261604925,1615230,5221920,
data/raw/external/river_water_dataset\2020\images\DJI_4984.JPG,0.16359385053773326,854274,5221920,
data/raw/external/river_water_dataset\2020\images\DJI_4985.JPG,0.15499797009529062,809387,5221920,
data/raw/external/river_water_dataset\2020\images\DJI_4999.JPG,0.24887570089162606,1299609,5221920,
data/raw/external/river_water_dataset\2020\images\DJI_5000.JPG,0.4024349281490333,2101483,5221920,
data/raw/external/river_water_dataset\2020\images\DJI_5001.JPG,0.4398874360388516,2297057,5221920,
data/raw/external/river_water_dataset\2020\images\DJI_5002.JPG,0.44290758954560777,2312828,5221920,
data/raw/external/river_water_dataset\2020\images\DJI_5003.JPG,0.456706537059166,2384885,5221920,
data/raw/external/river_water_dataset\2020\images\DJI_5004.JPG,0.4775975120262279,2493976,5221920,
data/raw/external/river_water_dataset\2020\images\DJI_5005.JPG,0.3284667325428195,1715227,5221920,
data/raw/external/river_water_dataset\2020\images\DJI_5006.JPG,0.1834863421883139,958151,5221920,
data/raw/external/river_water_dataset\2020\images\DJI_5007.JPG,0.05216682752703986,272411,5221920,
data/raw/external/river_water_dataset\2020\images\DJI_5023.JPG,0.09858327971320893,514794,5221920,
data/raw/external/river_water_dataset\2020\images\DJI_5024.JPG,0.22343410086711402,1166755,5221920,
data/raw/external/river_water_dataset\2020\images\DJI_5025.JPG,0.3518326592517695,1837242,5221920,
data/raw/external/river_water_dataset\2020\images\DJI_5026.JPG,0.4106820862824402,2144549,5221920,
data/raw/external/river_water_dataset\2020\images\DJI_5027.JPG,0.42431059840058827,2215716,5221920,
data/raw/external/river_water_dataset\2020\images\DJI_5028.JPG,0.4194141235407666,2190147,5221920,
data/raw/external/river_water_dataset\2020\images\DJI_5029.JPG,0.36915942794987283,1927721,5221920,
data/raw/external/river_water_dataset\2020\images\DJI_5030.JPG,0.2776641541808377,1449940,5221920,
data/raw/external/river_water_dataset\2020\images\DJI_5031.JPG,0.20525630419462573,1071832,5221920,
data/raw/external/river_water_dataset\2020\images\DJI_5032.JPG,0.04839235377026075,252701,5221920,
data/raw/external/river_water_dataset\2020\images\DJI_5047.JPG,0.09604723932959525,501551,5221920,
data/raw/external/river_water_dataset\2020\images\DJI_5048.JPG,0.10469922940221221,546731,5221920,
data/raw/external/river_water_dataset\2020\images\DJI_5049.JPG,0.30308851916536445,1582704,5221920,
data/raw/external/river_water_dataset\2020\images\DJI_5050.JPG,0.38199263872292183,1994735,5221920,
data/raw/external/river_water_dataset\2020\images\DJI_5051.JPG,0.43598944449551125,2276702,5221920,
data/raw/external/river_water_dataset\2020\images\DJI_5052.JPG,0.41934920489015537,2189808,5221920,
data/raw/external/river_water_dataset\2020\images\DJI_5053.JPG,0.4026185770750988,2102442,5221920,
data/raw/external/river_water_dataset\2020\images\DJI_5054.JPG,0.33962948494040507,1773518,5221920,
data/raw/external/river_water_dataset\2020\images\DJI_5055.JPG,0.20734212703373472,1082724,5221920,
data/raw/external/river_water_dataset\2020\images\DJI_5056.JPG,0.07582019640285566,395927,5221920,
data/raw/external/river_water_dataset\2020\images\DJI_5057.JPG,0.03785293531880994,197665,5221920,
data/raw/external/river_water_dataset\2020\images\DJI_5072.JPG,0.00873567576676778,45617,5221920,
data/raw/external/river_water_dataset\2020\images\DJI_5073.JPG,0.03896651040230413,203480,5221920,
data/raw/external/river_water_dataset\2020\images\DJI_5074.JPG,0.04279115727548488,223452,5221920,
data/raw/external/river_water_dataset\2020\images\DJI_5075.JPG,0.078983592241934,412446,5221920,
data/raw/external/river_water_dataset\2020\images\DJI_5076.JPG,0.13821084964917119,721726,5221920,
data/raw/external/river_water_dataset\2020\images\DJI_5077.JPG,0.26392725281122653,1378207,5221920,
data/raw/external/river_water_dataset\2020\images\DJI_5078.JPG,0.38932289272911114,2033013,5221920,
data/raw/external/river_water_dataset\2020\images\DJI_5079.JPG,0.3979396467199804,2078009,5221920,
data/raw/external/river_water_dataset\2020\images\DJI_5080.JPG,0.42779092747495173,2233890,5221920,
data/raw/external/river_water_dataset\2020\images\DJI_5081.JPG,0.4051574899653767,2115700,5221920,
data/raw/external/river_water_dataset\2020\images\DJI_5082.JPG,0.36367064221588996,1899059,5221920,
data/raw/external/river_water_dataset\2020\images\DJI_5083.JPG,0.3033520237766952,1584080,5221920,
data/raw/external/river_water_dataset\2020\images\DJI_5084.JPG,0.14162472806936913,739553,5221920,
data/raw/external/river_water_dataset\2020\images\DJI_5085.JPG,0.12041528786346785,628799,5221920,
data/raw/external/river_water_dataset\2020\images\DJI_5086.JPG,0.026222921837178663,136934,5221920,
data/raw/external/river_water_dataset\2020\images\DJI_5087.JPG,0.023999793179520175,125325,5221920,
data/raw/external/river_water_dataset\2020\images\DJI_5095.JPG,0.039842624934889846,208055,5221920,
data/raw/external/river_water_dataset\2020\images\DJI_5096.JPG,0.05732393449152802,299341,5221920,
data/raw/external/river_water_dataset\2020\images\DJI_5097.JPG,0.21595792352238258,1127715,5221920,
data/raw/external/river_water_dataset\2020\images\DJI_5098.JPG,0.21996564482029599,1148643,5221920,
data/raw/external/river_water_dataset\2020\images\DJI_5099.JPG,0.34799747985415325,1817215,5221920,
data/raw/external/river_water_dataset\2020\images\DJI_5100.JPG,0.38915035082881394,2032112,5221920,
data/raw/external/river_water_dataset\2020\images\DJI_5101.JPG,0.3704846110242976,1934641,5221920,
data/raw/external/river_water_dataset\2020\images\DJI_5102.JPG,0.3295391350307933,1720827,5221920,
data/raw/external/river_water_dataset\2020\images\DJI_5103.JPG,0.33994450317124736,1775163,5221920,
data/raw/external/river_water_dataset\2020\images\DJI_5104.JPG,0.29065496981953,1517777,5221920,
data/raw/external/river_water_dataset\2020\images\DJI_5105.JPG,0.19851357355149063,1036622,5221920,
data/raw/external/river_water_dataset\2020\images\DJI_5106.JPG,0.09240375187670435,482525,5221920,
data/raw/external/river_water_dataset\2020\images\DJI_5107.JPG,0.06557626313693048,342434,5221920,
data/raw/external/river_water_dataset\2020\images\DJI_5108.JPG,0.06323382970248491,330202,5221920,
data/raw/external/river_water_dataset\2020\images\DJI_5109.JPG,0.06310322639948525,329520,5221920,
data/raw/external/river_water_dataset\2020\images\DJI_5110.JPG,0.03354283481937678,175158,5221920,
data/raw/external/river_water_dataset\2020\images\DJI_5124.JPG,0.04088017434200447,213473,5221920,
data/raw/external/river_water_dataset\2020\images\DJI_5125.JPG,0.060816328093881176,317578,5221920,
data/raw/external/river_water_dataset\2020\images\DJI_5126.JPG,0.060171546097986944,314211,5221920,
data/raw/external/river_water_dataset\2020\images\DJI_5127.JPG,0.0650369978858351,339618,5221920,
data/raw/external/river_water_dataset\2020\images\DJI_5128.JPG,0.0622738379753041,325189,5221920,
data/raw/external/river_water_dataset\2020\images\DJI_5129.JPG,0.1314882265526856,686621,5221920,
data/raw/external/river_water_dataset\2020\images\DJI_5130.JPG,0.1992862778441646,1040657,5221920,
data/raw/external/river_water_dataset\2020\images\DJI_5131.JPG,0.2442417731409137,1275411,5221920,
data/raw/external/river_water_dataset\2020\images\DJI_5132.JPG,0.33713787265986456,1760507,5221920,
data/raw/external/river_water_dataset\2020\images\DJI_5133.JPG,0.30556500291080674,1595636,5221920,
data/raw/external/river_water_dataset\2020\images\DJI_5134.JPG,0.335562015503876,1752278,5221920,
data/raw/external/river_water_dataset\2020\images\DJI_5135.JPG,0.3089108986732849,1613108,5221920,
data/raw/external/river_water_dataset\2020\images\DJI_5136.JPG,0.24487391610748538,1278712,5221920,
data/raw/external/river_water_dataset\2020\images\DJI_5137.JPG,0.24076335907099305,1257247,5221920,
data/raw/external/river_water_dataset\2020\images\DJI_5138.JPG,0.12575680975579864,656692,5221920,
data/raw/external/river_water_dataset\2020\images\DJI_5139.JPG,0.10585014707234121,552741,5221920,
data/raw/external/river_water_dataset\2020\images\DJI_5143.JPG,0.012173491742500842,63569,5221920,
data/raw/external/river_water_dataset\2020\images\DJI_5144.JPG,0.05960815179091215,311269,5221920,
data/raw/external/river_water_dataset\2020\images\DJI_5145.JPG,0.09053719704629715,472778,5221920,
data/raw/external/river_water_dataset\2020\images\DJI_5146.JPG,0.23945962404632778,1250439,5221920,
data/raw/external/river_water_dataset\2020\images\DJI_5147.JPG,0.2787375141710329,1455545,5221920,
data/raw/external/river_water_dataset\2020\images\DJI_5148.JPG,0.30136769617305514,1573718,5221920,
data/raw/external/river_water_dataset\2020\images\DJI_5149.JPG,0.29030988601893554,1515975,5221920,
data/raw/external/river_water_dataset\2020\images\DJI_5150.JPG,0.28078503692128565,1466237,5221920,
data/raw/external/river_water_dataset\2020\images\DJI_5151.JPG,0.18633069828722001,973004,5221920,
data/raw/external/river_water_dataset\2020\images\DJI_5152.JPG,0.04523891595428502,236234,5221920,
data/raw/external/river_water_dataset\2020\images\DJI_5153.JPG,0.08113931274320556,423703,5221920,
data/raw/external/river_water_dataset\2020\images\DJI_5154.JPG,0.10114440665502344,528168,5221920,
data/raw/external/river_water_dataset\2020\images\DJI_5155.JPG,0.19361039617611914,1011018,5221920,
data/raw/external/river_water_dataset\2020\images\DJI_5156.JPG,0.24118217054263566,1259434,5221920,
data/raw/external/river_water_dataset\2020\images\DJI_5157.JPG,0.2444365290927475,1276428,5221920,
data/raw/external/river_water_dataset\2020\images\DJI_5158.JPG,0.26824865183687224,1400773,5221920,
data/raw/external/river_water_dataset\2020\images\DJI_5159.JPG,0.24169807273952876,1262128,5221920,
data/raw/external/river_water_dataset\2020\images\DJI_5160.JPG,0.14831230658455127,774475,5221920,
data/raw/external/river_water_dataset\2020\images\DJI_5161.JPG,0.09325669485553206,486979,5221920,
data/raw/external/river_water_dataset\2020\images\DJI_5162.JPG,0.0560945016392438,292921,5221920,
data/raw/external/river_water_dataset\2020\images\DJI_5163.JPG,0.0548407482305359,286374,5221920,
data/raw/external/river_water_dataset\2020\images\DJI_5164.JPG,0.052944319330820847,276471,5221920,
data/raw/external/river_water_dataset\2020\images\DJI_5165.JPG,0.06358178600974354,332019,5221920,
data/raw/external/river_water_dataset\2020\images\DJI_5166.JPG,0.05237077550019916,273476,5221920,
data/raw/external/river_water_dataset\2020\images\DJI_5186.JPG,0.019878895119036677,103806,5221920,
data/raw/external/river_water_dataset\2020\images\DJI_5187.JPG,0.020038797990011337,104641,5221920,
data/raw/external/river_water_dataset\2020\images\DJI_5188.JPG,0.021164820602383796,110521,5221920,
data/raw/external/river_water_dataset\2020\images\DJI_5189.JPG,0.020350560713300856,106269,5221920,
data/raw/external/river_water_dataset\2020\images\DJI_5190.JPG,0.01879059809418758,98123,5221920,
data/raw/external/river_water_dataset\2020\images\DJI_5191.JPG,0.019429252075864815,101458,5221920,
data/raw/external/river_water_dataset\2020\images\DJI_5192.JPG,0.10356056776051721,540785,5221920,
data/raw/external/river_water_dataset\2020\images\DJI_5193.JPG,0.13639082942672426,712222,5221920,
data/raw/external/river_water_dataset\2020\images\DJI_5194.JPG,0.19277449673683242,1006653,5221920,
data/raw/external/river_water_dataset\2020\images\DJI_5195.JPG,0.19620599319790422,1024572,5221920,
data/raw/external/river_water_dataset\2020\images\DJI_5196.JPG,0.17958394613475503,937773,5221920,
data/raw/external/river_water_dataset\2020\images\DJI_5197.JPG,0.1412413441799185,737551,5221920,
data/raw/external/river_water_dataset\2020\images\DJI_5198.JPG,0.14294071912246836,746425,5221920,
data/raw/external/river_water_dataset\2020\images\DJI_5199.JPG,0.08850997334313816,462192,5221920,
data/raw/external/river_water_dataset\2020\images\DJI_5200.JPG,0.03347810766920979,174820,5221920,
data/raw/external/river_water_dataset\2020\images\DJI_5201.JPG,0.061020276067040476,318643,5221920,
data/raw/external/river_water_dataset\2020\images\DJI_5202.JPG,0.07532057174372644,393318,5221920,
data/raw/external/river_water_dataset\2020\images\DJI_5203.JPG,0.0801969390568986,418782,5221920,
data/raw/external/river_water_dataset\2020\images\DJI_5204.JPG,0.04147171921438858,216562,5221920,
data/raw/external/river_water_dataset\2020\images\DJI_5205.JPG,0.08507751937984497,444268,5221920,
data/raw/external/river_water_dataset\2020\images\DJI_5206.JPG,0.12290613414223121,641806,5221920,
data/raw/external/river_water_dataset\2020\images\DJI_5207.JPG,0.12378263167570548,646383,5221920,
data/raw/external/river_water_dataset\2020\images\DJI_5208.JPG,0.18245894230474616,952786,5221920,
data/raw/external/river_water_dataset\2020\images\DJI_5209.JPG,0.20854723932959524,1089017,5221920,
data/raw/external/river_water_dataset\2020\images\DJI_5210.JPG,0.20727414437601496,1082369,5221920,
data/raw/external/river_water_dataset\2020\images\DJI_5211.JPG,0.1950129454300334,1018342,5221920,
data/raw/external/river_water_dataset\2020\images\DJI_5212.JPG,0.15948425100346234,832814,5221920,
data/raw/external/river_water_dataset\2020\images\DJI_5213.JPG,0.1510053773324754,788538,5221920,
data/raw/external/river_water_dataset\2020\images\DJI_5214.JPG,0.09255790973435059,483330,5221920,
data/raw/external/river_water_dataset\2020\images\DJI_5215.JPG,0.04559012776909643,238068,5221920,
data/raw/external/river_water_dataset\2020\images\DJI_5242.JPG,0.04760203143671293,248574,5221920,
data/raw/external/river_water_dataset\2020\images\DJI_5243.JPG,0.07982887520299047,416860,5221920,
data/raw/external/river_water_dataset\2020\images\DJI_5244.JPG,0.08516541808376996,444727,5221920,
data/raw/external/river_water_dataset\2020\images\DJI_5245.JPG,0.1594472914177161,832621,5221920,
data/raw/external/river_water_dataset\2020\images\DJI_5246.JPG,0.17623422036339123,920281,5221920,
data/raw/external/river_water_dataset\2020\images\DJI_5247.JPG,0.20508050678677575,1070914,5221920,
data/raw/external/river_water_dataset\2020\images\DJI_5248.JPG,0.195607554309526,1021447,5221920,
data/raw/external/river_water_dataset\2020\images\DJI_5249.JPG,0.15809778778686767,825574,5221920,
data/raw/external/river_water_dataset\2020\images\DJI_5250.JPG,0.147050127156295,767884,5221920,
data/raw/external/river_water_dataset\2020\images\DJI_5251.JPG,0.11322253117627233,591239,5221920,
data/raw/external/river_water_dataset\2020\images\DJI_5252.JPG,0.06607358979072832,345031,5221920,
data/raw/external/river_water_dataset\2020\images\DJI_5253.JPG,0.08888588871526182,464155,5221920,
data/raw/external/river_water_dataset\2020\images\DJI_5254.JPG,0.07389542543738702,385876,5221920,
data/raw/external/river_water_dataset\2020\images\DJI_5255.JPG,0.06604869473297179,344901,5221920,
data/raw/external/river_water_dataset\2020\images\DJI_5256.JPG,0.060983699482182796,318452,5221920,
data/raw/external/river_water_dataset\2020\images\DJI_5257.JPG,0.08927233661182093,466173,5221920,
data/raw/external/river_water_dataset\2020\images\DJI_5258.JPG,0.11207084750436622,585225,5221920,
data/raw/external/river_water_dataset\2020\images\DJI_5259.JPG,0.14475403682936544,755894,5221920,
data/raw/external/river_water_dataset\2020\images\DJI_5260.JPG,0.19406616723350797,1013398,5221920,
data/raw/external/river_water_dataset\2020\images\DJI_5261.JPG,0.18399573337010142,960811,5221920,
data/raw/external/river_water_dataset\2020\images\DJI_5262.JPG,0.18624758709440206,972570,5221920,
data/raw/external/river_water_dataset\2020\images\DJI_5263.JPG,0.13319258050678678,695521,5221920,
data/raw/external/river_water_dataset\2020\images\DJI_5264.JPG,0.09395758648160064,490639,5221920,
data/raw/external/river_water_dataset\2020\images\DJI_5265.JPG,0.08823344670159634,460748,5221920,
data/raw/external/river_water_dataset\2020\images\DJI_5266.JPG,0.05248720777032203,274084,5221920,
data/raw/external/river_water_dataset\2020\images\DJI_5267.JPG,0.013436437172534241,70164,5221920,
data/raw/external/river_water_dataset\2020\images\DJI_5294.JPG,0.08558250605141404,446905,5221920,
data/raw/external/river_water_dataset\2020\images\DJI_5295.JPG,0.12556664981462756,655699,5221920,
data/raw/external/river_water_dataset\2020\images\DJI_5296.JPG,0.13243557925054386,691568,5221920,
data/raw/external/river_water_dataset\2020\images\DJI_5297.JPG,0.16419133192389007,857394,5221920,
data/raw/external/river_water_dataset\2020\images\DJI_5298.JPG,0.16789954652694794,876758,5221920,
data/raw/external/river_water_dataset\2020\images\DJI_5299.JPG,0.1647553007322977,860339,5221920,
data/raw/external/river_water_dataset\2020\images\DJI_5300.JPG,0.15785075221374514,824284,5221920,
data/raw/external/river_water_dataset\2020\images\DJI_5301.JPG,0.11817971167693109,617125,5221920,
data/raw/external/river_water_dataset\2020\images\DJI_5302.JPG,0.11517258020038607,601422,5221920,
data/raw/external/river_water_dataset\2020\images\DJI_5303.JPG,0.06277633514109753,327813,5221920,
data/raw/external/river_water_dataset\2020\images\DJI_5304.JPG,0.09043091429972118,472223,5221920,
data/raw/external/river_water_dataset\2020\images\DJI_5305.JPG,0.07837538683089745,409270,5221920,
data/raw/external/river_water_dataset\2020\images\DJI_5306.JPG,0.08201964028556546,428300,5221920,
data/raw/external/river_water_dataset\2020\images\DJI_5307.JPG,0.019701948708521003,102882,5221920,
data/raw/external/river_water_dataset\2020\images\DJI_5308.JPG,0.07981489567055795,416787,5221920,
data/raw/external/river_water_dataset\2020\images\DJI_5309.JPG,0.09078001960964549,474046,5221920,
data/raw/external/river_water_dataset\2020\images\DJI_5310.JPG,0.12379124919569813,646428,5221920,
data/raw/external/river_water_dataset\2020\images\DJI_5311.JPG,0.12335788369029016,644165,5221920,
data/raw/external/river_water_dataset\2020\images\DJI_5312.JPG,0.12769287924747985,666802,5221920,
data/raw/external/river_water_dataset\2020\images\DJI_5313.JPG,0.12071575206054479,630368,5221920,
data/raw/external/river_water_dataset\2020\images\DJI_5314.JPG,0.09757388087140362,509523,5221920,
data/raw/external/river_water_dataset\2020\images\DJI_5315.JPG,0.04059445567913718,211981,5221920,
data/raw/external/river_water_dataset\2020\images\DJI_5316.JPG,0.024968785427582192,130385,5221920,
data/raw/external/river_water_dataset\2020\images\DJI_5340.JPG,0.11596194503171248,605544,5221920,
data/raw/external/river_water_dataset\2020\images\DJI_5341.JPG,0.1131116524190336,590660,5221920,
data/raw/external/river_water_dataset\2020\images\DJI_5342.JPG,0.12012631369304777,627290,5221920,
data/raw/external/river_water_dataset\2020\images\DJI_5343.JPG,0.1143029766829059,596881,5221920,
data/raw/external/river_water_dataset\2020\images\DJI_5344.JPG,0.11407853816220853,595709,5221920,
data/raw/external/river_water_dataset\2020\images\DJI_5345.JPG,0.10048890063424948,524745,5221920,
data/raw/external/river_water_dataset\2020\images\DJI_5346.JPG,0.02601265434935809,135836,5221920,
data/raw/external/river_water_dataset\2020\images\DJI_5347.JPG,0.06715939730980176,350701,5221920,
data/raw/external/river_water_dataset\2020\images\DJI_5348.JPG,0.10347458406103502,540336,5221920,
data/raw/external/river_water_dataset\2020\images\DJI_5349.JPG,0.08935793731041455,466620,5221920,
data/raw/external/river_water_dataset\2020\images\DJI_5350.JPG,0.03413246468731807,178237,5221920,
data/raw/external/river_water_dataset\2020\images\DJI_5351.JPG,0.1227749563378987,641121,5221920,
data/raw/external/river_water_dataset\2020\images\DJI_5352.JPG,0.12471255783313417,651239,5221920,
data/raw/external/river_water_dataset\2020\images\DJI_5353.JPG,0.12102694028250145,631993,5221920,
data/raw/external/river_water_dataset\2020\images\DJI_5354.JPG,0.12199133651990073,637029,5221920,
data/raw/external/river_water_dataset\2020\images\DJI_5355.JPG,0.1185117734473144,618859,5221920,
data/raw/external/river_water_dataset\2020\images\DJI_5356.JPG,0.10674617765113215,557420,5221920,
data/raw/external/river_water_dataset\2020\images\DJI_5357.JPG,0.02018644483255201,105412,5221920,
data/raw/external/river_water_dataset\2020\images\DJI_5371.JPG,0.009633046848668688,50303,5221920,
data/raw/external/river_water_dataset\2020\images\DJI_5372.JPG,0.05326929558476576,278168,5221920,
data/raw/external/river_water_dataset\2020\images\DJI_5373.JPG,0.06274282256334834,327638,5221920,
data/raw/external/river_water_dataset\2020\images\DJI_5374.JPG,0.11691714924778626,610532,5221920,
data/raw/external/river_water_dataset\2020\images\DJI_5375.JPG,0.16357029598308667,854151,5221920,
data/raw/external/river_water_dataset\2020\images\DJI_5376.JPG,0.20349124459968748,1062615,5221920,
data/raw/external/river_water_dataset\2020\images\DJI_5377.JPG,0.22728211079449703,1186849,5221920,
data/raw/external/river_water_dataset\2020\images\DJI_5378.JPG,0.1884732052578362,984192,5221920,
data/raw/external/river_water_dataset\2020\images\DJI_5379.JPG,0.17046450347764808,890152,5221920,
data/raw/external/river_water_dataset\2020\images\DJI_5380.JPG,0.13909864570885805,726362,5221920,
data/raw/external/river_water_dataset\2020\images\DJI_5381.JPG,0.09923016821399025,518172,5221920,
data/raw/external/river_water_dataset\2020\images\DJI_5382.JPG,0.06853954101173515,357908,5221920,
data/raw/external/river_water_dataset\2020\images\DJI_5383.JPG,0.016474974721941354,86031,5221920,
data/raw/external/river_water_dataset\2020\images\DJI_5409.JPG,0.03903123755247112,203818,5221920,
data/raw/external/river_water_dataset\2020\images\DJI_5410.JPG,0.08298403652296474,433336,5221920,
data/raw/external/river_water_dataset\2020\images\DJI_5411.JPG,0.1395978873670987,728969,5221920,
data/raw/external/river_water_dataset\2020\images\DJI_5412.JPG,0.18770394797315929,980175,5221920,
data/raw/external/river_water_dataset\2020\images\DJI_5413.JPG,0.23219428869074976,1212500,5221920,
data/raw/external/river_water_dataset\2020\images\DJI_5414.JPG,0.2633140683886387,1375005,5221920,
data/raw/external/river_water_dataset\2020\images\DJI_5415.JPG,0.2606072096087263,1360870,5221920,
data/raw/external/river_water_dataset\2020\images\DJI_5416.JPG,0.25024665257223394,1306768,5221920,
data/raw/external/river_water_dataset\2020\images\DJI_5417.JPG,0.180817974997702,944217,5221920,
data/raw/external/river_water_dataset\2020\images\DJI_5418.JPG,0.1322492493182584,690595,5221920,
data/raw/external/river_water_dataset\2020\images\DJI_5419.JPG,0.1302496016790759,680153,5221920,
data/raw/external/river_water_dataset\2020\images\DJI_5420.JPG,0.06102697858259031,318678,5221920,
data/raw/external/river_water_dataset\2020\images\DJI_5421.JPG,0.024549399454606734,128195,5221920,
data/raw/external/river_water_dataset\2020\images\DJI_5434.JPG,0.0348469528449306,181968,5221920,
data/raw/external/river_water_dataset\2020\images\DJI_5435.JPG,0.11209152955234856,585333,5221920,
data/raw/external/river_water_dataset\2020\images\DJI_5436.JPG,0.10637581579189263,555486,5221920,
data/raw/external/river_water_dataset\2020\images\DJI_5437.JPG,0.10855355884425652,566858,5221920,
data/raw/external/river_water_dataset\2020\images\DJI_5438.JPG,0.10924966295921806,570493,5221920,
data/raw/external/river_water_dataset\2020\images\DJI_5439.JPG,0.10893713423415143,568861,5221920,
data/raw/external/river_water_dataset\2020\images\DJI_5440.JPG,0.1075453090051169,561593,5221920,
data/raw/external/river_water_dataset\2020\images\DJI_5441.JPG,0.06722240095597022,351030,5221920,
data/raw/external/river_water_dataset\2020\images\DJI_5470.JPG,0.05484113123142446,286376,5221920,
data/raw/external/river_water_dataset\2020\images\DJI_5471.JPG,0.09840001378803198,513837,5221920,
data/raw/external/river_water_dataset\2020\images\DJI_5472.JPG,0.10657325274994638,556517,5221920,
data/raw/external/river_water_dataset\2020\images\DJI_5473.JPG,0.10802157061004382,564080,5221920,
data/raw/external/river_water_dataset\2020\images\DJI_5474.JPG,0.105677605172044,551840,5221920,
data/raw/external/river_water_dataset\2020\images\DJI_5475.JPG,0.10400829579924625,543123,5221920,
data/raw/external/river_water_dataset\2020\images\DJI_5476.JPG,0.09081085118117474,474207,5221920,
data/raw/external/river_water_dataset\2020\images\DJI_5477.JPG,0.08405835401538131,438946,5221920,
data/raw/external/river_water_dataset\2020\images\DJI_5478.JPG,0.012193982290038912,63676,5221920,
data/raw/external/river_water_dataset\2020\images\DJI_5493.JPG,0.0759257131476545,396478,5221920,
data/raw/external/river_water_dataset\2020\images\DJI_5494.JPG,0.12994798847933328,678578,5221920,
data/raw/external/river_water_dataset\2020\images\DJI_5495.JPG,0.13030168979992032,680425,5221920,
data/raw/external/river_water_dataset\2020\images\DJI_5496.JPG,0.1296578653062475,677063,5221920,
data/raw/external/river_water_dataset\2020\images\DJI_5497.JPG,0.12796461837791465,668221,5221920,
data/raw/external/river_water_dataset\2020\images\DJI_5498.JPG,0.12582957992462543,657072,5221920,
data/raw/external/river_water_dataset\2020\images\DJI_5499.JPG,0.09101499065477832,475273,5221920,
data/raw/external/river_water_dataset\2020\images\DJI_5528.JPG,0.07770590127769096,405774,5221920,
data/raw/external/river_water_dataset\2020\images\DJI_5529.JPG,0.13949371112540981,728425,5221920,
data/raw/external/river_water_dataset\2020\images\DJI_5530.JPG,0.14266304347826086,744975,5221920,
data/raw/external/river_water_dataset\2020\images\DJI_5531.JPG,0.18501183472745658,966117,5221920,
data/raw/external/river_water_dataset\2020\images\DJI_5532.JPG,0.14034033458957626,732846,5221920,
data/raw/external/river_water_dataset\2020\images\DJI_5533.JPG,0.1369408187026994,715094,5221920,
data/raw/external/river_water_dataset\2020\images\DJI_5534.JPG,0.08906819713821736,465107,5221920,
data/raw/external/river_water_dataset\2020\images\DJI_5535.JPG,0.027999471458773784,146211,5221920,
data/raw/external/river_water_dataset\2020\images\DJI_5556.JPG,0.06516338817906057,340278,5221920,
data/raw/external/river_water_dataset\2020\images\DJI_5557.JPG,0.15368638355240985,802538,5221920,
data/raw/external/river_water_dataset\2020\images\DJI_5558.JPG,0.1671285657382725,872732,5221920,
data/raw/external/river_water_dataset\2020\images\DJI_5559.JPG,0.1612753546588228,842167,5221920,
data/raw/external/river_water_dataset\2020\images\DJI_5560.JPG,0.16359174403284615,854263,5221920,
data/raw/external/river_water_dataset\2020\images\DJI_5561.JPG,0.15584344455679136,813802,5221920,
data/raw/external/river_water_dataset\2020\images\DJI_5562.JPG,0.13671599718111346,713920,5221920,
data/raw/external/river_water_dataset\2020\images\DJI_5563.JPG,0.045628044857064065,238266,5221920,
data/raw/external/river_water_dataset\2020\images\DJI_5590.JPG,0.1385618699635383,723559,5221920,
data/raw/external/river_water_dataset\2020\images\DJI_5591.JPG,0.16401361951159726,856466,5221920,
data/raw/external/river_water_dataset\2020\images\DJI_5592.JPG,0.16307699083861874,851575,5221920,
data/raw/external/river_water_dataset\2020\images\DJI_5593.JPG,0.1586062214664338,828229,5221920,
data/raw/external/river_water_dataset\2020\images\DJI_5594.JPG,0.16153464626037933,843521,5221920,
data/raw/external/river_water_dataset\2020\images\DJI_5595.JPG,0.1522321291785397,794944,5221920,
data/raw/external/river_water_dataset\2020\images\DJI_5596.JPG,0.0698442335386218,364721,5221920,
data/raw/external/river_water_dataset\2020\images\DJI_5597.JPG,0.04228770260747005,220823,5221920,
data/raw/external/river_water_dataset\2020\images\DJI_5598.JPG,0.009314198608940772,48638,5221920,
data/raw/external/river_water_dataset\2020\images\DJI_5624.JPG,0.0217412369396697,113531,5221920,
data/raw/external/river_water_dataset\2020\images\DJI_5625.JPG,0.06951542727579128,363004,5221920,
data/raw/external/river_water_dataset\2020\images\DJI_5626.JPG,0.09396448049759476,490675,5221920,
data/raw/external/river_water_dataset\2020\images\DJI_5627.JPG,0.15028744216686582,784789,5221920,
data/raw/external/river_water_dataset\2020\images\DJI_5628.JPG,0.18336952691730246,957541,5221920,
data/raw/external/river_water_dataset\2020\images\DJI_5629.JPG,0.18198057419493213,950288,5221920,
data/raw/external/river_water_dataset\2020\images\DJI_5630.JPG,0.17072092257254037,891491,5221920,
data/raw/external/river_water_dataset\2020\images\DJI_5631.JPG,0.1413129653460796,737925,5221920,
data/raw/external/river_water_dataset\2020\images\DJI_5632.JPG,0.11428095413181359,596766,5221920,
data/raw/external/river_water_dataset\2020\images\DJI_5633.JPG,0.09103375769831785,475371,5221920,
data/raw/external/river_water_dataset\2020\images\DJI_5634.JPG,0.015220646811900603,79481,5221920,
data/raw/external/river_water_dataset\2020\images\DJI_5666.JPG,0.03958658884088611,206718,5221920,
data/raw/external/river_water_dataset\2020\images\DJI_5667.JPG,0.10060590740570519,525356,5221920,
data/raw/external/river_water_dataset\2020\images\DJI_5668.JPG,0.15465212029291908,807581,5221920,
data/raw/external/river_water_dataset\2020\images\DJI_5669.JPG,0.20832031130312223,1087832,5221920,
data/raw/external/river_water_dataset\2020\images\DJI_5670.JPG,0.2518401277690964,1315089,5221920,
data/raw/external/river_water_dataset\2020\images\DJI_5671.JPG,0.26309039586971844,1373837,5221920,
data/raw/external/river_water_dataset\2020\images\DJI_5672.JPG,0.24116033949198762,1259320,5221920,
data/raw/external/river_water_dataset\2020\images\DJI_5673.JPG,0.20192285596102583,1054425,5221920,
data/raw/external/river_water_dataset\2020\images\DJI_5674.JPG,0.146601058614456,765539,5221920,
data/raw/external/river_water_dataset\2020\images\DJI_5675.JPG,0.14263125440451022,744809,5221920,
data/raw/external/river_water_dataset\2020\images\DJI_5676.JPG,0.07104800533137237,371007,5221920,
data/raw/external/river_water_dataset\2020\images\DJI_5677.JPG,0.02381863375923032,124379,5221920,
data/raw/external/river_water_dataset\2020\images\DJI_5696.JPG,0.04471669424273064,233507,5221920,
data/raw/external/river_water_dataset\2020\images\DJI_5697.JPG,0.10594225878604038,553222,5221920,
data/raw/external/river_water_dataset\2020\images\DJI_5698.JPG,0.16280429420596257,850151,5221920,
data/raw/external/river_water_dataset\2020\images\DJI_5699.JPG,0.1734381223764439,905680,5221920,
data/raw/external/river_water_dataset\2020\images\DJI_5700.JPG,0.2329016913319239,1216194,5221920,
data/raw/external/river_water_dataset\2020\images\DJI_5701.JPG,0.29038878420197933,1516387,5221920,
data/raw/external/river_water_dataset\2020\images\DJI_5702.JPG,0.3005995878910439,1569707,5221920,
data/raw/external/river_water_dataset\2020\images\DJI_5703.JPG,0.2850317507736618,1488413,5221920,
data/raw/external/river_water_dataset\2020\images\DJI_5704.JPG,0.25725824983913964,1343382,5221920,
data/raw/external/river_water_dataset\2020\images\DJI_5705.JPG,0.17204802065140792,898421,5221920,
data/raw/external/river_water_dataset\2020\images\DJI_5706.JPG,0.12354861813279407,645161,5221920,
data/raw/external/river_water_dataset\2020\images\DJI_5707.JPG,0.09401465361399639,490937,5221920,
data/raw/external/river_water_dataset\2020\images\DJI_5708.JPG,0.0516233492661703,269573,5221920,
data/raw/external/river_water_dataset\2020\images\DJI_5710.JPG,0.05969949750283421,311746,5221920,
data/raw/external/river_water_dataset\2020\images\DJI_5711.JPG,0.08250222140515366,430820,5221920,
data/raw/external/river_water_dataset\2020\images\DJI_5712.JPG,0.038527974384900576,201190,5221920,
data/raw/external/river_water_dataset\2020\images\DJI_5713.JPG,0.13238329962925513,691295,5221920,
data/raw/external/river_water_dataset\2020\images\DJI_5714.JPG,0.179538943530349,937538,5221920,
data/raw/external/river_water_dataset\2020\images\DJI_5715.JPG,0.23236031957594142,1213367,5221920,
data/raw/external/river_water_dataset\2020\images\DJI_5716.JPG,0.2766727563807948,1444763,5221920,
data/raw/external/river_water_dataset\2020\images\DJI_5717.JPG,0.3176352759138401,1658666,5221920,
data/raw/external/river_water_dataset\2020\images\DJI_5718.JPG,0.32261945797714253,1684693,5221920,
data/raw/external/river_water_dataset\2020\images\DJI_5719.JPG,0.27866397800042897,1455161,5221920,
data/raw/external/river_water_dataset\2020\images\DJI_5720.JPG,0.23543026319821062,1229398,5221920,
data/raw/external/river_water_dataset\2020\images\DJI_5721.JPG,0.20356516377117995,1063001,5221920,
data/raw/external/river_water_dataset\2020\images\DJI_5722.JPG,0.14137711799491376,738260,5221920,
data/raw/external/river_water_dataset\2020\images\DJI_5723.JPG,0.09087462082912032,474540,5221920,
data/raw/external/river_water_dataset\2020\images\DJI_5724.JPG,0.04399875907712106,229758,5221920,
data/raw/external/river_water_dataset\2020\images\DJI_5725.JPG,0.0064397769402825015,33628,5221920,
data/raw/external/river_water_dataset\2020\images\DJI_5751.JPG,0.030782547415510005,160744,5221920,
data/raw/external/river_water_dataset\2020\images\DJI_5752.JPG,0.044699076201856786,233415,5221920,
data/raw/external/river_water_dataset\2020\images\DJI_5753.JPG,0.108376037932408,565931,5221920,
data/raw/external/river_water_dataset\2020\images\DJI_5754.JPG,0.1099934506848056,574377,5221920,
data/raw/external/river_water_dataset\2020\images\DJI_5755.JPG,0.17647436192051966,921535,5221920,
data/raw/external/river_water_dataset\2020\images\DJI_5756.JPG,0.2419780463890676,1263590,5221920,
data/raw/external/river_water_dataset\2020\images\DJI_5757.JPG,0.33107267058859574,1728835,5221920,
data/raw/external/river_water_dataset\2020\images\DJI_5758.JPG,0.3677220256150994,1920215,5221920,
data/raw/external/river_water_dataset\2020\images\DJI_5759.JPG,0.3518408937708736,1837285,5221920,
data/raw/external/river_water_dataset\2020\images\DJI_5760.JPG,0.2851428210313448,1488993,5221920,
data/raw/external/river_water_dataset\2020\images\DJI_5761.JPG,0.23471845604681804,1225681,5221920,
data/raw/external/river_water_dataset\2020\images\DJI_5762.JPG,0.17842345344241198,931713,5221920,
data/raw/external/river_water_dataset\2020\images\DJI_5763.JPG,0.1224792796519288,639577,5221920,
data/raw/external/river_water_dataset\2020\images\DJI_5764.JPG,0.17538414989122775,915842,5221920,
data/raw/external/river_water_dataset\2020\images\DJI_5765.JPG,0.16605386524496737,867120,5221920,
data/raw/external/river_water_dataset\2020\images\DJI_5766.JPG,0.1581550464197077,825873,5221920,
data/raw/external/river_water_dataset\2020\images\DJI_5767.JPG,0.08393981524037136,438327,5221920,
data/raw/external/river_water_dataset\2020\images\DJI_5768.JPG,0.157120178018813,820469,5221920,
data/raw/external/river_water_dataset\2020\images\DJI_5769.JPG,0.20894613475503263,1091100,5221920,
data/raw/external/river_water_dataset\2020\images\DJI_5770.JPG,0.2630118806875632,1373427,5221920,
data/raw/external/river_water_dataset\2020\images\DJI_5771.JPG,0.32446973526978584,1694355,5221920,
data/raw/external/river_water_dataset\2020\images\DJI_5772.JPG,0.37054206115758187,1934941,5221920,
data/raw/external/river_water_dataset\2020\images\DJI_5773.JPG,0.35709758096638783,1864735,5221920,
data/raw/external/river_water_dataset\2020\images\DJI_5774.JPG,0.3064951205686797,1600493,5221920,
data/raw/external/river_water_dataset\2020\images\DJI_5775.JPG,0.22756572295247726,1188330,5221920,
data/raw/external/river_water_dataset\2020\images\DJI_5776.JPG,0.20354122621564483,1062876,5221920,
data/raw/external/river_water_dataset\2020\images\DJI_5777.JPG,0.13093632227226767,683739,5221920,
data/raw/external/river_water_dataset\2020\images\DJI_5778.JPG,0.09687394674755645,505868,5221920,
data/raw/external/river_water_dataset\2020\images\DJI_5779.JPG,0.01393069981922358,72745,5221920,
data/raw/external/river_water_dataset\2020\images\DJI_5805.JPG,0.03955633177068971,206560,5221920,
data/raw/external/river_water_dataset\2020\images\DJI_5806.JPG,0.06900278058645096,360327,5221920,
data/raw/external/river_water_dataset\2020\images\DJI_5807.JPG,0.09849729601372675,514345,5221920,
data/raw/external/river_water_dataset\2020\images\DJI_5808.JPG,0.09388596531543954,490265,5221920,
data/raw/external/river_water_dataset\2020\images\DJI_5809.JPG,0.1960104712442933,1023551,5221920,
data/raw/external/river_water_dataset\2020\images\DJI_5810.JPG,0.21134218831387688,1103612,5221920,
data/raw/external/river_water_dataset\2020\images\DJI_5811.JPG,0.3003743833685694,1568531,5221920,
data/raw/external/river_water_dataset\2020\images\DJI_5812.JPG,0.28850729233691824,1506562,5221920,
data/raw/external/river_water_dataset\2020\images\DJI_5813.JPG,0.33289805282348256,1738367,5221920,
data/raw/external/river_water_dataset\2020\images\DJI_5814.JPG,0.3299962465912921,1723214,5221920,
data/raw/external/river_water_dataset\2020\images\DJI_5815.JPG,0.2777298388332261,1450283,5221920,
data/raw/external/river_water_dataset\2020\images\DJI_5816.JPG,0.21173840273309433,1105681,5221920,
data/raw/external/river_water_dataset\2020\images\DJI_5817.JPG,0.14347232435579252,749201,5221920,
data/raw/external/river_water_dataset\2020\images\DJI_5818.JPG,0.07917183717866226,413429,5221920,
data/raw/external/river_water_dataset\2020\images\DJI_5819.JPG,0.11403698256579956,595492,5221920,
data/raw/external/river_water_dataset\2020\images\DJI_5820.JPG,0.12951021846370683,676292,5221920,
data/raw/external/river_water_dataset\2020\images\DJI_5821.JPG,0.11363540613414223,593395,5221920,
data/raw/external/river_water_dataset\2020\images\DJI_5822.JPG,0.11983236051107639,625755,5221920,
data/raw/external/river_water_dataset\2020\images\DJI_5823.JPG,0.1541651346631124,805038,5221920,
data/raw/external/river_water_dataset\2020\images\DJI_5824.JPG,0.13089591567852438,683528,5221920,
data/raw/external/river_water_dataset\2020\images\DJI_5825.JPG,0.16984193553329044,886901,5221920,
data/raw/external/river_water_dataset\2020\images\DJI_5826.JPG,0.21592287894107914,1127532,5221920,
data/raw/external/river_water_dataset\2020\images\DJI_5827.JPG,0.23125497901155131,1207595,5221920,
data/raw/external/river_water_dataset\2020\images\DJI_5828.JPG,0.21305956429818917,1112580,5221920,
data/raw/external/river_water_dataset\2020\images\DJI_5829.JPG,0.1915140408125747,1000071,5221920,
data/raw/external/river_water_dataset\2020\images\DJI_5830.JPG,0.18409914361001317,961351,5221920,
data/raw/external/river_water_dataset\2020\images\DJI_5831.JPG,0.16245710390048104,848338,5221920,
data/raw/external/river_water_dataset\2020\images\DJI_5832.JPG,0.16161048043631462,843917,5221920,
data/raw/external/river_water_dataset\2020\images\DJI_5833.JPG,0.12302984342923676,642452,5221920,
data/raw/external/river_water_dataset\2020\images\DJI_5834.JPG,0.09260080583386954,483554,5221920,
data/raw/external/river_water_dataset\2020\images\DJI_5835.JPG,0.05556844991880381,290174,5221920,
data/raw/external/river_water_dataset\2020\images\DJI_5836.JPG,0.04169022122131323,217703,5221920,
data/raw/external/river_water_dataset\2020\images\DJI_5862.JPG,0.010533098936789533,55003,5221920,
data/raw/external/river_water_dataset\2020\images\DJI_5863.JPG,0.04258127278855287,222356,5221920,
data/raw/external/river_water_dataset\2020\images\DJI_5864.JPG,0.059431396880840766,310346,5221920,
data/raw/external/river_water_dataset\2020\images\DJI_5865.JPG,0.09561329932285442,499285,5221920,
data/raw/external/river_water_dataset\2020\images\DJI_5866.JPG,0.12905559640898367,673918,5221920,
data/raw/external/river_water_dataset\2020\images\DJI_5867.JPG,0.16030061739743237,837077,5221920,
data/raw/external/river_water_dataset\2020\images\DJI_5868.JPG,0.16083586113919784,839872,5221920,
data/raw/external/river_water_dataset\2020\images\DJI_5869.JPG,0.19872154303397985,1037708,5221920,
data/raw/external/river_water_dataset\2020\images\DJI_5870.JPG,0.19152763734411865,1000142,5221920,
data/raw/external/river_water_dataset\2020\images\DJI_5871.JPG,0.1915079127983577,1000039,5221920,
data/raw/external/river_water_dataset\2020\images\DJI_5872.JPG,0.20283210007047217,1059173,5221920,
data/raw/external/river_water_dataset\2020\images\DJI_5873.JPG,0.19533830468486688,1020041,5221920,
data/raw/external/river_water_dataset\2020\images\DJI_5874.JPG,0.17986660079051384,939249,5221920,
data/raw/external/river_water_dataset\2020\images\DJI_5875.JPG,0.1625082345191041,848605,5221920,
data/raw/external/river_water_dataset\2020\images\DJI_5876.JPG,0.11362104360082115,593320,5221920,
data/raw/external/river_water_dataset\2020\images\DJI_5877.JPG,0.08492278702086589,443460,5221920,
data/raw/external/river_water_dataset\2020\images\DJI_5878.JPG,0.05149868247694335,268922,5221920,
data/raw/external/river_water_dataset\2020\images\DJI_5879.JPG,0.07291953917333088,380780,5221920,
data/raw/external/river_water_dataset\2020\images\DJI_5880.JPG,0.085589974568741,446944,5221920,
data/raw/external/river_water_dataset\2020\images\DJI_5881.JPG,0.11807936544412784,616601,5221920,
data/raw/external/river_water_dataset\2020\images\DJI_5882.JPG,0.1952542359898275,1019602,5221920,
data/raw/external/river_water_dataset\2020\images\DJI_5883.JPG,0.176086190519962,919508,5221920,
data/raw/external/river_water_dataset\2020\images\DJI_5884.JPG,0.17024657597205625,889014,5221920,
data/raw/external/river_water_dataset\2020\images\DJI_5885.JPG,0.15968896497839874,833883,5221920,
data/raw/external/river_water_dataset\2020\images\DJI_5886.JPG,0.19602081226828447,1023605,5221920,
data/raw/external/river_water_dataset\2020\images\DJI_5887.JPG,0.19867481692557526,1037464,5221920,
data/raw/external/river_water_dataset\2020\images\DJI_5888.JPG,0.18348117167631828,958124,5221920,
data/raw/external/river_water_dataset\2020\images\DJI_5889.JPG,0.1791674326684438,935598,5221920,
data/raw/external/river_water_dataset\2020\images\DJI_5890.JPG,0.16170201764868095,844395,5221920,
data/raw/external/river_water_dataset\2020\images\DJI_5891.JPG,0.13721447283757698,716523,5221920,
data/raw/external/river_water_dataset\2020\images\DJI_5892.JPG,0.1342563654747679,701076,5221920,
data/raw/external/river_water_dataset\2020\images\DJI_5893.JPG,0.13909328369641819,726334,5221920,
data/raw/external/river_water_dataset\2020\images\DJI_5894.JPG,0.11317235805987069,590977,5221920,
data/raw/external/river_water_dataset\2020\images\DJI_5895.JPG,0.08084746606612127,422179,5221920,
data/raw/external/river_water_dataset\2020\images\DJI_5896.JPG,0.05521436559732819,288325,5221920,
data/raw/external/river_water_dataset\2020\images\DJI_5897.JPG,0.013551720439991422,70766,5221920,
data/raw/external/river_water_dataset\2020\images\DJI_5903.JPG,0.1953875202990471,1020298,5221920,
data/raw/external/river_water_dataset\2020\images\DJI_5904.JPG,0.22324413242638724,1165763,5221920,
data/raw/external/river_water_dataset\2020\images\DJI_5905.JPG,0.25575573735331064,1335536,5221920,
data/raw/external/river_water_dataset\2020\images\DJI_5906.JPG,0.24398765205135275,1274084,5221920,
data/raw/external/river_water_dataset\2020\images\DJI_5907.JPG,0.2517585485798327,1314663,5221920,
data/raw/external/river_water_dataset\2020\images\DJI_5908.JPG,0.2401005760333364,1253786,5221920,
data/raw/external/river_water_dataset\2020\images\DJI_5909.JPG,0.23171209057205014,1209982,5221920,
data/raw/external/river_water_dataset\2020\images\DJI_5910.JPG,0.2434359392713791,1271203,5221920,
data/raw/external/river_water_dataset\2020\images\DJI_5911.JPG,0.219263795692006,1144978,5221920,
data/raw/external/river_water_dataset\2020\images\DJI_5912.JPG,0.19062605325244356,995434,5221920,
data/raw/external/river_water_dataset\2020\images\DJI_5913.JPG,0.10166452186169071,530884,5221920,
data/raw/external/river_water_dataset\2020\images\DJI_5914.JPG,0.07629837301222539,398424,5221920,
data/raw/external/river_water_dataset\2020\images\DJI_5915.JPG,0.07675548457272421,400811,5221920,
data/raw/external/river_water_dataset\2020\images\DJI_5916.JPG,0.08084095505101571,422145,5221920,
data/raw/external/river_water_dataset\2020\images\DJI_5917.JPG,0.06768640653246316,353453,5221920,
data/raw/external/river_water_dataset\2020\images\DJI_5918.JPG,0.04373391396268039,228375,5221920,
data/raw/external/river_water_dataset\2020\images\DJI_5919.JPG,0.013217552164721022,69021,5221920,
data/raw/external/river_water_dataset\2020\images\DJI_5940.JPG,0.0905659221129393,472928,5221920,
data/raw/external/river_water_dataset\2020\images\DJI_5941.JPG,0.15725844133958392,821191,5221920,
data/raw/external/river_water_dataset\2020\images\DJI_5942.JPG,0.15756809755798634,822808,5221920,
data/raw/external/river_water_dataset\2020\images\DJI_5943.JPG,0.2556542421178417,1335006,5221920,
data/raw/external/river_water_dataset\2020\images\DJI_5944.JPG,0.25197226307565035,1315779,5221920,
data/raw/external/river_water_dataset\2020\images\DJI_5945.JPG,0.34444189110518736,1798648,5221920,
data/raw/external/river_water_dataset\2020\images\DJI_5946.JPG,0.3670707326040996,1916814,5221920,
data/raw/external/river_water_dataset\2020\images\DJI_5947.JPG,0.30763378221037474,1606439,5221920,
data/raw/external/river_water_dataset\2020\images\DJI_5948.JPG,0.24000520881208445,1253288,5221920,
data/raw/external/river_water_dataset\2020\images\DJI_5949.JPG,0.17848013757391917,932009,5221920,
data/raw/external/river_water_dataset\2020\images\DJI_5950.JPG,0.2451542727579128,1280176,5221920,
data/raw/external/river_water_dataset\2020\images\DJI_5951.JPG,0.2592460244507767,1353762,5221920,
data/raw/external/river_water_dataset\2020\images\DJI_5952.JPG,0.27910634402671813,1457471,5221920,
data/raw/external/river_water_dataset\2020\images\DJI_5953.JPG,0.24262531789073752,1266970,5221920,
data/raw/external/river_water_dataset\2020\images\DJI_5954.JPG,0.24461788001348164,1277375,5221920,
data/raw/external/river_water_dataset\2020\images\DJI_5955.JPG,0.31639014002512483,1652164,5221920,
data/raw/external/river_water_dataset\2020\images\DJI_5956.JPG,0.3879419830254006,2025802,5221920,
data/raw/external/river_water_dataset\2020\images\DJI_5957.JPG,0.39817500076600176,2079238,5221920,
data/raw/external/river_water_dataset\2020\images\DJI_5958.JPG,0.3522256181634341,1839294,5221920,
data/raw/external/river_water_dataset\2020\images\DJI_5959.JPG,0.31848515488555934,1663104,5221920,
data/raw/external/river_water_dataset\2020\images\DJI_5960.JPG,0.23066209363605725,1204499,5221920,
data/raw/external/river_water_dataset\2020\images\DJI_5961.JPG,0.17512887979900113,914509,5221920,
data/raw/external/river_water_dataset\2020\images\DJI_5962.JPG,0.07825742255722033,408654,5221920,
data/raw/external/river_water_dataset\2020\images\DJI_5986.JPG,0.02330924257744278,121719,5221920,
data/raw/external/river_water_dataset\2020\images\DJI_5987.JPG,0.07113801054018445,371477,5221920,
data/raw/external/river_water_dataset\2020\images\DJI_5988.JPG,0.06850909244109446,357749,5221920,
data/raw/external/river_water_dataset\2020\images\DJI_5989.JPG,0.20407110794497044,1065643,5221920,
data/raw/external/river_water_dataset\2020\images\DJI_5990.JPG,0.2060661595734902,1076061,5221920,
data/raw/external/river_water_dataset\2020\images\DJI_5991.JPG,0.3298384502252045,1722390,5221920,
data/raw/external/river_water_dataset\2020\images\DJI_5992.JPG,0.44368105984005884,2316867,5221920,
data/raw/external/river_water_dataset\2020\images\DJI_5993.JPG,0.4784998621196801,2498688,5221920,
data/raw/external/river_water_dataset\2020\images\DJI_5994.JPG,0.42159742010601464,2201548,5221920,
data/raw/external/river_water_dataset\2020\images\DJI_5995.JPG,0.3733776082360511,1949748,5221920,
data/raw/external/river_water_dataset\2020\images\DJI_5996.JPG,0.2738421883138769,1429982,5221920,
data/raw/external/river_water_dataset\2020\images\DJI_5997.JPG,0.28046274167356067,1464554,5221920,
data/raw/external/river_water_dataset\2020\images\DJI_5998.JPG,0.21279357018108283,1111191,5221920,
data/raw/external/river_water_dataset\2020\images\DJI_5999.JPG,0.17810403070135122,930045,5221920,
data/raw/external/river_water_dataset\2020\images\DJI_6000.JPG,0.15130316052333243,790093,5221920,
data/raw/external/river_water_dataset\2020\images\DJI_6001.JPG,0.1379793256120354,720517,5221920,
data/raw/external/river_water_dataset\2020\images\DJI_6002.JPG,0.3093747127493336,1615530,5221920,
data/raw/external/river_water_dataset\2020\images\DJI_6003.JPG,0.4238176762570089,2213142,5221920,
data/raw/external/river_water_dataset\2020\images\DJI_6004.JPG,0.4577534699880504,2390352,5221920,
data/raw/external/river_water_dataset\2020\images\DJI_6005.JPG,0.38582820112142663,2014764,5221920,
data/raw/external/river_water_dataset\2020\images\DJI_6006.JPG,0.4024107990930539,2101357,5221920,
data/raw/external/river_water_dataset\2020\images\DJI_6007.JPG,0.3726949091521892,1946183,5221920,
data/raw/external/river_water_dataset\2020\images\DJI_6008.JPG,0.37051486809449397,1934799,5221920,
data/raw/external/river_water_dataset\2020\images\DJI_6009.JPG,0.2184068312038484,1140503,5221920,
data/raw/external/river_water_dataset\2020\images\DJI_6010.JPG,0.02025136348316328,105751,5221920,
data/raw/external/river_water_dataset\2020\images\DJI_6029.JPG,0.17779590648650304,928436,5221920,
data/raw/external/river_water_dataset\2020\images\DJI_6030.JPG,0.16266775438919018,849438,5221920,
data/raw/external/river_water_dataset\2020\images\DJI_6031.JPG,0.3757579587584643,1962178,5221920,
data/raw/external/river_water_dataset\2020\images\DJI_6032.JPG,0.41035500352360815,2142841,5221920,
data/raw/external/river_water_dataset\2020\images\DJI_6033.JPG,0.44403935717130866,2318738,5221920,
data/raw/external/river_water_dataset\2020\images\DJI_6034.JPG,0.3799780540490854,1984215,5221920,
data/raw/external/river_water_dataset\2020\images\DJI_6035.JPG,0.3766384778012685,1966776,5221920,
data/raw/external/river_water_dataset\2020\images\DJI_6036.JPG,0.2802582191990685,1463486,5221920,
data/raw/external/river_water_dataset\2020\images\DJI_6037.JPG,0.11992772773232833,626253,5221920,
data/raw/external/river_water_dataset\2020\images\DJI_6045.JPG,0.1795479440512302,937585,5221920,
data/raw/external/river_water_dataset\2020\images\DJI_6046.JPG,0.30906122652204554,1613893,5221920,
data/raw/external/river_water_dataset\2020\images\DJI_6047.JPG,0.4541220470631492,2371389,5221920,
data/raw/external/river_water_dataset\2020\images\DJI_6048.JPG,0.3950140944326991,2062732,5221920,
data/raw/external/river_water_dataset\2020\images\DJI_6049.JPG,0.43414816772374915,2267087,5221920,
data/raw/external/river_water_dataset\2020\images\DJI_6050.JPG,0.45880021141649047,2395818,5221920,
data/raw/external/river_water_dataset\2020\images\DJI_6051.JPG,0.43258226859086313,2258910,5221920,
data/raw/external/river_water_dataset\2020\images\DJI_6052.JPG,0.28111422618500476,1467956,5221920,
data/raw/external/river_water_dataset\2020\images\DJI_6053.JPG,0.22263286300824217,1162571,5221920,
data/raw/external/river_water_dataset\2020\images\DJI_6065.JPG,0.14544267242700004,759490,5221920,
data/raw/external/river_water_dataset\2020\images\DJI_6066.JPG,0.29258740080276985,1527868,5221920,
data/raw/external/river_water_dataset\2020\images\DJI_6067.JPG,0.4097617351472255,2139743,5221920,
data/raw/external/river_water_dataset\2020\images\DJI_6068.JPG,0.4128154012317309,2155689,5221920,
data/raw/external/river_water_dataset\2020\images\DJI_6069.JPG,0.41497590924410943,2166971,5221920,
data/raw/external/river_water_dataset\2020\images\DJI_6070.JPG,0.4176894705395717,2181141,5221920,
data/raw/external/river_water_dataset\2020\images\DJI_6071.JPG,0.4297683610625977,2244216,5221920,
data/raw/external/river_water_dataset\2020\images\DJI_6072.JPG,0.25965775040598094,1355912,5221920,
data/raw/external/river_water_dataset\2020\images\DJI_6087.JPG,0.1822969329288844,951940,5221920,
data/raw/external/river_water_dataset\2020\images\DJI_6088.JPG,0.19431703281551613,1014708,5221920,
data/raw/external/river_water_dataset\2020\images\DJI_6089.JPG,0.404452385329534,2112018,5221920,
data/raw/external/river_water_dataset\2020\images\DJI_6090.JPG,0.4732372384103931,2471207,5221920,
data/raw/external/river_water_dataset\2020\images\DJI_6091.JPG,0.4633732420259215,2419698,5221920,
data/raw/external/river_water_dataset\2020\images\DJI_6092.JPG,0.440298587492723,2299204,5221920,
data/raw/external/river_water_dataset\2020\images\DJI_6093.JPG,0.48060464350277293,2509679,5221920,
data/raw/external/river_water_dataset\2020\images\DJI_6094.JPG,0.3858067530716671,2014652,5221920,
data/raw/external/river_water_dataset\2020\images\DJI_6095.JPG,0.2255542022857493,1177826,5221920,
data/raw/external/river_water_dataset\2020\images\DJI_6096.JPG,0.06955219536109324,363196,5221920,
data/raw/external/river_water_dataset\2020\images\DJI_6106.JPG,0.3406344792719919,1778766,5221920,
data/raw/external/river_water_dataset\2020\images\DJI_6107.JPG,0.4706037243006404,2457455,5221920,
data/raw/external/river_water_dataset\2020\images\DJI_6108.JPG,0.45926996200631187,2398271,5221920,
data/raw/external/river_water_dataset\2020\images\DJI_6109.JPG,0.48056385390814105,2509466,5221920,
data/raw/external/river_water_dataset\2020\images\DJI_6110.JPG,0.42197601648435823,2203525,5221920,
data/raw/external/river_water_dataset\2020\images\DJI_6111.JPG,0.43357864540245733,2264113,5221920,
data/raw/external/river_water_dataset\2020\images\DJI_6112.JPG,0.34436643993014066,1798254,5221920,
data/raw/external/river_water_dataset\2020\images\DJI_6113.JPG,0.1847895027116463,964956,5221920,
data/raw/external/river_water_dataset\2020\images\DJI_6114.JPG,0.07351778656126483,383904,5221920,
data/raw/external/river_water_dataset\2020\images\DJI_6115.JPG,0.13531976744186047,706629,5221920,
data/raw/external/river_water_dataset\2020\images\DJI_6116.JPG,0.12632211906731625,659644,5221920,
data/raw/external/river_water_dataset\2020\images\DJI_6117.JPG,0.10306228360449796,538183,5221920,
data/raw/external/river_water_dataset\2020\images\DJI_6118.JPG,0.053386493856665745,278780,5221920,
data/raw/external/river_water_dataset\2020\images\DJI_6119.JPG,0.19159638600361553,1000501,5221920,
data/raw/external/river_water_dataset\2020\images\DJI_6120.JPG,0.34390837086742043,1795862,5221920,
data/raw/external/river_water_dataset\2020\images\DJI_6121.JPG,0.4587107807090112,2395351,5221920,
data/raw/external/river_water_dataset\2020\images\DJI_6122.JPG,0.4621955142935932,2413548,5221920,
data/raw/external/river_water_dataset\2020\images\DJI_6123.JPG,0.4738372093023256,2474340,5221920,
data/raw/external/river_water_dataset\2020\images\DJI_6124.JPG,0.5584273600514753,2916063,5221920,
data/raw/external/river_water_dataset\2020\images\DJI_6125.JPG,0.519795975426663,2714333,5221920,
data/raw/external/river_water_dataset\2020\images\DJI_6126.JPG,0.37415375953672214,1953801,5221920,
data/raw/external/river_water_dataset\2020\images\DJI_6127.JPG,0.21588649385666575,1127342,5221920,
data/raw/external/river_water_dataset\2020\images\DJI_6141.JPG,0.32701056316450655,1707623,5221920,
data/raw/external/river_water_dataset\2020\images\DJI_6142.JPG,0.48066994515427275,2510020,5221920,
data/raw/external/river_water_dataset\2020\images\DJI_6143.JPG,0.6082795217084903,3176387,5221920,
data/raw/external/river_water_dataset\2020\images\DJI_6144.JPG,0.6154776404081257,3213975,5221920,
data/raw/external/river_water_dataset\2020\images\DJI_6145.JPG,0.5652055182768024,2951458,5221920,
data/raw/external/river_water_dataset\2020\images\DJI_6146.JPG,0.5015027039862733,2618807,5221920,
data/raw/external/river_water_dataset\2020\images\DJI_6147.JPG,0.4930134892912952,2574477,5221920,
data/raw/external/river_water_dataset\2020\images\DJI_6148.JPG,0.3200780555810889,1671422,5221920,
data/raw/external/river_water_dataset\2020\images\DJI_6149.JPG,0.16127592916015565,842170,5221920,
data/raw/external/river_water_dataset\2020\images\DJI_6150.JPG,0.03650285718662867,190615,5221920,
data/raw/external/river_water_dataset\2020\images\DJI_6151.JPG,0.11186441002543127,584147,5221920,
data/raw/external/river_water_dataset\2020\images\DJI_6152.JPG,0.14524772497472194,758472,5221920,
data/raw/external/river_water_dataset\2020\images\DJI_6153.JPG,0.14894827956000858,777796,5221920,
data/raw/external/river_water_dataset\2020\images\DJI_6154.JPG,0.04287905597940987,223911,5221920,
data/raw/external/river_water_dataset\2020\images\DJI_6155.JPG,0.2303472669056592,1202855,5221920,
data/raw/external/river_water_dataset\2020\images\DJI_6156.JPG,0.3430232558139535,1791240,5221920,
data/raw/external/river_water_dataset\2020\images\DJI_6157.JPG,0.49344972730336734,2576755,5221920,
data/raw/external/river_water_dataset\2020\images\DJI_6158.JPG,0.4957942672427,2588998,5221920,
data/raw/external/river_water_dataset\2020\images\DJI_6159.JPG,0.6161452109568895,3217461,5221920,
data/raw/external/river_water_dataset\2020\images\DJI_6160.JPG,0.6317105585684959,3298742,5221920,
data/raw/external/river_water_dataset\2020\images\DJI_6161.JPG,0.6356878312957686,3319511,5221920,
data/raw/external/river_water_dataset\2020\images\DJI_6162.JPG,0.4805927704752275,2509617,5221920,
data/raw/external/river_water_dataset\2020\images\DJI_6163.JPG,0.3340493534945001,1744379,5221920,
data/raw/external/river_water_dataset\2020\images\DJI_6164.JPG,0.2577996215951221,1346209,5221920,
data/raw/external/river_water_dataset\2020\images\DJI_6165.JPG,0.14310579250543862,747287,5221920,
data/raw/external/river_water_dataset\2020\images\DJI_6166.JPG,0.041362946962036955,215994,5221920,
data/raw/external/river_water_dataset\2020\images\DJI_6172.JPG,0.050107240248797376,261656,5221920,
data/raw/external/river_water_dataset\2020\images\DJI_6173.JPG,0.0900620844440359,470297,5221920,
data/raw/external/river_water_dataset\2020\images\DJI_6174.JPG,0.2190598477188467,1143913,5221920,
data/raw/external/river_water_dataset\2020\images\DJI_6175.JPG,0.34295297515090234,1790873,5221920,
data/raw/external/river_water_dataset\2020\images\DJI_6176.JPG,0.4503343597757147,2351610,5221920,
data/raw/external/river_water_dataset\2020\images\DJI_6177.JPG,0.5058026549621595,2641261,5221920,
data/raw/external/river_water_dataset\2020\images\DJI_6178.JPG,0.5518996844072678,2881976,5221920,
data/raw/external/river_water_dataset\2020\images\DJI_6179.JPG,0.5574418987652051,2910917,5221920,
data/raw/external/river_water_dataset\2020\images\DJI_6180.JPG,0.48398826485277446,2527348,5221920,
data/raw/external/river_water_dataset\2020\images\DJI_6181.JPG,0.281479609032693,1469864,5221920,
data/raw/external/river_water_dataset\2020\images\DJI_6182.JPG,0.16410649722707357,856951,5221920,
data/raw/external/river_water_dataset\2020\images\DJI_6183.JPG,0.09035718662867298,471838,5221920,
data/raw/external/river_water_dataset\2020\images\DJI_6184.JPG,0.17310740110917058,903953,5221920,
data/raw/external/river_water_dataset\2020\images\DJI_6185.JPG,0.12283412997518155,641430,5221920,
data/raw/external/river_water_dataset\2020\images\DJI_6186.JPG,0.1942011750467261,1014103,5221920,
data/raw/external/river_water_dataset\2020\images\DJI_6187.JPG,0.1221633039188651,637927,5221920,
data/raw/external/river_water_dataset\2020\images\DJI_6188.JPG,0.17095934062567025,892736,5221920,
data/raw/external/river_water_dataset\2020\images\DJI_6189.JPG,0.20202358519471766,1054951,5221920,
data/raw/external/river_water_dataset\2020\images\DJI_6190.JPG,0.34473680178938015,1800188,5221920,
data/raw/external/river_water_dataset\2020\images\DJI_6191.JPG,0.35543574011091705,1856057,5221920,
data/raw/external/river_water_dataset\2020\images\DJI_6192.JPG,0.46690087171002237,2438119,5221920,
data/raw/external/river_water_dataset\2020\images\DJI_6193.JPG,0.42908087446762877,2240626,5221920,
data/raw/external/river_water_dataset\2020\images\DJI_6194.JPG,0.3532055259368202,1844411,5221920,
data/raw/external/river_water_dataset\2020\images\DJI_6195.JPG,0.32974940251861384,1721925,5221920,
data/raw/external/river_water_dataset\2020\images\DJI_6196.JPG,0.25331257468517326,1322778,5221920,
data/raw/external/river_water_dataset\2020\images\DJI_6197.JPG,0.131863950424365,688583,5221920,
data/raw/external/river_water_dataset\2020\images\DJI_6198.JPG,0.1411787235346386,737224,5221920,
data/raw/external/river_water_dataset\2020\images\DJI_6200.JPG,0.03568438428777155,186341,5221920,
data/raw/external/river_water_dataset\2020\images\DJI_6201.JPG,0.07070483653522076,369215,5221920,
data/raw/external/river_water_dataset\2020\images\DJI_6202.JPG,0.08269276434721329,431815,5221920,
data/raw/external/river_water_dataset\2020\images\DJI_6203.JPG,0.03156750773661795,164843,5221920,
data/raw/external/river_water_dataset\2020\images\DJI_6204.JPG,0.1445374498268836,754763,5221920,
data/raw/external/river_water_dataset\2020\images\DJI_6205.JPG,0.17832674571805007,931208,5221920,
data/raw/external/river_water_dataset\2020\images\DJI_6206.JPG,0.2672670205594877,1395647,5221920,
data/raw/external/river_water_dataset\2020\images\DJI_6207.JPG,0.2474369580537427,1292096,5221920,
data/raw/external/river_water_dataset\2020\images\DJI_6208.JPG,0.2674627340135429,1396669,5221920,
data/raw/external/river_water_dataset\2020\images\DJI_6209.JPG,0.29339744768207865,1532098,5221920,
data/raw/external/river_water_dataset\2020\images\DJI_6210.JPG,0.28694637221558356,1498411,5221920,
data/raw/external/river_water_dataset\2020\images\DJI_6211.JPG,0.4503119542237338,2351493,5221920,
data/raw/external/river_water_dataset\2020\images\DJI_6212.JPG,0.3473143977694028,1813648,5221920,
data/raw/external/river_water_dataset\2020\images\DJI_6213.JPG,0.30833429083555475,1610097,5221920,
data/raw/external/river_water_dataset\2020\images\DJI_6214.JPG,0.14321418175690168,747853,5221920,
data/raw/external/river_water_dataset\2020\images\DJI_6215.JPG,0.15322276097680546,800117,5221920,
data/raw/external/river_water_dataset\2020\images\DJI_6216.JPG,0.09519984986365168,497126,5221920,
data/raw/external/river_water_dataset\2020\images\DJI_6217.JPG,0.16942580506786775,884728,5221920,
data/raw/external/river_water_dataset\2020\images\DJI_6218.JPG,0.18143115942028987,947419,5221920,
data/raw/external/river_water_dataset\2020\images\DJI_6222.JPG,0.14918669761313846,779041,5221920,
data/raw/external/river_water_dataset\2020\images\DJI_6223.JPG,0.12462025461899072,650757,5221920,
data/raw/external/river_water_dataset\2020\images\DJI_6224.JPG,0.06012367098691669,313961,5221920,
data/raw/external/river_water_dataset\2020\images\DJI_6225.JPG,0.14257437877255874,744512,5221920,
data/raw/external/river_water_dataset\2020\images\DJI_6226.JPG,0.13267131629745382,692799,5221920,
data/raw/external/river_water_dataset\2020\images\DJI_6227.JPG,0.1940418466770843,1013271,5221920,
data/raw/external/river_water_dataset\2020\images\DJI_6229.JPG,0.3206360878757239,1674336,5221920,
data/raw/external/river_water_dataset\2020\images\DJI_6230.JPG,0.30349564910990595,1584830,5221920,
data/raw/external/river_water_dataset\2020\images\DJI_6231.JPG,0.23997265373655666,1253118,5221920,
data/raw/external/river_water_dataset\2020\images\DJI_6233.JPG,0.1509651622391764,788328,5221920,
data/raw/external/river_water_dataset\2020\images\DJI_6234.JPG,0.15354275821919908,801788,5221920,
data/raw/external/river_water_dataset\2020\images\DJI_6235.JPG,0.1542290958115023,805372,5221920,
data/raw/external/river_water_dataset\2020\images\DJI_6236.JPG,0.15534496890032784,811199,5221920,
data/raw/external/river_water_dataset\2020\images\DJI_6237.JPG,0.01584417225847964,82737,5221920,
data/raw/external/river_water_dataset\2020\images\DJI_6238.JPG,0.0854597542666299,446264,5221920,
data/raw/external/river_water_dataset\2020\images\DJI_6239.JPG,0.136338166804547,711947,5221920,
data/raw/external/river_water_dataset\2020\images\DJI_6240.JPG,0.12274699727303368,640975,5221920,
data/raw/external/river_water_dataset\2020\images\DJI_6241.JPG,0.08388217360664277,438026,5221920,
data/raw/external/river_water_dataset\2020\images\DJI_6242.JPG,0.15728199589423048,821314,5221920,
data/raw/external/river_water_dataset\2020\images\DJI_6243.JPG,0.1930586833961455,1008137,5221920,
data/raw/external/river_water_dataset\2020\images\DJI_6244.JPG,0.23327339369427338,1218135,5221920,
data/raw/external/river_water_dataset\2020\images\DJI_6245.JPG,0.21905965621840243,1143912,5221920,
data/raw/external/river_water_dataset\2020\images\DJI_6246.JPG,0.20941243833685694,1093535,5221920,
data/raw/external/river_water_dataset\2020\images\DJI_6247.JPG,0.18268069981922358,953944,5221920,
data/raw/external/river_water_dataset\2020\images\DJI_6248.JPG,0.059375478751110704,310054,5221920,
data/raw/external/river_water_dataset\2020\images\DJI_6249.JPG,0.057486326868278335,300189,5221920,
data/raw/external/river_water_dataset\2020\images\DJI_6250.JPG,0.011863644023654136,61951,5221920,
data/raw/external/river_water_dataset\2020\images\DJI_6256.JPG,0.10021409749670619,523310,5221920,
data/raw/external/river_water_dataset\2020\images\DJI_6257.JPG,0.14699631553145204,767603,5221920,
data/raw/external/river_water_dataset\2020\images\DJI_6258.JPG,0.20351230964855838,1062725,5221920,
data/raw/external/river_water_dataset\2020\images\DJI_6259.JPG,0.2525438919018292,1318764,5221920,
data/raw/external/river_water_dataset\2020\images\DJI_6260.JPG,0.24691454484174402,1289368,5221920,
data/raw/external/river_water_dataset\2020\images\DJI_6261.JPG,0.2546004151729632,1329503,5221920,
data/raw/external/river_water_dataset\2020\images\DJI_6262.JPG,0.23870300579097342,1246488,5221920,
data/raw/external/river_water_dataset\2020\images\DJI_6263.JPG,0.11408504917731409,595743,5221920,
data/raw/external/river_water_dataset\2020\images\DJI_6264.JPG,0.07464610717896865,389796,5221920,
data/raw/external/river_water_dataset\2020\images\DJI_6266.JPG,0.03141334987897172,164038,5221920,
data/raw/external/river_water_dataset\2020\images\DJI_6267.JPG,0.05265726016484358,274972,5221920,
data/raw/external/river_water_dataset\2020\images\DJI_6268.JPG,0.4414169500873242,2305044,5221920,
data/raw/external/river_water_dataset\2020\images\DJI_6270.JPG,0.06157945736434108,321563,5221920,
data/raw/external/river_water_dataset\2020\images\DJI_6271.JPG,0.15276603241719522,797732,5221920,
data/raw/external/river_water_dataset\2020\images\DJI_6272.JPG,0.15444472531176273,806498,5221920,
data/raw/external/river_water_dataset\2020\images\DJI_6273.JPG,0.29466192511566625,1538701,5221920,
data/raw/external/river_water_dataset\2020\images\DJI_6274.JPG,0.2840487789931673,1483280,5221920,
data/raw/external/river_water_dataset\2020\images\DJI_6275.JPG,0.28328679872537305,1479301,5221920,
data/raw/external/river_water_dataset\2020\images\DJI_6276.JPG,0.26075102644238135,1361621,5221920,
data/raw/external/river_water_dataset\2020\images\DJI_6277.JPG,0.12613808714036218,658683,5221920,
data/raw/external/river_water_dataset\2020\images\DJI_6278.JPG,0.1327672580200386,693300,5221920,
data/raw/external/river_water_dataset\2020\images\DJI_6290.JPG,0.09034856910868033,471793,5221920,
data/raw/external/river_water_dataset\2020\images\DJI_6291.JPG,0.16442553696724577,858617,5221920,
data/raw/external/river_water_dataset\2020\images\DJI_6292.JPG,0.2756047584030395,1439186,5221920,
data/raw/external/river_water_dataset\2020\images\DJI_6293.JPG,0.35341675092686214,1845514,5221920,
data/raw/external/river_water_dataset\2020\images\DJI_6294.JPG,0.30090598860189355,1571307,5221920,
data/raw/external/river_water_dataset\2020\images\DJI_6295.JPG,0.3071040919814934,1603673,5221920,
data/raw/external/river_water_dataset\2020\images\DJI_6296.JPG,0.2739306615191347,1430444,5221920,
data/raw/external/river_water_dataset\2020\images\DJI_6297.JPG,0.2573909596470264,1344075,5221920,
data/raw/external/river_water_dataset\2020\images\DJI_6298.JPG,0.1507267441860465,787083,5221920,
data/raw/external/river_water_dataset\2020\images\DJI_6299.JPG,0.05060494990348378,264255,5221920,
data/raw/external/river_water_dataset\2020\images\DJI_6301.JPG,0.06307584183595306,329377,5221920,
data/raw/external/river_water_dataset\2020\images\DJI_6302.JPG,0.17814041578576462,930235,5221920,
data/raw/external/river_water_dataset\2020\images\DJI_6303.JPG,0.0462808698716181,241675,5221920,
data/raw/external/river_water_dataset\2020\images\DJI_6304.JPG,0.008982711339890308,46907,5221920,
data/raw/external/river_water_dataset\2020\images\DJI_6305.JPG,0.056798840273309434,296599,5221920,
data/raw/external/river_water_dataset\2020\images\DJI_6306.JPG,0.10350445813034287,540492,5221920,
data/raw/external/river_water_dataset\2020\images\DJI_6307.JPG,0.240005591812973,1253290,5221920,
data/raw/external/river_water_dataset\2020\images\DJI_6308.JPG,0.34341947023317093,1793309,5221920,
data/raw/external/river_water_dataset\2020\images\DJI_6309.JPG,0.37081341728712813,1936358,5221920,
data/raw/external/river_water_dataset\2020\images\DJI_6310.JPG,0.3740369442657107,1953191,5221920,
data/raw/external/river_water_dataset\2020\images\DJI_6311.JPG,0.28027411373594385,1463569,5221920,
data/raw/external/river_water_dataset\2020\images\DJI_6312.JPG,0.2309380457762662,1205940,5221920,
data/raw/external/river_water_dataset\2020\images\DJI_6313.JPG,0.1305473848699329,681708,5221920,
data/raw/external/river_water_dataset\2020\images\DJI_6327.JPG,0.1793035894843276,936309,5221920,
data/raw/external/river_water_dataset\2020\images\DJI_6328.JPG,0.27591652112632903,1440814,5221920,
data/raw/external/river_water_dataset\2020\images\DJI_6329.JPG,0.2933409550510157,1531803,5221920,
data/raw/external/river_water_dataset\2020\images\DJI_6330.JPG,0.3092902610534056,1615089,5221920,
data/raw/external/river_water_dataset\2020\images\DJI_6331.JPG,0.3085514523393694,1611231,5221920,
data/raw/external/river_water_dataset\2020\images\DJI_6332.JPG,0.3195117887673499,1668465,5221920,
data/raw/external/river_water_dataset\2020\images\DJI_6333.JPG,0.16981167846309403,886743,5221920,
data/raw/external/river_water_dataset\2020\images\DJI_6334.JPG,0.059633046848668686,311399,5221920,
data/raw/external/river_water_dataset\2020\images\DJI_6335.JPG,0.013687877255875234,71477,5221920,
data/raw/external/river_water_dataset\2020\images\DJI_6344.JPG,0.1320981554677207,689806,5221920,
data/raw/external/river_water_dataset\2020\images\DJI_6345.JPG,0.250831303428624,1309821,5221920,
data/raw/external/river_water_dataset\2020\images\DJI_6346.JPG,0.2607895180316818,1361822,5221920,
data/raw/external/river_water_dataset\2020\images\DJI_6347.JPG,0.25521379109599535,1332706,5221920,
data/raw/external/river_water_dataset\2020\images\DJI_6348.JPG,0.25747598584428716,1344519,5221920,
data/raw/external/river_water_dataset\2020\images\DJI_6349.JPG,0.2525917670128995,1319014,5221920,
data/raw/external/river_water_dataset\2020\images\DJI_6350.JPG,0.16243891135827435,848243,5221920,
data/raw/external/river_water_dataset\2020\images\DJI_6351.JPG,0.03426191898765205,178913,5221920,
data/raw/external/river_water_dataset\2020\images\DJI_6366.JPG,0.024641894169194472,128678,5221920,
data/raw/external/river_water_dataset\2020\images\DJI_6367.JPG,0.11480643135092074,599510,5221920,
data/raw/external/river_water_dataset\2020\images\DJI_6368.JPG,0.2122860940037381,1108541,5221920,
data/raw/external/river_water_dataset\2020\images\DJI_6369.JPG,0.25952063608787573,1355196,5221920,
data/raw/external/river_water_dataset\2020\images\DJI_6370.JPG,0.255862977602108,1336096,5221920,
data/raw/external/river_water_dataset\2020\images\DJI_6371.JPG,0.25153679106535526,1313505,5221920,
data/raw/external/river_water_dataset\2020\images\DJI_6372.JPG,0.24518414682722064,1280332,5221920,
data/raw/external/river_water_dataset\2020\images\DJI_6373.JPG,0.20118174924165824,1050555,5221920,
data/raw/external/river_water_dataset\2020\images\DJI_6374.JPG,0.08230535894843276,429792,5221920,
data/raw/external/river_water_dataset\2020\images\DJI_6380.JPG,0.040128152097312866,209546,5221920,
data/raw/external/river_water_dataset\2020\images\DJI_6381.JPG,0.14197498238195913,741382,5221920,
data/raw/external/river_water_dataset\2020\images\DJI_6382.JPG,0.22141760118883475,1156225,5221920,
data/raw/external/river_water_dataset\2020\images\DJI_6383.JPG,0.2300496752152465,1201301,5221920,
data/raw/external/river_water_dataset\2020\images\DJI_6384.JPG,0.2198402120292919,1147988,5221920,
data/raw/external/river_water_dataset\2020\images\DJI_6385.JPG,0.21907191224683642,1143976,5221920,
data/raw/external/river_water_dataset\2020\images\DJI_6386.JPG,0.21293489750896222,1111929,5221920,
data/raw/external/river_water_dataset\2020\images\DJI_6387.JPG,0.16977701688267915,886562,5221920,
data/raw/external/river_water_dataset\2020\images\DJI_6388.JPG,0.062019716885743176,323862,5221920,
data/raw/external/river_water_dataset\2020\images\DJI_6399.JPG,0.025956161718295186,135541,5221920,
data/raw/external/river_water_dataset\2020\images\DJI_6400.JPG,0.10053926525109538,525008,5221920,
data/raw/external/river_water_dataset\2020\images\DJI_6401.JPG,0.19118083003952568,998331,5221920,
data/raw/external/river_water_dataset\2020\images\DJI_6402.JPG,0.215590242669363,1125795,5221920,
data/raw/external/river_water_dataset\2020\images\DJI_6403.JPG,0.22177417501608604,1158087,5221920,
data/raw/external/river_water_dataset\2020\images\DJI_6404.JPG,0.22053306063670067,1151606,5221920,
data/raw/external/river_water_dataset\2020\images\DJI_6405.JPG,0.21286308484235683,1111554,5221920,
data/raw/external/river_water_dataset\2020\images\DJI_6406.JPG,0.18081605999325917,944207,5221920,
data/raw/external/river_water_dataset\2020\images\DJI_6407.JPG,0.09504894751355823,496338,5221920,
data/raw/external/river_water_dataset\2020\images\DJI_6408.JPG,0.0156547783190857,81748,5221920,
data/raw/external/river_water_dataset\2020\images\DJI_6412.JPG,0.22819097190305482,1191595,5221920,
data/raw/external/river_water_dataset\2020\images\DJI_6413.JPG,0.24772535772282991,1293602,5221920,
data/raw/external/river_water_dataset\2020\images\DJI_6414.JPG,0.2448687455954898,1278685,5221920,
data/raw/external/river_water_dataset\2020\images\DJI_6415.JPG,0.19992742133161748,1044005,5221920,
data/raw/external/river_water_dataset\2020\images\DJI_6416.JPG,0.14228770260747006,743015,5221920,
data/raw/external/river_water_dataset\2020\images\DJI_6417.JPG,0.048986771149309064,255805,5221920,
data/raw/external/river_water_dataset\2020\images\DJI_6418.JPG,0.09809552808162515,512247,5221920,
data/raw/external/river_water_dataset\2020\images\DJI_6419.JPG,0.1402189233079021,732212,5221920,
data/raw/external/river_water_dataset\2020\images\DJI_6420.JPG,0.17112403100775195,893596,5221920,
data/raw/external/river_water_dataset\2020\images\DJI_6421.JPG,0.04743351104574563,247694,5221920,
data/raw/external/river_water_dataset\2020\images\DJI_6422.JPG,0.19936728253209549,1041080,5221920,
data/raw/external/river_water_dataset\2020\images\DJI_6423.JPG,0.24532049514354873,1281044,5221920,
data/raw/external/river_water_dataset\2020\images\DJI_6424.JPG,0.24266495848270367,1267177,5221920,
data/raw/external/river_water_dataset\2020\images\DJI_6425.JPG,0.24402307963354475,1274269,5221920,
data/raw/external/river_water_dataset\2020\images\DJI_6426.JPG,0.23600553053283083,1232402,5221920,
data/raw/external/river_water_dataset\2020\images\DJI_6427.JPG,0.19354662652817353,1010685,5221920,
data/raw/external/river_water_dataset\2020\images\DJI_6428.JPG,0.10359120783160217,540945,5221920,
data/raw/external/river_water_dataset\2020\images\DJI_6429.JPG,0.03775737659711371,197166,5221920,
data/raw/external/river_water_dataset\2020\images\DJI_6430.JPG,0.02629339400067408,137302,5221920,
data/raw/external/river_water_dataset\2020\images\DJI_6442.JPG,0.1516618408554708,791966,5221920,
data/raw/external/river_water_dataset\2020\images\DJI_6443.JPG,0.21971994975028342,1147360,5221920,
data/raw/external/river_water_dataset\2020\images\DJI_6444.JPG,0.2242609997855195,1171073,5221920,
data/raw/external/river_water_dataset\2020\images\DJI_6445.JPG,0.23219333118852836,1212495,5221920,
data/raw/external/river_water_dataset\2020\images\DJI_6446.JPG,0.22043022489812175,1151069,5221920,
data/raw/external/river_water_dataset\2020\images\DJI_6447.JPG,0.22101525875540032,1154124,5221920,
data/raw/external/river_water_dataset\2020\images\DJI_6448.JPG,0.13813041946257315,721306,5221920,
data/raw/external/river_water_dataset\2020\images\DJI_6449.JPG,0.022251202622790085,116194,5221920,
data/raw/external/river_water_dataset\2020\images\DJI_6474.JPG,0.0884195851334375,461720,5221920,
data/raw/external/river_water_dataset\2020\images\DJI_6475.JPG,0.1932227992768943,1008994,5221920,
data/raw/external/river_water_dataset\2020\images\DJI_6476.JPG,0.2250484496124031,1175185,5221920,
data/raw/external/river_water_dataset\2020\images\DJI_6477.JPG,0.224503247847535,1172338,5221920,
data/raw/external/river_water_dataset\2020\images\DJI_6478.JPG,0.22872468364126605,1194382,5221920,
data/raw/external/river_water_dataset\2020\images\DJI_6479.JPG,0.23474373410546312,1225813,5221920,
data/raw/external/river_water_dataset\2020\images\DJI_6480.JPG,0.18758521769770506,979555,5221920,
data/raw/external/river_water_dataset\2020\images\DJI_6481.JPG,0.1029286162943898,537485,5221920,
data/raw/external/river_water_dataset\2020\images\DJI_6482.JPG,0.026033910898673285,135947,5221920,
data/raw/external/river_water_dataset\2020\images\DJI_6493.JPG,0.0355233324141312,185500,5221920,
data/raw/external/river_water_dataset\2020\images\DJI_6494.JPG,0.1044359162913258,545356,5221920,
data/raw/external/river_water_dataset\2020\images\DJI_6495.JPG,0.1934954959095505,1010418,5221920,
data/raw/external/river_water_dataset\2020\images\DJI_6496.JPG,0.2559619833318013,1336613,5221920,
data/raw/external/river_water_dataset\2020\images\DJI_6497.JPG,0.2667591613812544,1392995,5221920,
data/raw/external/river_water_dataset\2020\images\DJI_6498.JPG,0.26670324325152434,1392703,5221920,
data/raw/external/river_water_dataset\2020\images\DJI_6499.JPG,0.25258678800134815,1318988,5221920,
data/raw/external/river_water_dataset\2020\images\DJI_6500.JPG,0.19835922419340013,1035816,5221920,
data/raw/external/river_water_dataset\2020\images\DJI_6501.JPG,0.11242608082850752,587080,5221920,
data/raw/external/river_water_dataset\2020\images\DJI_6502.JPG,0.05641813739007875,294611,5221920,
data/raw/external/river_water_dataset\2020\images\DJI_6503.JPG,0.007852284217299384,41004,5221920,
data/raw/external/river_water_dataset\2020\images\DJI_6516.JPG,0.003952377669516193,20639,5221920,
data/raw/external/river_water_dataset\2020\images\DJI_6517.JPG,0.04801279988969574,250719,5221920,
data/raw/external/river_water_dataset\2020\images\DJI_6518.JPG,0.11727161657015044,612383,5221920,
data/raw/external/river_water_dataset\2020\images\DJI_6519.JPG,0.1866166084505316,974497,5221920,
data/raw/external/river_water_dataset\2020\images\DJI_6520.JPG,0.241839974568741,1262869,5221920,
data/raw/external/river_water_dataset\2020\images\DJI_6521.JPG,0.28478969421209055,1487149,5221920,
data/raw/external/river_water_dataset\2020\images\DJI_6522.JPG,0.3180491083739314,1660827,5221920,
data/raw/external/river_water_dataset\2020\images\DJI_6523.JPG,0.28578760302723905,1492360,5221920,
data/raw/external/river_water_dataset\2020\images\DJI_6524.JPG,0.2203067071115605,1150424,5221920,
data/raw/external/river_water_dataset\2020\images\DJI_6525.JPG,0.15755794803443943,822755,5221920,
data/raw/external/river_water_dataset\2020\images\DJI_6526.JPG,0.10554298035971443,551137,5221920,
data/raw/external/river_water_dataset\2020\images\DJI_6527.JPG,0.059193744829488006,309105,5221920,
data/raw/external/river_water_dataset\2020\images\DJI_6528.JPG,0.013006901676011888,67921,5221920,
data/raw/external/river_water_dataset\2020\images\DJI_6536.JPG,0.013553060943101387,70773,5221920,
data/raw/external/river_water_dataset\2020\images\DJI_6537.JPG,0.08724836841621472,455604,5221920,
data/raw/external/river_water_dataset\2020\images\DJI_6538.JPG,0.1766748628856819,922582,5221920,
data/raw/external/river_water_dataset\2020\images\DJI_6539.JPG,0.22419129362380122,1170709,5221920,
data/raw/external/river_water_dataset\2020\images\DJI_6540.JPG,0.2984362073720011,1558410,5221920,
data/raw/external/river_water_dataset\2020\images\DJI_6541.JPG,0.34570809204277353,1805260,5221920,
data/raw/external/river_water_dataset\2020\images\DJI_6542.JPG,0.3437616815271011,1795096,5221920,
data/raw/external/river_water_dataset\2020\images\DJI_6543.JPG,0.29099201060146457,1519537,5221920,
data/raw/external/river_water_dataset\2020\images\DJI_6544.JPG,0.21138661641695008,1103844,5221920,
data/raw/external/river_water_dataset\2020\images\DJI_6545.JPG,0.15555408738548274,812291,5221920,
data/raw/external/river_water_dataset\2020\images\DJI_6546.JPG,0.09217950485645127,481354,5221920,
data/raw/external/river_water_dataset\2020\images\DJI_6547.JPG,0.026424188804118027,137985,5221920,
data/raw/external/river_water_dataset\2020\images\DJI_6562.JPG,0.01371296381407605,71608,5221920,
data/raw/external/river_water_dataset\2020\images\DJI_6563.JPG,0.05630993963905996,294046,5221920,
data/raw/external/river_water_dataset\2020\images\DJI_6564.JPG,0.11492611912859638,600135,5221920,
data/raw/external/river_water_dataset\2020\images\DJI_6565.JPG,0.18057400343168797,942943,5221920,
data/raw/external/river_water_dataset\2020\images\DJI_6566.JPG,0.2694133575389895,1406855,5221920,
data/raw/external/river_water_dataset\2020\images\DJI_6567.JPG,0.3310221144713056,1728571,5221920,
data/raw/external/river_water_dataset\2020\images\DJI_6568.JPG,0.3234239513435671,1688894,5221920,
data/raw/external/river_water_dataset\2020\images\DJI_6569.JPG,0.2920724561080982,1525179,5221920,
data/raw/external/river_water_dataset\2020\images\DJI_6570.JPG,0.26205227196127096,1368416,5221920,
data/raw/external/river_water_dataset\2020\images\DJI_6571.JPG,0.1818515028954867,949614,5221920,
data/raw/external/river_water_dataset\2020\images\DJI_6572.JPG,0.09472780126849895,494661,5221920,
data/raw/external/river_water_dataset\2020\images\DJI_6573.JPG,0.029687739375555352,155027,5221920,
data/raw/external/river_water_dataset\2020\images\DJI_6579.JPG,0.007842709195085333,40954,5221920,
data/raw/external/river_water_dataset\2020\images\DJI_6580.JPG,0.02320544933664246,121177,5221920,
data/raw/external/river_water_dataset\2020\images\DJI_6582.JPG,0.04322777828844563,225732,5221920,
data/raw/external/river_water_dataset\2020\images\DJI_6583.JPG,0.16888290130833103,881893,5221920,
data/raw/external/river_water_dataset\2020\images\DJI_6584.JPG,0.21872548794313204,1142167,5221920,
data/raw/external/river_water_dataset\2020\images\DJI_6585.JPG,0.27336841621472563,1427508,5221920,
data/raw/external/river_water_dataset\2020\images\DJI_6586.JPG,0.28121859392713794,1468501,5221920,
data/raw/external/river_water_dataset\2020\images\DJI_6587.JPG,0.2852062076784018,1489324,5221920,
data/raw/external/river_water_dataset\2020\images\DJI_6588.JPG,0.27475756043754024,1434762,5221920,
data/raw/external/river_water_dataset\2020\images\DJI_6589.JPG,0.20170665195943255,1053296,5221920,
data/raw/external/river_water_dataset\2020\images\DJI_6590.JPG,0.10212986794129363,533314,5221920,
data/raw/external/river_water_dataset\2020\images\DJI_6591.JPG,0.037425123326286114,195431,5221920,
data/raw/external/river_water_dataset\2020\images\DJI_6611.JPG,0.030829465024358856,160989,5221920,
data/raw/external/river_water_dataset\2020\images\DJI_6612.JPG,0.08724300640377486,455576,5221920,
data/raw/external/river_water_dataset\2020\images\DJI_6613.JPG,0.1465686950393725,765370,5221920,
data/raw/external/river_water_dataset\2020\images\DJI_6614.JPG,0.22333164812942366,1166220,5221920,
data/raw/external/river_water_dataset\2020\images\DJI_6615.JPG,0.01671913778839967,87306,5221920,
data/raw/external/river_water_dataset\2020\images\DJI_6616.JPG,0.14673778993167264,766253,5221920,
data/raw/external/river_water_dataset\2020\images\DJI_6617.JPG,0.25394701565707634,1326091,5221920,
data/raw/external/river_water_dataset\2020\images\DJI_6618.JPG,0.25849457670741793,1349838,5221920,
data/raw/external/river_water_dataset\2020\images\DJI_6619.JPG,0.26738881484205046,1396283,5221920,
data/raw/external/river_water_dataset\2020\images\DJI_6620.JPG,0.2708360143395533,1414284,5221920,
data/raw/external/river_water_dataset\2020\images\DJI_6621.JPG,0.2628774473756779,1372725,5221920,
data/raw/external/river_water_dataset\2020\images\DJI_6622.JPG,0.20613701473787419,1076431,5221920,
data/raw/external/river_water_dataset\2020\images\DJI_6623.JPG,0.06762857339829029,353151,5221920,
data/raw/external/river_water_dataset\2020\images\DJI_6646.JPG,0.07132587247602415,372458,5221920,
data/raw/external/river_water_dataset\2020\images\DJI_6647.JPG,0.197435809051077,1030994,5221920,
data/raw/external/river_water_dataset\2020\images\DJI_6648.JPG,0.3277388393541073,1711426,5221920,
data/raw/external/river_water_dataset\2020\images\DJI_6649.JPG,0.30990057296932927,1618276,5221920,
data/raw/external/river_water_dataset\2020\images\DJI_6650.JPG,0.4064298189171799,2122344,5221920,
data/raw/external/river_water_dataset\2020\images\DJI_6651.JPG,0.29730616325029874,1552509,5221920,
data/raw/external/river_water_dataset\2020\images\DJI_6652.JPG,0.2989925161626375,1561315,5221920,
data/raw/external/river_water_dataset\2020\images\DJI_6653.JPG,0.14501543493580904,757259,5221920,
data/raw/external/river_water_dataset\2020\images\DJI_6654.JPG,0.040116853571100286,209487,5221920,
data/raw/external/river_water_dataset\2020\images\DJI_6663.JPG,0.14732014278273126,769294,5221920,
data/raw/external/river_water_dataset\2020\images\DJI_6664.JPG,0.30349928761834727,1584849,5221920,
data/raw/external/river_water_dataset\2020\images\DJI_6665.JPG,0.3633770720348071,1897526,5221920,
data/raw/external/river_water_dataset\2020\images\DJI_6666.JPG,0.4651792827159359,2429129,5221920,
data/raw/external/river_water_dataset\2020\images\DJI_6667.JPG,0.5216056546251188,2723783,5221920,
data/raw/external/river_water_dataset\2020\images\DJI_6668.JPG,0.5576274626957135,2911886,5221920,
data/raw/external/river_water_dataset\2020\images\DJI_6669.JPG,0.4502535465882281,2351188,5221920,
data/raw/external/river_water_dataset\2020\images\DJI_6670.JPG,0.2723959769586665,1422430,5221920,
data/raw/external/river_water_dataset\2020\images\DJI_6671.JPG,0.15279648098783588,797891,5221920,
data/raw/external/river_water_dataset\2020\images\DJI_6672.JPG,0.09721922204859515,507671,5221920,
data/raw/external/river_water_dataset\2020\images\DJI_6681.JPG,0.022316695774734198,116536,5221920,
data/raw/external/river_water_dataset\2020\images\DJI_6682.JPG,0.07058993626865215,368615,5221920,
data/raw/external/river_water_dataset\2020\images\DJI_6683.JPG,0.1229051766400098,641801,5221920,
data/raw/external/river_water_dataset\2020\images\DJI_6684.JPG,0.2684581533229157,1401867,5221920,
data/raw/external/river_water_dataset\2020\images\DJI_6685.JPG,0.4106058691056163,2144151,5221920,
data/raw/external/river_water_dataset\2020\images\DJI_6686.JPG,0.4918729126451573,2568521,5221920,
data/raw/external/river_water_dataset\2020\images\DJI_6687.JPG,0.47512370928700554,2481058,5221920,
data/raw/external/river_water_dataset\2020\images\DJI_6688.JPG,0.44635019303244783,2330805,5221920,
data/raw/external/river_water_dataset\2020\images\DJI_6689.JPG,0.43559227257407235,2274628,5221920,
data/raw/external/river_water_dataset\2020\images\DJI_6690.JPG,0.2747910730152894,1434937,5221920,
data/raw/external/river_water_dataset\2020\images\DJI_6691.JPG,0.13735101265434935,717236,5221920,
data/raw/external/river_water_dataset\2020\images\DJI_6705.JPG,0.1486118132794068,776039,5221920,
data/raw/external/river_water_dataset\2020\images\DJI_6706.JPG,0.30014171032876796,1567316,5221920,
data/raw/external/river_water_dataset\2020\images\DJI_6707.JPG,0.35403970187210837,1848767,5221920,
data/raw/external/river_water_dataset\2020\images\DJI_6708.JPG,0.41112426080828507,2146858,5221920,
data/raw/external/river_water_dataset\2020\images\DJI_6709.JPG,0.4240223902319453,2214211,5221920,
data/raw/external/river_water_dataset\2020\images\DJI_6710.JPG,0.41474247020253086,2165752,5221920,
data/raw/external/river_water_dataset\2020\images\DJI_6711.JPG,0.32762336458620583,1710823,5221920,
data/raw/external/river_water_dataset\2020\images\DJI_6712.JPG,0.17658677268131262,922122,5221920,
data/raw/external/river_water_dataset\2020\images\DJI_6713.JPG,0.0651974752581426,340456,5221920,
data/raw/external/river_water_dataset\2020\images\DJI_6720.JPG,0.057781046052026844,301728,5221920,
data/raw/external/river_water_dataset\2020\images\DJI_6721.JPG,0.18905555810889482,987233,5221920,
data/raw/external/river_water_dataset\2020\images\DJI_6722.JPG,0.278417325428195,1453873,5221920,
data/raw/external/river_water_dataset\2020\images\DJI_6723.JPG,0.3349451925728468,1749057,5221920,
data/raw/external/river_water_dataset\2020\images\DJI_6724.JPG,0.3345583616753991,1747037,5221920,
data/raw/external/river_water_dataset\2020\images\DJI_6725.JPG,0.32125731531697155,1677580,5221920,
data/raw/external/river_water_dataset\2020\images\DJI_6726.JPG,0.313954828875203,1639447,5221920,
data/raw/external/river_water_dataset\2020\images\DJI_6727.JPG,0.21477732328339003,1121550,5221920,
data/raw/external/river_water_dataset\2020\images\DJI_6728.JPG,0.08198976621625763,428144,5221920,
data/raw/external/river_water_dataset\2020\images\DJI_6729.JPG,0.007965843980758036,41597,5221920,
data/raw/external/river_water_dataset\2020\images\DJI_6741.JPG,0.09973572938689218,520812,5221920,
data/raw/external/river_water_dataset\2020\images\DJI_6742.JPG,0.22609499954039894,1180650,5221920,
data/raw/external/river_water_dataset\2020\images\DJI_6743.JPG,0.30124322088427247,1573068,5221920,
data/raw/external/river_water_dataset\2020\images\DJI_6744.JPG,0.29359277813524526,1533118,5221920,
data/raw/external/river_water_dataset\2020\images\DJI_6745.JPG,0.30432791004075127,1589176,5221920,
data/raw/external/river_water_dataset\2020\images\DJI_6746.JPG,0.30047377209915127,1569050,5221920,
data/raw/external/river_water_dataset\2020\images\DJI_6747.JPG,0.2538097098385268,1325374,5221920,
data/raw/external/river_water_dataset\2020\images\DJI_6748.JPG,0.1359543999142078,709943,5221920,
data/raw/external/river_water_dataset\2020\images\DJI_6749.JPG,0.02884054141005607,150603,5221920,
data/raw/external/river_water_dataset\2020\images\DJI_6759.JPG,0.04779544688543677,249584,5221920,
data/raw/external/river_water_dataset\2020\images\DJI_6760.JPG,0.1471571759046481,768443,5221920,
data/raw/external/river_water_dataset\2020\images\DJI_6761.JPG,0.277690964243037,1450080,5221920,
data/raw/external/river_water_dataset\2020\images\DJI_6762.JPG,0.3304830407206545,1725756,5221920,
data/raw/external/river_water_dataset\2020\images\DJI_6763.JPG,0.3126300288016668,1632529,5221920,
data/raw/external/river_water_dataset\2020\images\DJI_6764.JPG,0.3606334451695928,1883199,5221920,
data/raw/external/river_water_dataset\2020\images\DJI_6765.JPG,0.34367703833072893,1794654,5221920,
data/raw/external/river_water_dataset\2020\images\DJI_6766.JPG,0.2800062046143947,1462170,5221920,
data/raw/external/river_water_dataset\2020\images\DJI_6767.JPG,0.1387296243527285,724435,5221920,
data/raw/external/river_water_dataset\2020\images\DJI_6768.JPG,0.04562095934062567,238229,5221920,
data/raw/external/river_water_dataset\2020\images\DJI_6769.JPG,0.030296136287036184,158204,5221920,
data/raw/external/river_water_dataset\2020\images\DJI_6772.JPG,0.022738762753929588,118740,5221920,
data/raw/external/river_water_dataset\2020\images\DJI_6773.JPG,0.03533068296718448,184494,5221920,
data/raw/external/river_water_dataset\2020\images\DJI_6775.JPG,0.043688145356497225,228136,5221920,
data/raw/external/river_water_dataset\2020\images\DJI_6776.JPG,0.10599492140821767,553497,5221920,
data/raw/external/river_water_dataset\2020\images\DJI_6777.JPG,0.24433043784661582,1275874,5221920,
data/raw/external/river_water_dataset\2020\images\DJI_6778.JPG,0.3184995174188804,1663179,5221920,
data/raw/external/river_water_dataset\2020\images\DJI_6779.JPG,0.33838664705702115,1767028,5221920,
data/raw/external/river_water_dataset\2020\images\DJI_6780.JPG,0.3377190765082575,1763542,5221920,
data/raw/external/river_water_dataset\2020\images\DJI_6781.JPG,0.38798066611514537,2026004,5221920,
data/raw/external/river_water_dataset\2020\images\DJI_6782.JPG,0.324982956460459,1697035,5221920,
data/raw/external/river_water_dataset\2020\images\DJI_6783.JPG,0.23004833471213654,1201294,5221920,
data/raw/external/river_water_dataset\2020\images\DJI_6784.JPG,0.08134555872169623,424780,5221920,
data/raw/external/river_water_dataset\2020\images\DJI_6792.JPG,0.10502554615926708,548435,5221920,
data/raw/external/river_water_dataset\2020\images\DJI_6793.JPG,0.22096048962833595,1153838,5221920,
data/raw/external/river_water_dataset\2020\images\DJI_6794.JPG,0.2629483025400619,1373095,5221920,
data/raw/external/river_water_dataset\2020\images\DJI_6795.JPG,0.38024117565952753,1985589,5221920,
data/raw/external/river_water_dataset\2020\images\DJI_6796.JPG,0.3235338725985844,1689468,5221920,
data/raw/external/river_water_dataset\2020\images\DJI_6797.JPG,0.426121618102154,2225173,5221920,
data/raw/external/river_water_dataset\2020\images\DJI_6798.JPG,0.3923604727762968,2048875,5221920,
data/raw/external/river_water_dataset\2020\images\DJI_6799.JPG,0.2793824876673714,1458913,5221920,
data/raw/external/river_water_dataset\2020\images\DJI_6800.JPG,0.1292156907804026,674754,5221920,
data/raw/external/river_water_dataset\2020\images\DJI_6801.JPG,0.01743037043845942,91020,5221920,
data/raw/external/river_water_dataset\2020\images\DJI_6815.JPG,0.14362054569966604,749975,5221920,
data/raw/external/river_water_dataset\2020\images\DJI_6816.JPG,0.30604662652817355,1598151,5221920,
data/raw/external/river_water_dataset\2020\images\DJI_6817.JPG,0.3771808070594724,1969608,5221920,
data/raw/external/river_water_dataset\2020\images\DJI_6818.JPG,0.4174870545699666,2180084,5221920,
data/raw/external/river_water_dataset\2020\images\DJI_6819.JPG,0.40102452737690353,2094118,5221920,
data/raw/external/river_water_dataset\2020\images\DJI_6820.JPG,0.366448164659742,1913563,5221920,
data/raw/external/river_water_dataset\2020\images\DJI_6821.JPG,0.2283244477127187,1192292,5221920,
data/raw/external/river_water_dataset\2020\images\DJI_6822.JPG,0.10959129975181542,572277,5221920,
data/raw/external/river_water_dataset\2020\images\DJI_6823.JPG,0.03255756503355088,170013,5221920,
data/raw/external/river_water_dataset\2020\images\DJI_6824.JPG,0.04546277997364954,237403,5221920,
data/raw/external/river_water_dataset\2020\images\DJI_6825.JPG,0.021624613169102552,112922,5221920,
data/raw/external/river_water_dataset\2020\images\DJI_6826.JPG,0.021654678738854675,113079,5221920,
data/raw/external/river_water_dataset\2020\images\DJI_6828.JPG,0.05178267763581212,270405,5221920,
data/raw/external/river_water_dataset\2020\images\DJI_6829.JPG,0.14350430492998745,749368,5221920,
data/raw/external/river_water_dataset\2020\images\DJI_6830.JPG,0.29665793424640746,1549124,5221920,
data/raw/external/river_water_dataset\2020\images\DJI_6831.JPG,0.30696755216472105,1602960,5221920,
data/raw/external/river_water_dataset\2020\images\DJI_6832.JPG,0.40595738732113856,2119877,5221920,
data/raw/external/river_water_dataset\2020\images\DJI_6833.JPG,0.41228590250329383,2152924,5221920,
data/raw/external/river_water_dataset\2020\images\DJI_6834.JPG,0.3576649967827925,1867698,5221920,
data/raw/external/river_water_dataset\2020\images\DJI_6835.JPG,0.25348224407880626,1323664,5221920,
data/raw/external/river_water_dataset\2020\images\DJI_6836.JPG,0.09725828813922849,507875,5221920,
data/raw/external/river_water_dataset\2020\images\DJI_6847.JPG,0.026947559518338084,140718,5221920,
data/raw/external/river_water_dataset\2020\images\DJI_6848.JPG,0.11339775408278947,592154,5221920,
data/raw/external/river_water_dataset\2020\images\DJI_6849.JPG,0.22903951037166406,1196026,5221920,
data/raw/external/river_water_dataset\2020\images\DJI_6850.JPG,0.3800619312436805,1984653,5221920,
data/raw/external/river_water_dataset\2020\images\DJI_6851.JPG,0.4174579465024359,2179932,5221920,
data/raw/external/river_water_dataset\2020\images\DJI_6852.JPG,0.4188281321812667,2187087,5221920,
data/raw/external/river_water_dataset\2020\images\DJI_6853.JPG,0.38903908907068663,2031531,5221920,
data/raw/external/river_water_dataset\2020\images\DJI_6854.JPG,0.30492328492202103,1592285,5221920,
data/raw/external/river_water_dataset\2020\images\DJI_6855.JPG,0.15463392775071239,807486,5221920,
data/raw/external/river_water_dataset\2020\images\DJI_6856.JPG,0.019307074792413517,100820,5221920,
data/raw/external/river_water_dataset\2020\images\DJI_6864.JPG,0.04119346906884824,215109,5221920,
data/raw/external/river_water_dataset\2020\images\DJI_6865.JPG,0.14769299414774642,771241,5221920,
data/raw/external/river_water_dataset\2020\images\DJI_6866.JPG,0.2833124597849067,1479435,5221920,
data/raw/external/river_water_dataset\2020\images\DJI_6867.JPG,0.3873904617458713,2022922,5221920,
data/raw/external/river_water_dataset\2020\images\DJI_6868.JPG,0.40598209087845083,2120006,5221920,
data/raw/external/river_water_dataset\2020\images\DJI_6869.JPG,0.39552137910959956,2065381,5221920,
data/raw/external/river_water_dataset\2020\images\DJI_6870.JPG,0.3658830468486687,1910612,5221920,
data/raw/external/river_water_dataset\2020\images\DJI_6871.JPG,0.25141595428501395,1312874,5221920,
data/raw/external/river_water_dataset\2020\images\DJI_6872.JPG,0.12778460796029048,667281,5221920,
data/raw/external/river_water_dataset\2020\images\DJI_6873.JPG,0.02353980911235714,122923,5221920,
data/raw/external/river_water_dataset\2020\images\DJI_6883.JPG,0.0459275515519196,239830,5221920,
data/raw/external/river_water_dataset\2020\images\DJI_6884.JPG,0.22155835401538132,1156960,5221920,
data/raw/external/river_water_dataset\2020\images\DJI_6885.JPG,0.36897692802647303,1926768,5221920,
data/raw/external/river_water_dataset\2020\images\DJI_6886.JPG,0.43068545669025954,2249005,5221920,
data/raw/external/river_water_dataset\2020\images\DJI_6887.JPG,0.43391243067683916,2265856,5221920,
data/raw/external/river_water_dataset\2020\images\DJI_6888.JPG,0.4430979409872231,2313822,5221920,
data/raw/external/river_water_dataset\2020\images\DJI_6889.JPG,0.42559824738793395,2222440,5221920,
data/raw/external/river_water_dataset\2020\images\DJI_6890.JPG,0.2785975273462634,1454814,5221920,
data/raw/external/river_water_dataset\2020\images\DJI_6891.JPG,0.13381936146091858,698794,5221920,
data/raw/external/river_water_dataset\2020\images\DJI_6905.JPG,0.21299905015779635,1112264,5221920,
data/raw/external/river_water_dataset\2020\images\DJI_6906.JPG,0.36062655115359865,1883163,5221920,
data/raw/external/river_water_dataset\2020\images\DJI_6907.JPG,0.41276331311088643,2155417,5221920,
data/raw/external/river_water_dataset\2020\images\DJI_6908.JPG,0.43347063915188283,2263549,5221920,
data/raw/external/river_water_dataset\2020\images\DJI_6909.JPG,0.4034638600361553,2106856,5221920,
data/raw/external/river_water_dataset\2020\images\DJI_6910.JPG,0.3949658363207403,2062480,5221920,
data/raw/external/river_water_dataset\2020\images\DJI_6911.JPG,0.22890048104911603,1195300,5221920,
data/raw/external/river_water_dataset\2020\images\DJI_6912.JPG,0.10263428011152986,535948,5221920,
data/raw/external/river_water_dataset\2020\images\DJI_6923.JPG,0.20033187026993904,1046117,5221920,
data/raw/external/river_water_dataset\2020\images\DJI_6924.JPG,0.3426211048809633,1789140,5221920,
data/raw/external/river_water_dataset\2020\images\DJI_6925.JPG,0.3961083279713209,2068446,5221920,
data/raw/external/river_water_dataset\2020\images\DJI_6926.JPG,0.39839024726537364,2080362,5221920,
data/raw/external/river_water_dataset\2020\images\DJI_6927.JPG,0.39456215338419587,2060372,5221920,
data/raw/external/river_water_dataset\2020\images\DJI_6928.JPG,0.3753613613383583,1960107,5221920,
data/raw/external/river_water_dataset\2020\images\DJI_6929.JPG,0.21523117933633606,1123920,5221920,
data/raw/external/river_water_dataset\2020\images\DJI_6930.JPG,0.0881036094003738,460070,5221920,
data/raw/external/river_water_dataset\2020\images\DJI_6943.JPG,0.06490390507705977,338923,5221920,
data/raw/external/river_water_dataset\2020\images\DJI_6944.JPG,0.17793608481171677,929168,5221920,
data/raw/external/river_water_dataset\2020\images\DJI_6945.JPG,0.33669799613935103,1758210,5221920,
data/raw/external/river_water_dataset\2020\images\DJI_6946.JPG,0.35022060851181175,1828824,5221920,
data/raw/external/river_water_dataset\2020\images\DJI_6947.JPG,0.3659353264699574,1910885,5221920,
data/raw/external/river_water_dataset\2020\images\DJI_6948.JPG,0.35600411342954313,1859025,5221920,
data/raw/external/river_water_dataset\2020\images\DJI_6949.JPG,0.2932011597266906,1531073,5221920,
data/raw/external/river_water_dataset\2020\images\DJI_6950.JPG,0.20708934644728375,1081404,5221920,
data/raw/external/river_water_dataset\2020\images\DJI_6951.JPG,0.049212550173116404,256984,5221920,
data/raw/external/river_water_dataset\2020\images\DJI_6960.JPG,0.07511662377056715,392253,5221920,
data/raw/external/river_water_dataset\2020\images\DJI_6961.JPG,0.1567990317737537,818792,5221920,
data/raw/external/river_water_dataset\2020\images\DJI_6962.JPG,0.2040663204338634,1065618,5221920,
data/raw/external/river_water_dataset\2020\images\DJI_6963.JPG,0.27253902779054445,1423177,5221920,
data/raw/external/river_water_dataset\2020\images\DJI_6964.JPG,0.3490501577963661,1822712,5221920,
data/raw/external/river_water_dataset\2020\images\DJI_6965.JPG,0.33666256855715904,1758025,5221920,
data/raw/external/river_water_dataset\2020\images\DJI_6966.JPG,0.2463950041364096,1286655,5221920,
data/raw/external/river_water_dataset\2020\images\DJI_6967.JPG,0.1818112878021877,949404,5221920,
data/raw/external/river_water_dataset\2020\images\DJI_6968.JPG,0.10109921255017312,527932,5221920,
data/raw/external/river_water_dataset\2020\images\DJI_6969.JPG,0.03575906946104115,186731,5221920,
data/raw/external/river_water_dataset\2020\images\DJI_6981.JPG,0.06639397003401049,346704,5221920,
data/raw/external/river_water_dataset\2020\images\DJI_6982.JPG,0.11991757820878145,626200,5221920,
data/raw/external/river_water_dataset\2020\images\DJI_6983.JPG,0.1746363406563103,911937,5221920,
data/raw/external/river_water_dataset\2020\images\DJI_6984.JPG,0.253008471979655,1321190,5221920,
data/raw/external/river_water_dataset\2020\images\DJI_6985.JPG,0.30185889481263595,1576283,5221920,
data/raw/external/river_water_dataset\2020\images\DJI_6986.JPG,0.28533317247296014,1489987,5221920,
data/raw/external/river_water_dataset\2020\images\DJI_6987.JPG,0.20963036584244876,1094673,5221920,
data/raw/external/river_water_dataset\2020\images\DJI_6988.JPG,0.16247261543646782,848419,5221920,
data/raw/external/river_water_dataset\2020\images\DJI_6989.JPG,0.11090307779514048,579127,5221920,
data/raw/external/river_water_dataset\2020\images\DJI_6990.JPG,0.03309931979042191,172842,5221920,
data/raw/external/river_water_dataset\2020\images\DJI_7003.JPG,0.032292911419554496,168631,5221920,
data/raw/external/river_water_dataset\2020\images\DJI_7004.JPG,0.0889799154334038,464646,5221920,
data/raw/external/river_water_dataset\2020\images\DJI_7005.JPG,0.18581173208321844,970294,5221920,
data/raw/external/river_water_dataset\2020\images\DJI_7006.JPG,0.3378389557863774,1764168,5221920,
data/raw/external/river_water_dataset\2020\images\DJI_7007.JPG,0.25903671446517756,1352669,5221920,
data/raw/external/river_water_dataset\2020\images\DJI_7008.JPG,0.2683562750865582,1401335,5221920,
data/raw/external/river_water_dataset\2020\images\DJI_7009.JPG,0.2438064926310629,1273138,5221920,
data/raw/external/river_water_dataset\2020\images\DJI_7010.JPG,0.166022267671661,866955,5221920,
data/raw/external/river_water_dataset\2020\images\DJI_7011.JPG,0.09813497717314704,512453,5221920,
data/raw/external/river_water_dataset\2020\images\DJI_7012.JPG,0.01019261114685786,53225,5221920,
data/raw/external/river_water_dataset\2020\images\DJI_7022.JPG,0.10707670741796121,559146,5221920,
data/raw/external/river_water_dataset\2020\images\DJI_7023.JPG,0.2041059610258296,1065825,5221920,
data/raw/external/river_water_dataset\2020\images\DJI_7024.JPG,0.1989693446088795,1039002,5221920,
data/raw/external/river_water_dataset\2020\images\DJI_7025.JPG,0.2038644789655912,1064564,5221920,
data/raw/external/river_water_dataset\2020\images\DJI_7026.JPG,0.19725541563256427,1030052,5221920,
data/raw/external/river_water_dataset\2020\images\DJI_7027.JPG,0.18930738119312437,988548,5221920,
data/raw/external/river_water_dataset\2020\images\DJI_7028.JPG,0.1264042727579128,660073,5221920,
data/raw/external/river_water_dataset\2020\images\DJI_7029.JPG,0.022419148512424547,117071,5221920,
data/raw/external/river_water_dataset\2020\images\DJI_7045.JPG,0.06932124582529031,361990,5221920,
data/raw/external/river_water_dataset\2020\images\DJI_7046.JPG,0.15142763581211507,790743,5221920,
data/raw/external/river_water_dataset\2020\images\DJI_7047.JPG,0.17624456138738243,920335,5221920,
data/raw/external/river_water_dataset\2020\images\DJI_7048.JPG,0.17589258357079388,918497,5221920,
data/raw/external/river_water_dataset\2020\images\DJI_7049.JPG,0.18436456322578668,962737,5221920,
data/raw/external/river_water_dataset\2020\images\DJI_7050.JPG,0.17876719673989644,933508,5221920,
data/raw/external/river_water_dataset\2020\images\DJI_7051.JPG,0.12965460979869473,677046,5221920,
data/raw/external/river_water_dataset\2020\images\DJI_7052.JPG,0.03496817262616049,182601,5221920,
data/raw/external/river_water_dataset\2020\images\DJI_7060.JPG,0.12776660691852806,667187,5221920,
data/raw/external/river_water_dataset\2020\images\DJI_7061.JPG,0.17277763734411863,902231,5221920,
data/raw/external/river_water_dataset\2020\images\DJI_7062.JPG,0.17404977479547754,908874,5221920,
data/raw/external/river_water_dataset\2020\images\DJI_7063.JPG,0.16975633483469682,886454,5221920,
data/raw/external/river_water_dataset\2020\images\DJI_7064.JPG,0.17311084811716762,903971,5221920,
data/raw/external/river_water_dataset\2020\images\DJI_7065.JPG,0.1376363483163281,718726,5221920,
data/raw/external/river_water_dataset\2020\images\DJI_7066.JPG,0.059429098875509394,310334,5221920,
data/raw/external/river_water_dataset\2020\images\DJI_7067.JPG,0.012978176609369734,67771,5221920,
data/raw/external/river_water_dataset\2020\images\DJI_7086.JPG,0.009589193246928333,50074,5221920,
data/raw/external/river_water_dataset\2020\images\DJI_7087.JPG,0.05387501149002666,281331,5221920,
data/raw/external/river_water_dataset\2020\images\DJI_7088.JPG,0.1361441768544903,710934,5221920,
data/raw/external/river_water_dataset\2020\images\DJI_7089.JPG,0.2047993841345712,1069446,5221920,
data/raw/external/river_water_dataset\2020\images\DJI_7090.JPG,0.2023905000459601,1056867,5221920,
data/raw/external/river_water_dataset\2020\images\DJI_7091.JPG,0.20369136256396114,1063660,5221920,
data/raw/external/river_water_dataset\2020\images\DJI_7092.JPG,0.18608825872476023,971738,5221920,
data/raw/external/river_water_dataset\2020\images\DJI_7093.JPG,0.1423880488402733,743539,5221920,
data/raw/external/river_water_dataset\2020\images\DJI_7094.JPG,0.060669255752673346,316810,5221920,
data/raw/external/river_water_dataset\2020\images\DJI_7096.JPG,0.020265343015595797,105824,5221920,
data/raw/external/river_water_dataset\2020\images\DJI_7097.JPG,0.04513703771792751,235702,5221920,
data/raw/external/river_water_dataset\2020\images\DJI_7098.JPG,0.4502100759873763,2350961,5221920,
data/raw/external/river_water_dataset\2020\images\DJI_7100.JPG,0.08839105156723964,461571,5221920,
data/raw/external/river_water_dataset\2020\images\DJI_7101.JPG,0.2226387995220149,1162602,5221920,
data/raw/external/river_water_dataset\2020\images\DJI_7102.JPG,0.23319583601433955,1217730,5221920,
data/raw/external/river_water_dataset\2020\images\DJI_7103.JPG,0.24506714005576494,1279721,5221920,
data/raw/external/river_water_dataset\2020\images\DJI_7104.JPG,0.2421410132671508,1264441,5221920,
data/raw/external/river_water_dataset\2020\images\DJI_7105.JPG,0.2402579893985354,1254608,5221920,
data/raw/external/river_water_dataset\2020\images\DJI_7106.JPG,0.17654521708490364,921905,5221920,
data/raw/external/river_water_dataset\2020\images\DJI_7107.JPG,0.04041004075129454,211018,5221920,
data/raw/external/river_water_dataset\2020\images\DJI_7128.JPG,0.05780498360756197,301853,5221920,
data/raw/external/river_water_dataset\2020\images\DJI_7129.JPG,0.20651963262554768,1078429,5221920,
data/raw/external/river_water_dataset\2020\images\DJI_7130.JPG,0.27569131660385454,1439638,5221920,
data/raw/external/river_water_dataset\2020\images\DJI_7131.JPG,0.2710376643073812,1415337,5221920,
data/raw/external/river_water_dataset\2020\images\DJI_7132.JPG,0.2675818472898857,1397291,5221920,
data/raw/external/river_water_dataset\2020\images\DJI_7133.JPG,0.25988889144222815,1357119,5221920,
data/raw/external/river_water_dataset\2020\images\DJI_7134.JPG,0.22026074700493306,1150184,5221920,
data/raw/external/river_water_dataset\2020\images\DJI_7135.JPG,0.07475985844287159,390390,5221920,
data/raw/external/river_water_dataset\2020\images\DJI_7144.JPG,0.041583938474737264,217148,5221920,
data/raw/external/river_water_dataset\2020\images\DJI_7145.JPG,0.20431948402120292,1066940,5221920,
data/raw/external/river_water_dataset\2020\images\DJI_7146.JPG,0.30979716272941754,1617736,5221920,
data/raw/external/river_water_dataset\2020\images\DJI_7147.JPG,0.31053999295278367,1621615,5221920,
data/raw/external/river_water_dataset\2020\images\DJI_7148.JPG,0.3068356083586114,1602271,5221920,
data/raw/external/river_water_dataset\2020\images\DJI_7149.JPG,0.2893428087753164,1510925,5221920,
data/raw/external/river_water_dataset\2020\images\DJI_7150.JPG,0.15369921408217668,802605,5221920,
data/raw/external/river_water_dataset\2020\images\DJI_7151.JPG,0.031003538928210315,161898,5221920,
data/raw/external/river_water_dataset\2020\images\DJI_7152.JPG,0.09584922787020866,500517,5221920,
data/raw/external/river_water_dataset\2020\images\DJI_7153.JPG,0.11432193522688973,596980,5221920,
data/raw/external/river_water_dataset\2020\images\DJI_7154.JPG,0.41419554493366423,2162896,5221920,
data/raw/external/river_water_dataset\2020\images\DJI_7155.JPG,0.013481822777828844,70401,5221920,
data/raw/external/river_water_dataset\2020\images\DJI_7156.JPG,0.18902300303336703,987063,5221920,
data/raw/external/river_water_dataset\2020\images\DJI_7157.JPG,0.32742056561571226,1709764,5221920,
data/raw/external/river_water_dataset\2020\images\DJI_7158.JPG,0.3331018092961976,1739431,5221920,
data/raw/external/river_water_dataset\2020\images\DJI_7159.JPG,0.3295027499463799,1720637,5221920,
data/raw/external/river_water_dataset\2020\images\DJI_7160.JPG,0.3373626941814505,1761681,5221920,
data/raw/external/river_water_dataset\2020\images\DJI_7161.JPG,0.2283585347918007,1192470,5221920,
data/raw/external/river_water_dataset\2020\images\DJI_7162.JPG,0.05687601495235469,297002,5221920,
data/raw/external/river_water_dataset\2020\images\DJI_7183.JPG,0.0339576247816895,177324,5221920,
data/raw/external/river_water_dataset\2020\images\DJI_7184.JPG,0.19051881300364618,994874,5221920,
data/raw/external/river_water_dataset\2020\images\DJI_7185.JPG,0.3418853601740356,1785298,5221920,
data/raw/external/river_water_dataset\2020\images\DJI_7186.JPG,0.3458519088764286,1806011,5221920,
data/raw/external/river_water_dataset\2020\images\DJI_7187.JPG,0.34416421546097986,1797198,5221920,
data/raw/external/river_water_dataset\2020\images\DJI_7188.JPG,0.3367629147899623,1758549,5221920,
data/raw/external/river_water_dataset\2020\images\DJI_7189.JPG,0.23325558415295525,1218042,5221920,
data/raw/external/river_water_dataset\2020\images\DJI_7190.JPG,0.06622583264393174,345826,5221920,
data/raw/external/river_water_dataset\2020\images\DJI_7191.JPG,0.1236522198731501,645702,5221920,
data/raw/external/river_water_dataset\2020\images\DJI_7192.JPG,0.11368002573765972,593628,5221920,
data/raw/external/river_water_dataset\2020\images\DJI_7193.JPG,0.09433541685816711,492612,5221920,
data/raw/external/river_water_dataset\2020\images\DJI_7194.JPG,0.05553666084505316,290008,5221920,
data/raw/external/river_water_dataset\2020\images\DJI_7195.JPG,0.18442354536262523,963045,5221920,
data/raw/external/river_water_dataset\2020\images\DJI_7196.JPG,0.30691680454698655,1602695,5221920,
data/raw/external/river_water_dataset\2020\images\DJI_7197.JPG,0.379957372001103,1984107,5221920,
data/raw/external/river_water_dataset\2020\images\DJI_7198.JPG,0.38936617182951866,2033239,5221920,
data/raw/external/river_water_dataset\2020\images\DJI_7199.JPG,0.3756591445292153,1961662,5221920,
data/raw/external/river_water_dataset\2020\images\DJI_7200.JPG,0.27604003891289025,1441459,5221920,
data/raw/external/river_water_dataset\2020\images\DJI_7201.JPG,0.10459773416674327,546201,5221920,
data/raw/external/river_water_dataset\2020\images\DJI_7202.JPG,0.033236242608082854,173557,5221920,
data/raw/external/river_water_dataset\2020\images\DJI_7218.JPG,0.01966269111744339,102677,5221920,
data/raw/external/river_water_dataset\2020\images\DJI_7219.JPG,0.10760927015350676,561927,5221920,
data/raw/external/river_water_dataset\2020\images\DJI_7220.JPG,0.2599337025461899,1357353,5221920,
data/raw/external/river_water_dataset\2020\images\DJI_7221.JPG,0.424637489658976,2217423,5221920,
data/raw/external/river_water_dataset\2020\images\DJI_7222.JPG,0.4432076707417961,2314395,5221920,
data/raw/external/river_water_dataset\2020\images\DJI_7223.JPG,0.4330880212642093,2261551,5221920,
data/raw/external/river_water_dataset\2020\images\DJI_7224.JPG,0.37655306860311916,1966330,5221920,
data/raw/external/river_water_dataset\2020\images\DJI_7225.JPG,0.25697157367405093,1341885,5221920,
data/raw/external/river_water_dataset\2020\images\DJI_7226.JPG,0.08532053344363759,445537,5221920,
data/raw/external/river_water_dataset\2020\images\DJI_7227.JPG,0.05947046297147409,310550,5221920,
data/raw/external/river_water_dataset\2020\images\DJI_7228.JPG,0.38333084382755767,2001723,5221920,
data/raw/external/river_water_dataset\2020\images\DJI_7229.JPG,0.04319081870269939,225539,5221920,
data/raw/external/river_water_dataset\2020\images\DJI_7230.JPG,0.006867588932806324,35862,5221920,
data/raw/external/river_water_dataset\2020\images\DJI_7231.JPG,0.10357110028495266,540840,5221920,
data/raw/external/river_water_dataset\2020\images\DJI_7232.JPG,0.27616528020345005,1442113,5221920,
data/raw/external/river_water_dataset\2020\images\DJI_7233.JPG,0.4012010907865306,2095040,5221920,
data/raw/external/river_water_dataset\2020\images\DJI_7234.JPG,0.4697871664062261,2453191,5221920,
data/raw/external/river_water_dataset\2020\images\DJI_7235.JPG,0.47061846983485,2457532,5221920,
data/raw/external/river_water_dataset\2020\images\DJI_7236.JPG,0.42623824187272114,2225782,5221920,
data/raw/external/river_water_dataset\2020\images\DJI_7237.JPG,0.2929979777553084,1530012,5221920,
data/raw/external/river_water_dataset\2020\images\DJI_7238.JPG,0.1400793194840212,731483,5221920,
data/raw/external/river_water_dataset\2020\images\DJI_7239.JPG,0.022298311732083218,116440,5221920,
data/raw/external/river_water_dataset\2020\images\DJI_7251.JPG,0.06179815087171002,322705,5221920,
data/raw/external/river_water_dataset\2020\images\DJI_7252.JPG,0.23363494653307595,1220023,5221920,
data/raw/external/river_water_dataset\2020\images\DJI_7253.JPG,0.3959557021172289,2067649,5221920,
data/raw/external/river_water_dataset\2020\images\DJI_7254.JPG,0.4674851395655238,2441170,5221920,
data/raw/external/river_water_dataset\2020\images\DJI_7255.JPG,0.452289579311824,2361820,5221920,
data/raw/external/river_water_dataset\2020\images\DJI_7256.JPG,0.437423016821399,2284188,5221920,
data/raw/external/river_water_dataset\2020\images\DJI_7257.JPG,0.3299225189202439,1722829,5221920,
data/raw/external/river_water_dataset\2020\images\DJI_7258.JPG,0.16705349756411436,872340,5221920,
data/raw/external/river_water_dataset\2020\images\DJI_7259.JPG,0.04110422986181328,214643,5221920,
data/raw/external/river_water_dataset\2020\images\DJI_7268.JPG,0.04812750865582008,251318,5221920,
data/raw/external/river_water_dataset\2020\images\DJI_7269.JPG,0.16122671354597543,841913,5221920,
data/raw/external/river_water_dataset\2020\images\DJI_7270.JPG,0.32147313631767627,1678707,5221920,
data/raw/external/river_water_dataset\2020\images\DJI_7271.JPG,0.3720200615865429,1942659,5221920,
data/raw/external/river_water_dataset\2020\images\DJI_7272.JPG,0.40517855501424765,2115810,5221920,
data/raw/external/river_water_dataset\2020\images\DJI_7273.JPG,0.4017129714740938,2097713,5221920,
data/raw/external/river_water_dataset\2020\images\DJI_7274.JPG,0.32025864050004593,1672365,5221920,
data/raw/external/river_water_dataset\2020\images\DJI_7275.JPG,0.20015185985231485,1045177,5221920,
data/raw/external/river_water_dataset\2020\images\DJI_7276.JPG,0.05349871311701443,279366,5221920,
data/raw/external/river_water_dataset\2020\images\DJI_7283.JPG,0.03605455464656678,188274,5221920,
data/raw/external/river_water_dataset\2020\images\DJI_7284.JPG,0.11551076998498637,603188,5221920,
data/raw/external/river_water_dataset\2020\images\DJI_7285.JPG,0.22448294880044123,1172232,5221920,
data/raw/external/river_water_dataset\2020\images\DJI_7286.JPG,0.3242508502619726,1693212,5221920,
data/raw/external/river_water_dataset\2020\images\DJI_7287.JPG,0.337399845267641,1761875,5221920,
data/raw/external/river_water_dataset\2020\images\DJI_7288.JPG,0.3395291387076018,1772994,5221920,
data/raw/external/river_water_dataset\2020\images\DJI_7289.JPG,0.3343321996507032,1745856,5221920,
data/raw/external/river_water_dataset\2020\images\DJI_7290.JPG,0.1836265205135276,958883,5221920,
data/raw/external/river_water_dataset\2020\images\DJI_7291.JPG,0.0755038376689034,394275,5221920,
data/raw/external/river_water_dataset\2020\images\DJI_7292.JPG,0.0054259735882587245,28334,5221920,
data/raw/external/river_water_dataset\2020\images\DJI_7293.JPG,0.19562134234151424,1021519,5221920,
data/raw/external/river_water_dataset\2020\images\DJI_7294.JPG,0.317248828017281,1656648,5221920,
data/raw/external/river_water_dataset\2020\images\DJI_7295.JPG,0.36488398903085456,1905395,5221920,
data/raw/external/river_water_dataset\2020\images\DJI_7296.JPG,0.3317243466004841,1732238,5221920,
data/raw/external/river_water_dataset\2020\images\DJI_7297.JPG,0.3061613352942979,1598750,5221920,
data/raw/external/river_water_dataset\2020\images\DJI_7298.JPG,0.19461864601525874,1016283,5221920,
data/raw/external/river_water_dataset\2020\images\DJI_7299.JPG,0.12134866102889359,633673,5221920,
data/raw/external/river_water_dataset\2020\images\DJI_7300.JPG,0.05716211661611055,298496,5221920,
data/raw/external/river_water_dataset\2020\images\DJI_7317.JPG,0.01534244109446334,80117,5221920,
data/raw/external/river_water_dataset\2020\images\DJI_7318.JPG,0.04890193645249257,255362,5221920,
data/raw/external/river_water_dataset\2020\images\DJI_7319.JPG,0.11857822410147992,619206,5221920,
data/raw/external/river_water_dataset\2020\images\DJI_7320.JPG,0.19759092441094464,1031804,5221920,
data/raw/external/river_water_dataset\2020\images\DJI_7321.JPG,0.2596410898673285,1355825,5221920,
data/raw/external/river_water_dataset\2020\images\DJI_7322.JPG,0.3093383276649202,1615340,5221920,
data/raw/external/river_water_dataset\2020\images\DJI_7323.JPG,0.30209922787020865,1577538,5221920,
data/raw/external/river_water_dataset\2020\images\DJI_7324.JPG,0.23636363636363636,1234272,5221920,
data/raw/external/river_water_dataset\2020\images\DJI_7325.JPG,0.1544621518521923,806589,5221920,
data/raw/external/river_water_dataset\2020\images\DJI_7326.JPG,0.04701086956521739,245487,5221920,
data/raw/external/river_water_dataset\2020\images\DJI_7327.JPG,0.09257016576278457,483394,5221920,
data/raw/external/river_water_dataset\2020\images\DJI_7328.JPG,0.09837282072494408,513695,5221920,
data/raw/external/river_water_dataset\2020\images\DJI_7329.JPG,0.11778426325949076,615060,5221920,
data/raw/external/river_water_dataset\2020\images\DJI_7330.JPG,0.10009728222569476,522700,5221920,
data/raw/external/river_water_dataset\2020\images\DJI_7331.JPG,0.1681957977142507,878305,5221920,
data/raw/external/river_water_dataset\2020\images\DJI_7332.JPG,0.21857879860281276,1141401,5221920,
data/raw/external/river_water_dataset\2020\images\DJI_7333.JPG,0.21927203021111008,1145021,5221920,
data/raw/external/river_water_dataset\2020\images\DJI_7334.JPG,0.20155019609645494,1052479,5221920,
data/raw/external/river_water_dataset\2020\images\DJI_7335.JPG,0.17758985200845667,927360,5221920,
data/raw/external/river_water_dataset\2020\images\DJI_7336.JPG,0.12372537304286546,646084,5221920,
data/raw/external/river_water_dataset\2020\images\DJI_7337.JPG,0.03834106995128229,200214,5221920,
data/raw/external/river_water_dataset\2020\images\DJI_7360.JPG,0.016033566197873578,83726,5221920,
data/raw/external/river_water_dataset\2020\images\DJI_7361.JPG,0.05745913380519043,300047,5221920,
data/raw/external/river_water_dataset\2020\images\DJI_7362.JPG,0.06904720868952416,360559,5221920,
data/raw/external/river_water_dataset\2020\images\DJI_7363.JPG,0.10861771149309066,567193,5221920,
data/raw/external/river_water_dataset\2020\images\DJI_7364.JPG,0.13909960321107945,726367,5221920,
data/raw/external/river_water_dataset\2020\images\DJI_7365.JPG,0.12933250605141403,675364,5221920,
data/raw/external/river_water_dataset\2020\images\DJI_7366.JPG,0.09404357018108282,491088,5221920,
data/raw/external/river_water_dataset\2020\images\DJI_7367.JPG,0.06423786653185036,335445,5221920,
data/raw/external/river_water_dataset\2020\images\DJI_7368.JPG,0.06554083555473848,342249,5221920,
data/raw/external/river_water_dataset\2020\images\DJI_7369.JPG,0.07649963997916476,399475,5221920,
data/raw/external/river_water_dataset\2020\images\DJI_7370.JPG,0.09176911940435702,479211,5221920,
data/raw/external/river_water_dataset\2020\images\DJI_7371.JPG,0.0895806523271134,467783,5221920,
data/raw/external/river_water_dataset\2020\images\DJI_7372.JPG,0.09983416061525263,521326,5221920,
data/raw/external/river_water_dataset\2020\images\DJI_7373.JPG,0.059275898520084566,309534,5221920,
data/raw/external/river_water_dataset\2020\images\DJI_7405.JPG,0.04469237368630695,233380,5221920,
data/raw/external/river_water_dataset\2020\images\DJI_7406.JPG,0.10470459141465208,546759,5221920,
data/raw/external/river_water_dataset\2020\images\DJI_7407.JPG,0.10559104697122898,551388,5221920,
data/raw/external/river_water_dataset\2020\images\DJI_7408.JPG,0.107155605601005,559558,5221920,
data/raw/external/river_water_dataset\2020\images\DJI_7409.JPG,0.08575657995526549,447814,5221920,
data/raw/external/river_water_dataset\2020\images\DJI_7410.JPG,0.09226070104482642,481778,5221920,
data/raw/external/river_water_dataset\2020\images\DJI_7411.JPG,0.10079396084198915,526338,5221920,
data/raw/external/river_water_dataset\2020\images\DJI_7412.JPG,0.14331146398259645,748361,5221920,
data/raw/external/river_water_dataset\2020\images\DJI_7413.JPG,0.1362247985415326,711355,5221920,
data/raw/external/river_water_dataset\2020\images\DJI_7414.JPG,0.1327065523792015,692983,5221920,
data/raw/external/river_water_dataset\2020\images\DJI_7415.JPG,0.11942274106075926,623616,5221920,
data/raw/external/river_water_dataset\2020\images\DJI_7449.JPG,0.09971045132824709,520680,5221920,
data/raw/external/river_water_dataset\2020\images\DJI_7450.JPG,0.19269176854490302,1006221,5221920,
data/raw/external/river_water_dataset\2020\images\DJI_7451.JPG,0.1378190397401722,719680,5221920,
data/raw/external/river_water_dataset\2020\images\DJI_7452.JPG,0.1426477234427184,744895,5221920,
data/raw/external/river_water_dataset\2020\images\DJI_7453.JPG,0.11014933204645035,575191,5221920,
data/raw/external/river_water_dataset\2020\images\DJI_7454.JPG,0.11223745289089071,586095,5221920,
data/raw/external/river_water_dataset\2020\images\DJI_7455.JPG,0.11076423997303673,578402,5221920,
data/raw/external/river_water_dataset\2020\images\DJI_7456.JPG,0.17236648589024728,900084,5221920,
data/raw/external/river_water_dataset\2020\images\DJI_7457.JPG,0.17349365750528542,905970,5221920,
data/raw/external/river_water_dataset\2020\images\DJI_7458.JPG,0.161652993534945,844139,5221920,
data/raw/external/river_water_dataset\2020\images\DJI_7459.JPG,0.12747207923522383,665649,5221920,
data/raw/external/river_water_dataset\2020\images\DJI_7460.JPG,0.034847718846707725,181972,5221920,
data/raw/external/river_water_dataset\2020\images\DJI_7470.JPG,0.008665203603272359,45249,5221920,
data/raw/external/river_water_dataset\2020\images\DJI_7493.JPG,0.006754603670680516,35272,5221920,
data/raw/external/river_water_dataset\2020\images\DJI_7494.JPG,0.041538935870331216,216913,5221920,
data/raw/external/river_water_dataset\2020\images\DJI_7495.JPG,0.08311157581885589,434002,5221920,
data/raw/external/river_water_dataset\2020\images\DJI_7496.JPG,0.1135722109875295,593065,5221920,
data/raw/external/river_water_dataset\2020\images\DJI_7497.JPG,0.17115620308239116,893764,5221920,
data/raw/external/river_water_dataset\2020\images\DJI_7498.JPG,0.22726219474829182,1186745,5221920,
data/raw/external/river_water_dataset\2020\images\DJI_7499.JPG,0.24282964886478536,1268037,5221920,
data/raw/external/river_water_dataset\2020\images\DJI_7500.JPG,0.2152246683212305,1123886,5221920,
data/raw/external/river_water_dataset\2020\images\DJI_7501.JPG,0.1859151423231302,970834,5221920,
data/raw/external/river_water_dataset\2020\images\DJI_7502.JPG,0.13492278702086588,704556,5221920,
data/raw/external/river_water_dataset\2020\images\DJI_7503.JPG,0.08317151545791586,434315,5221920,
data/raw/external/river_water_dataset\2020\images\DJI_7504.JPG,0.07160565462511873,373919,5221920,
data/raw/external/river_water_dataset\2020\images\DJI_7505.JPG,0.0636941967705365,332606,5221920,
data/raw/external/river_water_dataset\2020\images\DJI_7506.JPG,0.05065550602077397,264519,5221920,
data/raw/external/river_water_dataset\2020\images\DJI_7507.JPG,0.035181887121978124,183717,5221920,
data/raw/external/river_water_dataset\2020\images\DJI_7508.JPG,0.09442312406164782,493070,5221920,
data/raw/external/river_water_dataset\2020\images\DJI_7509.JPG,0.14696088794926004,767418,5221920,
data/raw/external/river_water_dataset\2020\images\DJI_7510.JPG,0.17568614609185892,917419,5221920,
data/raw/external/river_water_dataset\2020\images\DJI_7511.JPG,0.21856060606060607,1141306,5221920,
data/raw/external/river_water_dataset\2020\images\DJI_7512.JPG,0.21652821184545148,1130693,5221920,
data/raw/external/river_water_dataset\2020\images\DJI_7513.JPG,0.1955326776358121,1021056,5221920,
data/raw/external/river_water_dataset\2020\images\DJI_7514.JPG,0.15845493611545178,827439,5221920,
data/raw/external/river_water_dataset\2020\images\DJI_7515.JPG,0.12173951343567117,635714,5221920,
data/raw/external/river_water_dataset\2020\images\DJI_7516.JPG,0.08177317921377578,427013,5221920,
data/raw/external/river_water_dataset\2020\images\DJI_7517.JPG,0.032876987774611635,171681,5221920,
data/raw/external/river_water_dataset\2020\images\DJI_7527.JPG,0.1561299292214358,815298,5221920,
data/raw/external/river_water_dataset\2020\images\DJI_7528.JPG,0.1617318917179888,844551,5221920,
data/raw/external/river_water_dataset\2020\images\DJI_7529.JPG,0.16120526549621594,841801,5221920,
data/raw/external/river_water_dataset\2020\images\DJI_7530.JPG,0.15319575941416183,799976,5221920,
data/raw/external/river_water_dataset\2020\images\DJI_7531.JPG,0.0997818809939639,521053,5221920,
data/raw/external/river_water_dataset\2020\images\DJI_7562.JPG,0.014120859760394644,73738,5221920,
data/raw/external/river_water_dataset\2020\images\DJI_7563.JPG,0.11131920826056317,581300,5221920,
data/raw/external/river_water_dataset\2020\images\DJI_7564.JPG,0.16023091123571406,836713,5221920,
data/raw/external/river_water_dataset\2020\images\DJI_7565.JPG,0.17601495235468947,919136,5221920,
data/raw/external/river_water_dataset\2020\images\DJI_7566.JPG,0.17483492661702976,912974,5221920,
data/raw/external/river_water_dataset\2020\images\DJI_7567.JPG,0.16667011367466372,870338,5221920,
data/raw/external/river_water_dataset\2020\images\DJI_7568.JPG,0.1255421377577596,655571,5221920,
data/raw/external/river_water_dataset\2020\images\DJI_7569.JPG,0.13270214786898304,692960,5221920,
data/raw/external/river_water_dataset\2020\images\DJI_7570.JPG,0.11778273125593651,615052,5221920,
data/raw/external/river_water_dataset\2020\images\DJI_7571.JPG,0.09110767686981033,475757,5221920,
data/raw/external/river_water_dataset\2020\images\DJI_7572.JPG,0.14028096945184912,732536,5221920,
data/raw/external/river_water_dataset\2020\images\DJI_7573.JPG,0.17967146183779145,938230,5221920,
data/raw/external/river_water_dataset\2020\images\DJI_7574.JPG,0.1886691102123357,985215,5221920,
data/raw/external/river_water_dataset\2020\images\DJI_7575.JPG,0.17896597420106014,934546,5221920,
data/raw/external/river_water_dataset\2020\images\DJI_7576.JPG,0.10256131844225878,535567,5221920,
data/raw/external/river_water_dataset\2020\images\DJI_7577.JPG,0.05268809173637283,275133,5221920,
data/raw/external/river_water_dataset\2020\images\DJI_7578.JPG,0.015559219597389465,81249,5221920,
data/raw/external/river_water_dataset\2020\images\DJI_7608.JPG,0.020926977050586756,109279,5221920,
data/raw/external/river_water_dataset\2020\images\DJI_7609.JPG,0.032525584459355945,169846,5221920,
data/raw/external/river_water_dataset\2020\images\DJI_7610.JPG,0.06913912890277905,361039,5221920,
data/raw/external/river_water_dataset\2020\images\DJI_7611.JPG,0.14145908018506603,738688,5221920,
data/raw/external/river_water_dataset\2020\images\DJI_7612.JPG,0.19329231393816834,1009357,5221920,
data/raw/external/river_water_dataset\2020\images\DJI_7613.JPG,0.21015201305267028,1097397,5221920,
data/raw/external/river_water_dataset\2020\images\DJI_7614.JPG,0.2131601020314367,1113105,5221920,
data/raw/external/river_water_dataset\2020\images\DJI_7615.JPG,0.17999165058062935,939902,5221920,
data/raw/external/river_water_dataset\2020\images\DJI_7616.JPG,0.12379622820724943,646454,5221920,
data/raw/external/river_water_dataset\2020\images\DJI_7617.JPG,0.11107830070165763,580042,5221920,
data/raw/external/river_water_dataset\2020\images\DJI_7618.JPG,0.13053493734105462,681643,5221920,
data/raw/external/river_water_dataset\2020\images\DJI_7619.JPG,0.13273355394184513,693124,5221920,
data/raw/external/river_water_dataset\2020\images\DJI_7620.JPG,0.13416329625884732,700590,5221920,
data/raw/external/river_water_dataset\2020\images\DJI_7621.JPG,0.13296546097986947,694335,5221920,
data/raw/external/river_water_dataset\2020\images\DJI_7622.JPG,0.12740218157306124,665284,5221920,
data/raw/external/river_water_dataset\2020\images\DJI_7623.JPG,0.11711324570273003,611556,5221920,
data/raw/external/river_water_dataset\2020\images\DJI_7624.JPG,0.06960734748904618,363484,5221920,
data/raw/external/river_water_dataset\2020\images\DJI_7625.JPG,0.06573080399546527,343241,5221920,
data/raw/external/river_water_dataset\2020\images\DJI_7626.JPG,0.07096240463277875,370560,5221920,
data/raw/external/river_water_dataset\2020\images\DJI_7627.JPG,0.13020593957777982,679925,5221920,
data/raw/external/river_water_dataset\2020\images\DJI_7628.JPG,0.17700673315562093,924315,5221920,
data/raw/external/river_water_dataset\2020\images\DJI_7629.JPG,0.23159795630725863,1209386,5221920,
data/raw/external/river_water_dataset\2020\images\DJI_7630.JPG,0.2525684039586972,1318892,5221920,
data/raw/external/river_water_dataset\2020\images\DJI_7631.JPG,0.23678895885038453,1236493,5221920,
data/raw/external/river_water_dataset\2020\images\DJI_7632.JPG,0.18938838588105525,988971,5221920,
data/raw/external/river_water_dataset\2020\images\DJI_7633.JPG,0.13105754205349757,684372,5221920,
data/raw/external/river_water_dataset\2020\images\DJI_7634.JPG,0.08478797070809205,442756,5221920,
data/raw/external/river_water_dataset\2020\images\DJI_7635.JPG,0.05283229157091644,275886,5221920,
data/raw/external/river_water_dataset\2021\images\DJI_7637.JPG,0.006375432791004075,33292,5221920,
data/raw/external/river_water_dataset\2021\images\DJI_7638.JPG,0.04101862916321966,214196,5221920,
data/raw/external/river_water_dataset\2021\images\DJI_7639.JPG,0.0798256196954377,416843,5221920,
data/raw/external/river_water_dataset\2021\images\DJI_7640.JPG,0.13524508226859086,706239,5221920,
data/raw/external/river_water_dataset\2021\images\DJI_7641.JPG,0.18988609553574165,991570,5221920,
data/raw/external/river_water_dataset\2021\images\DJI_7642.JPG,0.2332197735698747,1217855,5221920,
data/raw/external/river_water_dataset\2021\images\DJI_7643.JPG,0.24337082912032357,1270863,5221920,
data/raw/external/river_water_dataset\2021\images\DJI_7644.JPG,0.2339063026626222,1221440,5221920,
data/raw/external/river_water_dataset\2021\images\DJI_7645.JPG,0.22270850568373318,1162966,5221920,
data/raw/external/river_water_dataset\2021\images\DJI_7646.JPG,0.17178796304807428,897063,5221920,
data/raw/external/river_water_dataset\2021\images\DJI_7647.JPG,0.137640369825658,718747,5221920,
data/raw/external/river_water_dataset\2021\images\DJI_7648.JPG,0.09836803321383705,513670,5221920,
data/raw/external/river_water_dataset\2021\images\DJI_7649.JPG,0.05810889481263597,303440,5221920,
data/raw/external/river_water_dataset\2021\images\DJI_7650.JPG,0.0214666253025707,112097,5221920,
data/raw/external/river_water_dataset\2021\images\DJI_7651.JPG,0.0,0,5221920,
data/raw/external/river_water_dataset\2021\images\DJI_7672.JPG,0.005967728345129761,31163,5221920,
data/raw/external/river_water_dataset\2021\images\DJI_7673.JPG,0.008867045071544566,46303,5221920,
data/raw/external/river_water_dataset\2021\images\DJI_7674.JPG,0.010407666145785458,54348,5221920,
data/raw/external/river_water_dataset\2021\images\DJI_7675.JPG,0.013089438367497012,68352,5221920,
data/raw/external/river_water_dataset\2021\images\DJI_7676.JPG,0.009808269755185832,51218,5221920,
data/raw/external/river_water_dataset\2021\images\DJI_7677.JPG,0.000859645494377547,4489,5221920,
data/raw/external/river_water_dataset\2021\images\DJI_7678.JPG,0.018725296442687746,97782,5221920,
data/raw/external/river_water_dataset\2021\images\DJI_7679.JPG,0.06624708919324693,345937,5221920,
data/raw/external/river_water_dataset\2021\images\DJI_7680.JPG,0.12889052302601342,673056,5221920,
data/raw/external/river_water_dataset\2021\images\DJI_7681.JPG,0.20396482519839446,1065088,5221920,
data/raw/external/river_water_dataset\2021\images\DJI_7682.JPG,0.2617064221588994,1366610,5221920,
data/raw/external/river_water_dataset\2021\images\DJI_7683.JPG,0.26864658976008826,1402851,5221920,
data/raw/external/river_water_dataset\2021\images\DJI_7684.JPG,0.26423748353096177,1379827,5221920,
data/raw/external/river_water_dataset\2021\images\DJI_7685.JPG,0.27014967674725004,1410700,5221920,
data/raw/external/river_water_dataset\2021\images\DJI_7686.JPG,0.2747033658118087,1434479,5221920,
data/raw/external/river_water_dataset\2021\images\DJI_7687.JPG,0.2479423277262003,1294735,5221920,
data/raw/external/river_water_dataset\2021\images\DJI_7688.JPG,0.23409818610779176,1222442,5221920,
data/raw/external/river_water_dataset\2021\images\DJI_7689.JPG,0.1929020360327236,1007319,5221920,
data/raw/external/river_water_dataset\2021\images\DJI_7690.JPG,0.14931423690902962,779707,5221920,
data/raw/external/river_water_dataset\2021\images\DJI_7691.JPG,0.08918826791678157,465734,5221920,
data/raw/external/river_water_dataset\2021\images\DJI_7692.JPG,0.03618037043845942,188931,5221920,
data/raw/external/river_water_dataset\2021\images\DJI_7693.JPG,0.0022836427980512915,11925,5221920,
data/raw/external/river_water_dataset\2021\images\DJI_7694.JPG,0.004901453871372982,25595,5221920,
data/raw/external/river_water_dataset\2021\images\DJI_7698.JPG,0.008898834145295216,46469,5221920,
data/raw/external/river_water_dataset\2021\images\DJI_7699.JPG,0.06235675766767779,325622,5221920,
data/raw/external/river_water_dataset\2021\images\DJI_7700.JPG,0.11572256947636118,604294,5221920,
data/raw/external/river_water_dataset\2021\images\DJI_7701.JPG,0.16404751509023502,856643,5221920,
data/raw/external/river_water_dataset\2021\images\DJI_7702.JPG,0.20648554554646567,1078251,5221920,
data/raw/external/river_water_dataset\2021\images\DJI_7703.JPG,0.25766097527346266,1345485,5221920,
data/raw/external/river_water_dataset\2021\images\DJI_7704.JPG,0.2705820847504366,1412958,5221920,
data/raw/external/river_water_dataset\2021\images\DJI_7705.JPG,0.25347420106014645,1323622,5221920,
data/raw/external/river_water_dataset\2021\images\DJI_7706.JPG,0.26542612678861416,1386034,5221920,
data/raw/external/river_water_dataset\2021\images\DJI_7707.JPG,0.28160906333302693,1470540,5221920,
data/raw/external/river_water_dataset\2021\images\DJI_7708.JPG,0.28330211876091554,1479381,5221920,
data/raw/external/river_water_dataset\2021\images\DJI_7709.JPG,0.2478730045653706,1294373,5221920,
data/raw/external/river_water_dataset\2021\images\DJI_7710.JPG,0.19564508839660508,1021643,5221920,
data/raw/external/river_water_dataset\2021\images\DJI_7711.JPG,0.1339978398749885,699726,5221920,
data/raw/external/river_water_dataset\2021\images\DJI_7712.JPG,0.07661454024573337,400075,5221920,
data/raw/external/river_water_dataset\2021\images\DJI_7713.JPG,0.02222573306370071,116061,5221920,
data/raw/external/river_water_dataset\2021\images\DJI_7714.JPG,0.033049912675797405,172584,5221920,
data/raw/external/river_water_dataset\2021\images\DJI_7715.JPG,0.04081602169317033,213138,5221920,
data/raw/external/river_water_dataset\2021\images\DJI_7716.JPG,0.041802057480773355,218287,5221920,
data/raw/external/river_water_dataset\2021\images\DJI_7717.JPG,0.038667195207892885,201917,5221920,
data/raw/external/river_water_dataset\2021\images\DJI_7718.JPG,0.03535825903116095,184638,5221920,
data/raw/external/river_water_dataset\2021\images\DJI_7719.JPG,0.018797683610625976,98160,5221920,
data/raw/external/river_water_dataset\2021\images\DJI_7727.JPG,0.01619136256396115,84550,5221920,
data/raw/external/river_water_dataset\2021\images\DJI_7728.JPG,0.04452251279222968,232493,5221920,
data/raw/external/river_water_dataset\2021\images\DJI_7729.JPG,0.044908577687900235,234509,5221920,
data/raw/external/river_water_dataset\2021\images\DJI_7730.JPG,0.044438635597634585,232055,5221920,
data/raw/external/river_water_dataset\2021\images\DJI_7731.JPG,0.046626719673989646,243481,5221920,
data/raw/external/river_water_dataset\2021\images\DJI_7732.JPG,0.08178275423598982,427063,5221920,
data/raw/external/river_water_dataset\2021\images\DJI_7733.JPG,0.11357450899286087,593077,5221920,
data/raw/external/river_water_dataset\2021\images\DJI_7734.JPG,0.17188428777154763,897566,5221920,
data/raw/external/river_water_dataset\2021\images\DJI_7735.JPG,0.2298436207372001,1200225,5221920,
data/raw/external/river_water_dataset\2021\images\DJI_7736.JPG,0.2833796764408493,1479786,5221920,
data/raw/external/river_water_dataset\2021\images\DJI_7737.JPG,0.3132307656953764,1635666,5221920,
data/raw/external/river_water_dataset\2021\images\DJI_7738.JPG,0.31509291601556516,1645390,5221920,
data/raw/external/river_water_dataset\2021\images\DJI_7739.JPG,0.2871064665870025,1499247,5221920,
data/raw/external/river_water_dataset\2021\images\DJI_7740.JPG,0.262273071973527,1369569,5221920,
data/raw/external/river_water_dataset\2021\images\DJI_7741.JPG,0.23163414989122774,1209575,5221920,
data/raw/external/river_water_dataset\2021\images\DJI_7742.JPG,0.20094926770230107,1049341,5221920,
data/raw/external/river_water_dataset\2021\images\DJI_7743.JPG,0.14664203970953213,765753,5221920,
data/raw/external/river_water_dataset\2021\images\DJI_7744.JPG,0.10378538928210314,541959,5221920,
data/raw/external/river_water_dataset\2021\images\DJI_7745.JPG,0.07163763519931367,374086,5221920,
data/raw/external/river_water_dataset\2021\images\DJI_7746.JPG,0.060148949045561784,314093,5221920,
data/raw/external/river_water_dataset\2021\images\DJI_7747.JPG,0.025098048227471886,131060,5221920,
data/raw/external/river_water_dataset\2021\images\DJI_7750.JPG,0.01469038208168643,76712,5221920,
data/raw/external/river_water_dataset\2021\images\DJI_7751.JPG,0.029933434445567914,156310,5221920,
data/raw/external/river_water_dataset\2021\images\DJI_7752.JPG,0.06705732757299997,350168,5221920,
data/raw/external/river_water_dataset\2021\images\DJI_7753.JPG,0.1198564895670558,625881,5221920,
data/raw/external/river_water_dataset\2021\images\DJI_7754.JPG,0.17335003217207465,905220,5221920,
data/raw/external/river_water_dataset\2021\images\DJI_7755.JPG,0.2285059901338971,1193240,5221920,
data/raw/external/river_water_dataset\2021\images\DJI_7756.JPG,0.269206537059166,1405775,5221920,
data/raw/external/river_water_dataset\2021\images\DJI_7757.JPG,0.29221493243864327,1525923,5221920,
data/raw/external/river_water_dataset\2021\images\DJI_7758.JPG,0.2644864341085271,1381127,5221920,
data/raw/external/river_water_dataset\2021\images\DJI_7759.JPG,0.21079832705211876,1100772,5221920,
data/raw/external/river_water_dataset\2021\images\DJI_7760.JPG,0.17518001041762418,914776,5221920,
data/raw/external/river_water_dataset\2021\images\DJI_7761.JPG,0.1202027223703159,627689,5221920,
data/raw/external/river_water_dataset\2021\images\DJI_7762.JPG,0.06069644881576125,316952,5221920,
data/raw/external/river_water_dataset\2021\images\DJI_7763.JPG,0.04138516101357355,216110,5221920,
data/raw/external/river_water_dataset\2021\images\DJI_7764.JPG,0.04200370744860128,219340,5221920,
data/raw/external/river_water_dataset\2021\images\DJI_7765.JPG,0.039783259797162726,207745,5221920,
data/raw/external/river_water_dataset\2021\images\DJI_7773.JPG,0.013747242393602354,71787,5221920,
data/raw/external/river_water_dataset\2021\images\DJI_7774.JPG,0.028240570518123603,147470,5221920,
data/raw/external/river_water_dataset\2021\images\DJI_7775.JPG,0.07426674479884793,387815,5221920,
data/raw/external/river_water_dataset\2021\images\DJI_7776.JPG,0.15441446824156632,806340,5221920,
data/raw/external/river_water_dataset\2021\images\DJI_7777.JPG,0.20489283635138034,1069934,5221920,
data/raw/external/river_water_dataset\2021\images\DJI_7778.JPG,0.255998559916659,1336804,5221920,
data/raw/external/river_water_dataset\2021\images\DJI_7779.JPG,0.30144218984588045,1574107,5221920,
data/raw/external/river_water_dataset\2021\images\DJI_7780.JPG,0.26762072188007474,1397494,5221920,
data/raw/external/river_water_dataset\2021\images\DJI_7781.JPG,0.21271486349848331,1110780,5221920,
data/raw/external/river_water_dataset\2021\images\DJI_7782.JPG,0.15553838434905168,812209,5221920,
data/raw/external/river_water_dataset\2021\images\DJI_7783.JPG,0.08772826852958299,458110,5221920,
data/raw/external/river_water_dataset\2021\images\DJI_7784.JPG,0.031063670067714558,162212,5221920,
data/raw/external/river_water_dataset\2021\images\DJI_7785.JPG,0.004069001440083341,21248,5221920,
data/raw/external/river_water_dataset\2021\images\DJI_7795.JPG,0.017279659588810246,90233,5221920,
data/raw/external/river_water_dataset\2021\images\DJI_7796.JPG,0.06691829825045194,349442,5221920,
data/raw/external/river_water_dataset\2021\images\DJI_7797.JPG,0.12596286423384503,657768,5221920,
data/raw/external/river_water_dataset\2021\images\DJI_7798.JPG,0.18469394398995007,964457,5221920,
data/raw/external/river_water_dataset\2021\images\DJI_7799.JPG,0.25997793914881884,1357584,5221920,
data/raw/external/river_water_dataset\2021\images\DJI_7800.JPG,0.372016040077213,1942638,5221920,
data/raw/external/river_water_dataset\2021\images\DJI_7801.JPG,0.3725913074118332,1945642,5221920,
data/raw/external/river_water_dataset\2021\images\DJI_7802.JPG,0.2970993427704752,1551429,5221920,
data/raw/external/river_water_dataset\2021\images\DJI_7803.JPG,0.1975478368109814,1031579,5221920,
data/raw/external/river_water_dataset\2021\images\DJI_7804.JPG,0.09825409044948984,513075,5221920,
data/raw/external/river_water_dataset\2021\images\DJI_7805.JPG,0.030048909213469376,156913,5221920,
data/raw/external/river_water_dataset\2021\images\DJI_7806.JPG,0.00446444985752367,23313,5221920,
data/raw/external/river_water_dataset\2021\images\DJI_7813.JPG,0.017444349970891934,91093,5221920,
data/raw/external/river_water_dataset\2021\images\DJI_7814.JPG,0.06825497135153354,356422,5221920,
data/raw/external/river_water_dataset\2021\images\DJI_7815.JPG,0.15303183503385728,799120,5221920,
data/raw/external/river_water_dataset\2021\images\DJI_7816.JPG,0.2628378067837117,1372518,5221920,
data/raw/external/river_water_dataset\2021\images\DJI_7817.JPG,0.38177949872843703,1993622,5221920,
data/raw/external/river_water_dataset\2021\images\DJI_7818.JPG,0.40818051597879706,2131486,5221920,
data/raw/external/river_water_dataset\2021\images\DJI_7819.JPG,0.3717533014676594,1941266,5221920,
data/raw/external/river_water_dataset\2021\images\DJI_7820.JPG,0.3558283160216932,1858107,5221920,
data/raw/external/river_water_dataset\2021\images\DJI_7821.JPG,0.2575545010264424,1344929,5221920,
data/raw/external/river_water_dataset\2021\images\DJI_7822.JPG,0.16500616631430584,861649,5221920,
data/raw/external/river_water_dataset\2021\images\DJI_7823.JPG,0.12912338756625916,674272,5221920,
data/raw/external/river_water_dataset\2021\images\DJI_7824.JPG,0.012902342433434445,67375,5221920,
data/raw/external/river_water_dataset\2021\images\DJI_7836.JPG,0.015754741551000397,82270,5221920,
data/raw/external/river_water_dataset\2021\images\DJI_7837.JPG,0.048620430799399456,253892,5221920,
data/raw/external/river_water_dataset\2021\images\DJI_7838.JPG,0.09544669393632993,498415,5221920,
data/raw/external/river_water_dataset\2021\images\DJI_7839.JPG,0.16587845083800595,866204,5221920,
data/raw/external/river_water_dataset\2021\images\DJI_7840.JPG,0.3205602536997886,1673940,5221920,
data/raw/external/river_water_dataset\2021\images\DJI_7841.JPG,0.3684782608695652,1924164,5221920,
data/raw/external/river_water_dataset\2021\images\DJI_7842.JPG,0.45440431871801945,2372863,5221920,
data/raw/external/river_water_dataset\2021\images\DJI_7843.JPG,0.4702308729356252,2455508,5221920,
data/raw/external/river_water_dataset\2021\images\DJI_7844.JPG,0.3844338863866164,2007483,5221920,
data/raw/external/river_water_dataset\2021\images\DJI_7845.JPG,0.28749846799644574,1501294,5221920,
data/raw/external/river_water_dataset\2021\images\DJI_7846.JPG,0.17423035971443454,909817,5221920,
data/raw/external/river_water_dataset\2021\images\DJI_7847.JPG,0.0868578990103257,453565,5221920,
data/raw/external/river_water_dataset\2021\images\DJI_7856.JPG,0.05203737322670589,271735,5221920,
data/raw/external/river_water_dataset\2021\images\DJI_7857.JPG,0.16107696019854767,841131,5221920,
data/raw/external/river_water_dataset\2021\images\DJI_7858.JPG,0.26579763765051934,1387974,5221920,
data/raw/external/river_water_dataset\2021\images\DJI_7859.JPG,0.37024351196494776,1933382,5221920,
data/raw/external/river_water_dataset\2021\images\DJI_7860.JPG,0.45054960627508656,2352734,5221920,
data/raw/external/river_water_dataset\2021\images\DJI_7861.JPG,0.43948605110763855,2294961,5221920,
data/raw/external/river_water_dataset\2021\images\DJI_7862.JPG,0.38306695621533843,2000345,5221920,
data/raw/external/river_water_dataset\2021\images\DJI_7863.JPG,0.2832144115574348,1478923,5221920,
data/raw/external/river_water_dataset\2021\images\DJI_7864.JPG,0.16532424855225664,863310,5221920,
data/raw/external/river_water_dataset\2021\images\DJI_7865.JPG,0.06263558231455096,327078,5221920,
data/raw/external/river_water_dataset\2021\images\DJI_7866.JPG,0.01514749364218525,79099,5221920,
data/raw/external/river_water_dataset\2021\images\DJI_7876.JPG,0.002118569415081043,11063,5221920,
data/raw/external/river_water_dataset\2021\images\DJI_7877.JPG,0.005156149462266752,26925,5221920,
data/raw/external/river_water_dataset\2021\images\DJI_7880.JPG,0.05068595459141465,264678,5221920,
data/raw/external/river_water_dataset\2021\images\DJI_7881.JPG,0.14939907160584612,780150,5221920,
data/raw/external/river_water_dataset\2021\images\DJI_7882.JPG,0.2740557113092502,1431097,5221920,
data/raw/external/river_water_dataset\2021\images\DJI_7883.JPG,0.42103096179183136,2198590,5221920,
data/raw/external/river_water_dataset\2021\images\DJI_7884.JPG,0.5148728820050863,2688625,5221920,
data/raw/external/river_water_dataset\2021\images\DJI_7885.JPG,0.5389140392805711,2814166,5221920,
data/raw/external/river_water_dataset\2021\images\DJI_7886.JPG,0.4613228467690045,2408991,5221920,
data/raw/external/river_water_dataset\2021\images\DJI_7887.JPG,0.30871480221834113,1612084,5221920,
data/raw/external/river_water_dataset\2021\images\DJI_7888.JPG,0.19414295891166466,1013799,5221920,
data/raw/external/river_water_dataset\2021\images\DJI_7889.JPG,0.06297587860403836,328855,5221920,
data/raw/external/river_water_dataset\2021\images\DJI_7904.JPG,0.06348852529337869,331532,5221920,
data/raw/external/river_water_dataset\2021\images\DJI_7905.JPG,0.20466648282624017,1068752,5221920,
data/raw/external/river_water_dataset\2021\images\DJI_7906.JPG,0.38562291264515736,2013692,5221920,
data/raw/external/river_water_dataset\2021\images\DJI_7907.JPG,0.5124140163005179,2675785,5221920,
data/raw/external/river_water_dataset\2021\images\DJI_7908.JPG,0.5659935426050189,2955573,5221920,
data/raw/external/river_water_dataset\2021\images\DJI_7909.JPG,0.5435403070135123,2838324,5221920,
data/raw/external/river_water_dataset\2021\images\DJI_7910.JPG,0.4390509620982321,2292689,5221920,
data/raw/external/river_water_dataset\2021\images\DJI_7911.JPG,0.2758877960596869,1440664,5221920,
data/raw/external/river_water_dataset\2021\images\DJI_7912.JPG,0.11574286852345497,604400,5221920,
data/raw/external/river_water_dataset\2021\images\DJI_7913.JPG,0.008036507644697736,41966,5221920,
data/raw/external/river_water_dataset\2021\images\DJI_7919.JPG,0.004953733492661703,25868,5221920,
data/raw/external/river_water_dataset\2021\images\DJI_7920.JPG,0.16831165548304072,878910,5221920,
data/raw/external/river_water_dataset\2021\images\DJI_7921.JPG,0.3387246453411772,1768793,5221920,
data/raw/external/river_water_dataset\2021\images\DJI_7922.JPG,0.48639868094493977,2539935,5221920,
data/raw/external/river_water_dataset\2021\images\DJI_7923.JPG,0.54123828017281,2826303,5221920,
data/raw/external/river_water_dataset\2021\images\DJI_7924.JPG,0.5531716303581824,2888618,5221920,
data/raw/external/river_water_dataset\2021\images\DJI_7925.JPG,0.496746215951221,2593969,5221920,
data/raw/external/river_water_dataset\2021\images\DJI_7926.JPG,0.3144374099947912,1641967,5221920,
data/raw/external/river_water_dataset\2021\images\DJI_7927.JPG,0.13937632135306555,727812,5221920,
data/raw/external/river_water_dataset\2021\images\DJI_7928.JPG,0.008949964763918253,46736,5221920,
data/raw/external/river_water_dataset\2021\images\DJI_7944.JPG,0.02905942641786929,151746,5221920,
data/raw/external/river_water_dataset\2021\images\DJI_7945.JPG,0.15182729723932958,792830,5221920,
data/raw/external/river_water_dataset\2021\images\DJI_7946.JPG,0.3267642935931611,1706337,5221920,
data/raw/external/river_water_dataset\2021\images\DJI_7947.JPG,0.4753642338450225,2482314,5221920,
data/raw/external/river_water_dataset\2021\images\DJI_7948.JPG,0.4910569292520759,2564260,5221920,
data/raw/external/river_water_dataset\2021\images\DJI_7949.JPG,0.5012955005055612,2617725,5221920,
data/raw/external/river_water_dataset\2021\images\DJI_7950.JPG,0.40155000459601065,2096862,5221920,
data/raw/external/river_water_dataset\2021\images\DJI_7951.JPG,0.26105895915678523,1363229,5221920,
data/raw/external/river_water_dataset\2021\images\DJI_7952.JPG,0.0865359867634893,451884,5221920,
data/raw/external/river_water_dataset\2021\images\DJI_7960.JPG,0.11382920458375463,594407,5221920,
data/raw/external/river_water_dataset\2021\images\DJI_7961.JPG,0.2886068725679444,1507082,5221920,
data/raw/external/river_water_dataset\2021\images\DJI_7962.JPG,0.4011566626834574,2094808,5221920,
data/raw/external/river_water_dataset\2021\images\DJI_7963.JPG,0.42194671691638325,2203372,5221920,
data/raw/external/river_water_dataset\2021\images\DJI_7964.JPG,0.42393027851824616,2213730,5221920,
data/raw/external/river_water_dataset\2021\images\DJI_7965.JPG,0.42758583049912674,2232819,5221920,
data/raw/external/river_water_dataset\2021\images\DJI_7966.JPG,0.23608385421454178,1232811,5221920,
data/raw/external/river_water_dataset\2021\images\DJI_7967.JPG,0.09588120844440359,500684,5221920,
data/raw/external/river_water_dataset\2021\images\DJI_7984.JPG,0.04545856696387535,237381,5221920,
data/raw/external/river_water_dataset\2021\images\DJI_7985.JPG,0.18615892238869994,972107,5221920,
data/raw/external/river_water_dataset\2021\images\DJI_7986.JPG,0.3371246591292092,1760438,5221920,
data/raw/external/river_water_dataset\2021\images\DJI_7987.JPG,0.36085501118362595,1884356,5221920,
data/raw/external/river_water_dataset\2021\images\DJI_7988.JPG,0.4100675613567423,2141340,5221920,
data/raw/external/river_water_dataset\2021\images\DJI_7989.JPG,0.3761671952078929,1964315,5221920,
data/raw/external/river_water_dataset\2021\images\DJI_7990.JPG,0.2803805879829641,1464125,5221920,
data/raw/external/river_water_dataset\2021\images\DJI_7991.JPG,0.1031810138799522,538803,5221920,
data/raw/external/river_water_dataset\2021\images\DJI_7999.JPG,0.06740987989092134,352009,5221920,
data/raw/external/river_water_dataset\2021\images\DJI_8000.JPG,0.2498575236694549,1304736,5221920,
data/raw/external/river_water_dataset\2021\images\DJI_8001.JPG,0.40923491742500845,2136992,5221920,
data/raw/external/river_water_dataset\2021\images\DJI_8002.JPG,0.4557430983239881,2379854,5221920,
data/raw/external/river_water_dataset\2021\images\DJI_8003.JPG,0.4588526825382235,2396092,5221920,
data/raw/external/river_water_dataset\2021\images\DJI_8004.JPG,0.44798445782394214,2339339,5221920,
data/raw/external/river_water_dataset\2021\images\DJI_8005.JPG,0.30269804975947545,1580665,5221920,
data/raw/external/river_water_dataset\2021\images\DJI_8006.JPG,0.13137236878389558,686016,5221920,
data/raw/external/river_water_dataset\2021\images\DJI_8022.JPG,0.10854589882648527,566818,5221920,
data/raw/external/river_water_dataset\2021\images\DJI_8023.JPG,0.28149473756779114,1469943,5221920,
data/raw/external/river_water_dataset\2021\images\DJI_8024.JPG,0.4473548043631461,2336051,5221920,
data/raw/external/river_water_dataset\2021\images\DJI_8025.JPG,0.48590843980758036,2537375,5221920,
data/raw/external/river_water_dataset\2021\images\DJI_8026.JPG,0.4796942503906609,2504925,5221920,
data/raw/external/river_water_dataset\2021\images\DJI_8027.JPG,0.4907294634923553,2562550,5221920,
data/raw/external/river_water_dataset\2021\images\DJI_8028.JPG,0.31535833563133864,1646776,5221920,
data/raw/external/river_water_dataset\2021\images\DJI_8029.JPG,0.14140028954867176,738381,5221920,
data/raw/external/river_water_dataset\2021\images\DJI_8036.JPG,0.024885482734319942,129950,5221920,
data/raw/external/river_water_dataset\2021\images\DJI_8046.JPG,0.06968528816986855,363891,5221920,
data/raw/external/river_water_dataset\2021\images\DJI_8047.JPG,0.24015840916750927,1254088,5221920,
data/raw/external/river_water_dataset\2021\images\DJI_8048.JPG,0.4065768912583877,2123112,5221920,
data/raw/external/river_water_dataset\2021\images\DJI_8049.JPG,0.48228027239023197,2518429,5221920,
data/raw/external/river_water_dataset\2021\images\DJI_8050.JPG,0.48682304592946657,2542151,5221920,
data/raw/external/river_water_dataset\2021\images\DJI_8051.JPG,0.4826106106566167,2520154,5221920,
data/raw/external/river_water_dataset\2021\images\DJI_8052.JPG,0.39367952783650456,2055763,5221920,
data/raw/external/river_water_dataset\2021\images\DJI_8053.JPG,0.22047273799675215,1151291,5221920,
data/raw/external/river_water_dataset\2021\images\DJI_8054.JPG,0.062295094524619295,325300,5221920,
data/raw/external/river_water_dataset\2021\images\DJI_8067.JPG,0.1428384578852223,745891,5221920,
data/raw/external/river_water_dataset\2021\images\DJI_8068.JPG,0.3025854474982382,1580077,5221920,
data/raw/external/river_water_dataset\2021\images\DJI_8069.JPG,0.4571471795814566,2387186,5221920,
data/raw/external/river_water_dataset\2021\images\DJI_8070.JPG,0.5044318947819959,2634103,5221920,
data/raw/external/river_water_dataset\2021\images\DJI_8071.JPG,0.504040850874774,2632061,5221920,
data/raw/external/river_water_dataset\2021\images\DJI_8072.JPG,0.5106093161136134,2666361,5221920,
data/raw/external/river_water_dataset\2021\images\DJI_8073.JPG,0.3521817645616938,1839065,5221920,
data/raw/external/river_water_dataset\2021\images\DJI_8074.JPG,0.18378948739161075,959734,5221920,
data/raw/external/river_water_dataset\2021\images\DJI_8075.JPG,0.034151040230413335,178334,5221920,
data/raw/external/river_water_dataset\2021\images\DJI_8088.JPG,0.09093839047706591,474873,5221920,
data/raw/external/river_water_dataset\2021\images\DJI_8089.JPG,0.2546691638324601,1329862,5221920,
data/raw/external/river_water_dataset\2021\images\DJI_8090.JPG,0.4180295753286148,2182917,5221920,
data/raw/external/river_water_dataset\2021\images\DJI_8091.JPG,0.5460437923215982,2851397,5221920,
data/raw/external/river_water_dataset\2021\images\DJI_8092.JPG,0.5422568710359408,2831622,5221920,
data/raw/external/river_water_dataset\2021\images\DJI_8093.JPG,0.5395886953457733,2817689,5221920,
data/raw/external/river_water_dataset\2021\images\DJI_8094.JPG,0.4366912936238012,2280367,5221920,
data/raw/external/river_water_dataset\2021\images\DJI_8095.JPG,0.2948909596470264,1539897,5221920,
data/raw/external/river_water_dataset\2021\images\DJI_8096.JPG,0.12293639121242761,641964,5221920,
data/raw/external/river_water_dataset\2021\images\DJI_8110.JPG,0.2338436820173423,1221113,5221920,
data/raw/external/river_water_dataset\2021\images\DJI_8111.JPG,0.39131468885007814,2043414,5221920,
data/raw/external/river_water_dataset\2021\images\DJI_8112.JPG,0.5572486748169255,2909908,5221920,
data/raw/external/river_water_dataset\2021\images\DJI_8113.JPG,0.5722753316787695,2988376,5221920,
data/raw/external/river_water_dataset\2021\images\DJI_8114.JPG,0.5733354781383093,2993912,5221920,
data/raw/external/river_water_dataset\2021\images\DJI_8115.JPG,0.5121811517602721,2674569,5221920,
data/raw/external/river_water_dataset\2021\images\DJI_8116.JPG,0.36846389833624416,1924089,5221920,
data/raw/external/river_water_dataset\2021\images\DJI_8117.JPG,0.23907547415510003,1248433,5221920,
data/raw/external/river_water_dataset\2021\images\DJI_8118.JPG,0.0709426800870178,370457,5221920,
data/raw/external/river_water_dataset\2021\images\DJI_8132.JPG,0.08524852927658792,445161,5221920,
data/raw/external/river_water_dataset\2021\images\DJI_8133.JPG,0.24397156601403316,1274000,5221920,
data/raw/external/river_water_dataset\2021\images\DJI_8134.JPG,0.40547557220332753,2117361,5221920,
data/raw/external/river_water_dataset\2021\images\DJI_8135.JPG,0.5747583264393173,3001342,5221920,
data/raw/external/river_water_dataset\2021\images\DJI_8136.JPG,0.6921320127462696,3614258,5221920,
data/raw/external/river_water_dataset\2021\images\DJI_8137.JPG,0.7528487606091246,3931316,5221920,
data/raw/external/river_water_dataset\2021\images\DJI_8138.JPG,0.6845671706958361,3574755,5221920,
data/raw/external/river_water_dataset\2021\images\DJI_8139.JPG,0.5246593207096241,2739729,5221920,
data/raw/external/river_water_dataset\2021\images\DJI_8140.JPG,0.3787888362901002,1978005,5221920,
data/raw/external/river_water_dataset\2021\images\DJI_8141.JPG,0.21683154854919262,1132277,5221920,
data/raw/external/river_water_dataset\2021\images\DJI_8142.JPG,0.09233596071942887,482171,5221920,
data/raw/external/river_water_dataset\2021\images\DJI_8143.JPG,0.03115329227563808,162680,5221920,
data/raw/external/river_water_dataset\2021\images\DJI_8144.JPG,0.008880258602199957,46372,5221920,
data/raw/external/river_water_dataset\2021\images\DJI_8151.JPG,0.014804133345589362,77306,5221920,
data/raw/external/river_water_dataset\2021\images\DJI_8152.JPG,0.03798009161381254,198329,5221920,
data/raw/external/river_water_dataset\2021\images\DJI_8153.JPG,0.03921067346876245,204755,5221920,
data/raw/external/river_water_dataset\2021\images\DJI_8154.JPG,0.03791536446364555,197991,5221920,
data/raw/external/river_water_dataset\2021\images\DJI_8155.JPG,0.2600855623985048,1358146,5221920,
data/raw/external/river_water_dataset\2021\images\DJI_8156.JPG,0.41475779023807335,2165832,5221920,
data/raw/external/river_water_dataset\2021\images\DJI_8157.JPG,0.49165555964089835,2567386,5221920,
data/raw/external/river_water_dataset\2021\images\DJI_8158.JPG,0.5909862655881362,3086083,5221920,
data/raw/external/river_water_dataset\2021\images\DJI_8159.JPG,0.6305232558139535,3292542,5221920,
data/raw/external/river_water_dataset\2021\images\DJI_8160.JPG,0.5460828584122315,2851601,5221920,
data/raw/external/river_water_dataset\2021\images\DJI_8161.JPG,0.47021727640408123,2455437,5221920,
data/raw/external/river_water_dataset\2021\images\DJI_8162.JPG,0.348796611208138,1821388,5221920,
data/raw/external/river_water_dataset\2021\images\DJI_8163.JPG,0.2216696157735086,1157541,5221920,
data/raw/external/river_water_dataset\2021\images\DJI_8164.JPG,0.09055596408983668,472876,5221920,
data/raw/external/river_water_dataset\2021\images\DJI_8179.JPG,0.02764538713729816,144362,5221920,
data/raw/external/river_water_dataset\2021\images\DJI_8180.JPG,0.13604976713545974,710441,5221920,
data/raw/external/river_water_dataset\2021\images\DJI_8181.JPG,0.1858029230627815,970248,5221920,
data/raw/external/river_water_dataset\2021\images\DJI_8182.JPG,0.22656704813555167,1183115,5221920,
data/raw/external/river_water_dataset\2021\images\DJI_8183.JPG,0.2755168596991145,1438727,5221920,
data/raw/external/river_water_dataset\2021\images\DJI_8184.JPG,0.3892824861353678,2032802,5221920,
data/raw/external/river_water_dataset\2021\images\DJI_8185.JPG,0.47808564665870024,2496525,5221920,
data/raw/external/river_water_dataset\2021\images\DJI_8186.JPG,0.39227659558170175,2048437,5221920,
data/raw/external/river_water_dataset\2021\images\DJI_8187.JPG,0.32542551398719244,1699346,5221920,
data/raw/external/river_water_dataset\2021\images\DJI_8188.JPG,0.3208247158133407,1675321,5221920,
data/raw/external/river_water_dataset\2021\images\DJI_8189.JPG,0.24535075221374514,1281202,5221920,
data/raw/external/river_water_dataset\2021\images\DJI_8190.JPG,0.12739624505928854,665253,5221920,
data/raw/external/river_water_dataset\2021\images\DJI_8191.JPG,0.09948179979777554,519486,5221920,
data/raw/external/river_water_dataset\2021\images\DJI_8192.JPG,0.08799368814535649,459496,5221920,
data/raw/external/river_water_dataset\2021\images\DJI_8193.JPG,0.0684895593957778,357647,5221920,
data/raw/external/river_water_dataset\2021\images\DJI_8194.JPG,0.01727697858259031,90219,5221920,
data/raw/external/river_water_dataset\2021\images\DJI_8195.JPG,0.02445230872935625,127688,5221920,
data/raw/external/river_water_dataset\2021\images\DJI_8196.JPG,0.07078143671293317,369615,5221920,
data/raw/external/river_water_dataset\2021\images\DJI_8197.JPG,0.10256936146091859,535609,5221920,
data/raw/external/river_water_dataset\2021\images\DJI_8198.JPG,0.00530245580169746,27689,5221920,
data/raw/external/river_water_dataset\2021\images\DJI_8199.JPG,0.1618073428930355,844945,5221920,
data/raw/external/river_water_dataset\2021\images\DJI_8200.JPG,0.11495771670190275,600300,5221920,
data/raw/external/river_water_dataset\2021\images\DJI_8201.JPG,0.15424173484082482,805438,5221920,
data/raw/external/river_water_dataset\2021\images\DJI_8202.JPG,0.16252336305420229,848684,5221920,
data/raw/external/river_water_dataset\2021\images\DJI_8203.JPG,0.20960317277936086,1094531,5221920,
data/raw/external/river_water_dataset\2021\images\DJI_8204.JPG,0.20660465882280846,1078873,5221920,
data/raw/external/river_water_dataset\2021\images\DJI_8205.JPG,0.1919479808193155,1002337,5221920,
data/raw/external/river_water_dataset\2021\images\DJI_8206.JPG,0.22760421454177773,1188531,5221920,
data/raw/external/river_water_dataset\2021\images\DJI_8207.JPG,0.22752397585562398,1188112,5221920,
data/raw/external/river_water_dataset\2021\images\DJI_8208.JPG,0.2558664246101051,1336114,5221920,
data/raw/external/river_water_dataset\2021\images\DJI_8209.JPG,0.18441358733952262,962993,5221920,
data/raw/external/river_water_dataset\2021\images\DJI_8210.JPG,0.18571138585041516,969770,5221920,
data/raw/external/river_water_dataset\2021\images\DJI_8211.JPG,0.1789068005637773,934237,5221920,
data/raw/external/river_water_dataset\2021\images\DJI_8212.JPG,0.12948762141128167,676174,5221920,
data/raw/external/river_water_dataset\2021\images\DJI_8213.JPG,0.06464288997150473,337560,5221920,
data/raw/external/river_water_dataset\2021\images\DJI_8214.JPG,0.00208084382755768,10866,5221920,
data/raw/external/river_water_dataset\2021\images\DJI_8226.JPG,0.013086948861721358,68339,5221920,
data/raw/external/river_water_dataset\2021\images\DJI_8227.JPG,0.11060069859362073,577548,5221920,
data/raw/external/river_water_dataset\2021\images\DJI_8228.JPG,0.13055332138370562,681739,5221920,
data/raw/external/river_water_dataset\2021\images\DJI_8229.JPG,0.1291088335324938,674196,5221920,
data/raw/external/river_water_dataset\2021\images\DJI_8230.JPG,0.1282781046052027,669858,5221920,
data/raw/external/river_water_dataset\2021\images\DJI_8231.JPG,0.14250467261084046,744148,5221920,
data/raw/external/river_water_dataset\2021\images\DJI_8232.JPG,0.1005178172013359,524896,5221920,
data/raw/external/river_water_dataset\2021\images\DJI_8233.JPG,0.024048051291478995,125577,5221920,
data/raw/external/river_water_dataset\2021\images\DJI_8235.JPG,0.01492822563348347,77954,5221920,
data/raw/external/river_water_dataset\2021\images\DJI_8236.JPG,0.12251183472745657,639747,5221920,
data/raw/external/river_water_dataset\2021\images\DJI_8237.JPG,0.19948773631154823,1041709,5221920,
data/raw/external/river_water_dataset\2021\images\DJI_8238.JPG,0.2052584106995128,1071843,5221920,
data/raw/external/river_water_dataset\2021\images\DJI_8239.JPG,0.20297189539479732,1059903,5221920,
data/raw/external/river_water_dataset\2021\images\DJI_8240.JPG,0.2090212029291908,1091492,5221920,
data/raw/external/river_water_dataset\2021\images\DJI_8241.JPG,0.1799364984526764,939614,5221920,
data/raw/external/river_water_dataset\2021\images\DJI_8242.JPG,0.07688455587216962,401485,5221920,
data/raw/external/river_water_dataset\2021\images\DJI_8243.JPG,0.07266158807488433,379433,5221920,
data/raw/external/river_water_dataset\2021\images\DJI_8244.JPG,0.16259862272880474,849077,5221920,
data/raw/external/river_water_dataset\2021\images\DJI_8245.JPG,0.21034715200539264,1098416,5221920,
data/raw/external/river_water_dataset\2021\images\DJI_8246.JPG,0.21103234059503018,1101994,5221920,
data/raw/external/river_water_dataset\2021\images\DJI_8247.JPG,0.20594647179581457,1075436,5221920,
data/raw/external/river_water_dataset\2021\images\DJI_8248.JPG,0.19475595183380826,1017000,5221920,
data/raw/external/river_water_dataset\2021\images\DJI_8249.JPG,0.11145459907466986,582007,5221920,
data/raw/external/river_water_dataset\2021\images\DJI_8250.JPG,0.038050180776419404,198695,5221920,
data/raw/external/river_water_dataset\2021\images\DJI_8251.JPG,0.002758372399423967,14404,5221920,
data/raw/external/river_water_dataset\2021\images\DJI_8252.JPG,0.02599905781781414,135765,5221920,
data/raw/external/river_water_dataset\2021\images\DJI_8253.JPG,0.080531107332169,420527,5221920,
data/raw/external/river_water_dataset\2021\images\DJI_8254.JPG,0.14625808131874865,763748,5221920,
data/raw/external/river_water_dataset\2021\images\DJI_8255.JPG,0.13740252627386096,717505,5221920,
data/raw/external/river_water_dataset\2021\images\DJI_8256.JPG,0.14198168489750895,741417,5221920,
data/raw/external/river_water_dataset\2021\images\DJI_8257.JPG,0.14396122499004196,751754,5221920,
data/raw/external/river_water_dataset\2021\images\DJI_8258.JPG,0.1868467919845574,975699,5221920,
data/raw/external/river_water_dataset\2021\images\DJI_8259.JPG,0.22742343812237645,1187587,5221920,
data/raw/external/river_water_dataset\2021\images\DJI_8260.JPG,0.24974472990777338,1304147,5221920,
data/raw/external/river_water_dataset\2021\images\DJI_8261.JPG,0.19184725158562368,1001811,5221920,
data/raw/external/river_water_dataset\2021\images\DJI_8262.JPG,0.1362433740846279,711452,5221920,
data/raw/external/river_water_dataset\2021\images\DJI_8263.JPG,0.06927949872843706,361772,5221920,
data/raw/external/river_water_dataset\2021\images\DJI_8264.JPG,0.06028625486411129,314810,5221920,
data/raw/external/river_water_dataset\2021\images\DJI_8265.JPG,0.07626964794558323,398274,5221920,
data/raw/external/river_water_dataset\2021\images\DJI_8266.JPG,0.09268123602046757,483974,5221920,
data/raw/external/river_water_dataset\2021\images\DJI_8267.JPG,0.14020302877102675,732129,5221920,
data/raw/external/river_water_dataset\2021\images\DJI_8268.JPG,0.168854942243466,881747,5221920,
data/raw/external/river_water_dataset\2021\images\DJI_8269.JPG,0.17611932009682263,919681,5221920,
data/raw/external/river_water_dataset\2021\images\DJI_8270.JPG,0.1485825137114318,775886,5221920,
data/raw/external/river_water_dataset\2021\images\DJI_8271.JPG,0.1029761084045715,537733,5221920,
data/raw/external/river_water_dataset\2021\images\DJI_8272.JPG,0.0610250635781475,318668,5221920,
data/raw/external/river_water_dataset\2021\images\DJI_8273.JPG,0.016972684376627755,88630,5221920,
data/raw/external/river_water_dataset\2021\images\DJI_8297.JPG,0.003705342096393664,19349,5221920,
data/raw/external/river_water_dataset\2021\images\DJI_8298.JPG,0.046174204124153566,241118,5221920,
data/raw/external/river_water_dataset\2021\images\DJI_8299.JPG,0.10844842510034623,566309,5221920,
data/raw/external/river_water_dataset\2021\images\DJI_8300.JPG,0.15158715568220119,791576,5221920,
data/raw/external/river_water_dataset\2021\images\DJI_8301.JPG,0.17444847872047062,910956,5221920,
data/raw/external/river_water_dataset\2021\images\DJI_8302.JPG,0.17200091154211478,898175,5221920,
data/raw/external/river_water_dataset\2021\images\DJI_8303.JPG,0.16016177957532862,836352,5221920,
data/raw/external/river_water_dataset\2021\images\DJI_8304.JPG,0.11185119649477587,584078,5221920,
data/raw/external/river_water_dataset\2021\images\DJI_8305.JPG,0.05354429022275332,279604,5221920,
data/raw/external/river_water_dataset\2021\images\DJI_8306.JPG,0.02332992462542513,121827,5221920,
data/raw/external/river_water_dataset\2021\images\DJI_8307.JPG,0.07648719245028648,399410,5221920,
data/raw/external/river_water_dataset\2021\images\DJI_8308.JPG,0.13023811165241903,680093,5221920,
data/raw/external/river_water_dataset\2021\images\DJI_8309.JPG,0.18846439623739927,984146,5221920,
data/raw/external/river_water_dataset\2021\images\DJI_8310.JPG,0.2400329763765052,1253433,5221920,
data/raw/external/river_water_dataset\2021\images\DJI_8311.JPG,0.2663223488678494,1390714,5221920,
data/raw/external/river_water_dataset\2021\images\DJI_8312.JPG,0.20882070196402855,1090445,5221920,
data/raw/external/river_water_dataset\2021\images\DJI_8313.JPG,0.17301662989858135,903479,5221920,
data/raw/external/river_water_dataset\2021\images\DJI_8314.JPG,0.18221267273340075,951500,5221920,
data/raw/external/river_water_dataset\2021\images\DJI_8315.JPG,0.1915866194809572,1000450,5221920,
data/raw/external/river_water_dataset\2021\images\DJI_8316.JPG,0.18480922725740723,965059,5221920,
data/raw/external/river_water_dataset\2021\images\DJI_8317.JPG,0.18740559028096945,978617,5221920,
data/raw/external/river_water_dataset\2021\images\DJI_8318.JPG,0.2559962619113276,1336792,5221920,
data/raw/external/river_water_dataset\2021\images\DJI_8319.JPG,0.2662187471274933,1390173,5221920,
data/raw/external/river_water_dataset\2021\images\DJI_8320.JPG,0.24730807825474155,1291423,5221920,
data/raw/external/river_water_dataset\2021\images\DJI_8321.JPG,0.18699616233109662,976479,5221920,
data/raw/external/river_water_dataset\2021\images\DJI_8322.JPG,0.13132889818304377,685789,5221920,
data/raw/external/river_water_dataset\2021\images\DJI_8323.JPG,0.05342038943530349,278957,5221920,
data/raw/external/river_water_dataset\2021\images\DJI_8324.JPG,0.02697858259031161,140880,5221920,
data/raw/external/river_water_dataset\2021\images\DJI_8325.JPG,0.08314872690504642,434196,5221920,
data/raw/external/river_water_dataset\2021\images\DJI_8326.JPG,0.13480022673652603,703916,5221920,
data/raw/external/river_water_dataset\2021\images\DJI_8327.JPG,0.16011984097803106,836133,5221920,
data/raw/external/river_water_dataset\2021\images\DJI_8328.JPG,0.17114720256150995,893717,5221920,
data/raw/external/river_water_dataset\2021\images\DJI_8329.JPG,0.1590715675460367,830659,5221920,
data/raw/external/river_water_dataset\2021\images\DJI_8330.JPG,0.12255262432208842,639960,5221920,
data/raw/external/river_water_dataset\2021\images\DJI_8331.JPG,0.055379821981186995,289189,5221920,
data/raw/external/river_water_dataset\2021\images\DJI_8332.JPG,0.0017736771149309066,9262,5221920,
data/raw/external/river_water_dataset\2021\images\DJI_8347.JPG,0.06997713484695285,365415,5221920,
data/raw/external/river_water_dataset\2021\images\DJI_8348.JPG,0.12707241780800932,663562,5221920,
data/raw/external/river_water_dataset\2021\images\DJI_8349.JPG,0.12577155529000827,656769,5221920,
data/raw/external/river_water_dataset\2021\images\DJI_8350.JPG,0.13347887367098693,697016,5221920,
data/raw/external/river_water_dataset\2021\images\DJI_8351.JPG,0.12061253332107731,629829,5221920,
data/raw/external/river_water_dataset\2021\images\DJI_8352.JPG,0.12380120721880075,646480,5221920,
data/raw/external/river_water_dataset\2021\images\DJI_8353.JPG,0.04427873272665993,231220,5221920,
data/raw/external/river_water_dataset\2021\images\DJI_8354.JPG,0.060856926188068754,317790,5221920,
data/raw/external/river_water_dataset\2021\images\DJI_8355.JPG,0.12542455648497106,654957,5221920,
data/raw/external/river_water_dataset\2021\images\DJI_8356.JPG,0.21381062904065937,1116502,5221920,
data/raw/external/river_water_dataset\2021\images\DJI_8357.JPG,0.25957406471183014,1355475,5221920,
data/raw/external/river_water_dataset\2021\images\DJI_8358.JPG,0.2673051291478996,1395846,5221920,
data/raw/external/river_water_dataset\2021\images\DJI_8359.JPG,0.2382642782731256,1244197,5221920,
data/raw/external/river_water_dataset\2021\images\DJI_8360.JPG,0.2055119572877409,1073167,5221920,
data/raw/external/river_water_dataset\2021\images\DJI_8361.JPG,0.20098105677605171,1049507,5221920,
data/raw/external/river_water_dataset\2021\images\DJI_8362.JPG,0.18761145325857156,979692,5221920,
data/raw/external/river_water_dataset\2021\images\DJI_8363.JPG,0.18103111499218677,945330,5221920,
data/raw/external/river_water_dataset\2021\images\DJI_8364.JPG,0.18934491528020345,988744,5221920,
data/raw/external/river_water_dataset\2021\images\DJI_8365.JPG,0.22723366118209395,1186596,5221920,
data/raw/external/river_water_dataset\2021\images\DJI_8366.JPG,0.25254427490271775,1318766,5221920,
data/raw/external/river_water_dataset\2021\images\DJI_8367.JPG,0.2495105248644177,1302924,5221920,
data/raw/external/river_water_dataset\2021\images\DJI_8368.JPG,0.18953239421515458,989723,5221920,
data/raw/external/river_water_dataset\2021\images\DJI_8369.JPG,0.151010547844471,788565,5221920,
data/raw/external/river_water_dataset\2021\images\DJI_8370.JPG,0.14343459876826914,749004,5221920,
data/raw/external/river_water_dataset\2021\images\DJI_8371.JPG,0.14659837760823605,765525,5221920,
data/raw/external/river_water_dataset\2021\images\DJI_8372.JPG,0.1300182691423844,678945,5221920,
data/raw/external/river_water_dataset\2021\images\DJI_8373.JPG,0.10270130526702823,536298,5221920,
data/raw/external/river_water_dataset\2021\images\DJI_8374.JPG,0.09879852621258081,515918,5221920,
data/raw/external/river_water_dataset\2021\images\DJI_8375.JPG,0.09058239115114747,473014,5221920,
data/raw/external/river_water_dataset\2021\images\DJI_8376.JPG,0.010818626099212551,56494,5221920,
data/raw/external/river_water_dataset\2021\images\DJI_8392.JPG,0.013576615497747954,70896,5221920,
data/raw/external/river_water_dataset\2021\images\DJI_8393.JPG,0.04918574011091706,256844,5221920,
data/raw/external/river_water_dataset\2021\images\DJI_8394.JPG,0.05931975212182492,309763,5221920,
data/raw/external/river_water_dataset\2021\images\DJI_8395.JPG,0.10195158102766798,532383,5221920,
data/raw/external/river_water_dataset\2021\images\DJI_8396.JPG,0.13382702147868983,698834,5221920,
data/raw/external/river_water_dataset\2021\images\DJI_8397.JPG,0.15399029475748383,804125,5221920,
data/raw/external/river_water_dataset\2021\images\DJI_8398.JPG,0.15297438490057297,798820,5221920,
data/raw/external/river_water_dataset\2021\images\DJI_8399.JPG,0.15461458620584,807385,5221920,
data/raw/external/river_water_dataset\2021\images\DJI_8400.JPG,0.1423832613291663,743514,5221920,
data/raw/external/river_water_dataset\2021\images\DJI_8401.JPG,0.2275360403836137,1188175,5221920,
data/raw/external/river_water_dataset\2021\images\DJI_8402.JPG,0.20241462910193952,1056993,5221920,
data/raw/external/river_water_dataset\2021\images\DJI_8403.JPG,0.1971813049606275,1029665,5221920,
data/raw/external/river_water_dataset\2021\images\DJI_8404.JPG,0.20290563624107608,1059557,5221920,
data/raw/external/river_water_dataset\2021\images\DJI_8405.JPG,0.22030383460489628,1150409,5221920,
data/raw/external/river_water_dataset\2021\images\DJI_8406.JPG,0.21545351135214633,1125081,5221920,
data/raw/external/river_water_dataset\2021\images\DJI_8407.JPG,0.22900618929435917,1195852,5221920,
data/raw/external/river_water_dataset\2021\images\DJI_8408.JPG,0.17826814658210008,930902,5221920,
data/raw/external/river_water_dataset\2021\images\DJI_8409.JPG,0.22064776940282502,1152205,5221920,
data/raw/external/river_water_dataset\2021\images\DJI_8410.JPG,0.23604689462879555,1232618,5221920,
data/raw/external/river_water_dataset\2021\images\DJI_8411.JPG,0.25133514109752736,1312452,5221920,
data/raw/external/river_water_dataset\2021\images\DJI_8412.JPG,0.24215614180224898,1264520,5221920,
data/raw/external/river_water_dataset\2021\images\DJI_8413.JPG,0.2534286239544076,1323384,5221920,
data/raw/external/river_water_dataset\2021\images\DJI_8414.JPG,0.18231876397953242,952054,5221920,
data/raw/external/river_water_dataset\2021\images\DJI_8415.JPG,0.1911452109568894,998145,5221920,
data/raw/external/river_water_dataset\2021\images\DJI_8416.JPG,0.15836761191285964,826983,5221920,
data/raw/external/river_water_dataset\2021\images\DJI_8417.JPG,0.16711879921561418,872681,5221920,
data/raw/external/river_water_dataset\2021\images\DJI_8418.JPG,0.2544428103073199,1328680,5221920,
data/raw/external/river_water_dataset\2021\images\DJI_8419.JPG,0.23020479057511414,1202111,5221920,
data/raw/external/river_water_dataset\2021\images\DJI_8420.JPG,0.20526702821950546,1071888,5221920,
data/raw/external/river_water_dataset\2021\images\DJI_8421.JPG,0.1670458375463431,872300,5221920,
data/raw/external/river_water_dataset\2021\images\DJI_8422.JPG,0.16938386647057022,884509,5221920,
data/raw/external/river_water_dataset\2021\images\DJI_8423.JPG,0.10344470999172718,540180,5221920,
data/raw/external/river_water_dataset\2021\images\DJI_8424.JPG,0.04619258816680455,241214,5221920,
data/raw/external/river_water_dataset\2021\images\DJI_8425.JPG,0.024380879063639428,127315,5221920,
data/raw/external/river_water_dataset\2021\images\DJI_8443.JPG,0.002848569108680332,14875,5221920,
data/raw/external/river_water_dataset\2021\images\DJI_8444.JPG,0.0761084045714986,397432,5221920,
data/raw/external/river_water_dataset\2021\images\DJI_8445.JPG,0.16583210773048992,865962,5221920,
data/raw/external/river_water_dataset\2021\images\DJI_8446.JPG,0.2291965407359745,1196846,5221920,
data/raw/external/river_water_dataset\2021\images\DJI_8447.JPG,0.23098534638600363,1206187,5221920,
data/raw/external/river_water_dataset\2021\images\DJI_8448.JPG,0.2408908983668842,1257913,5221920,
data/raw/external/river_water_dataset\2021\images\DJI_8449.JPG,0.30693576309097037,1602794,5221920,
data/raw/external/river_water_dataset\2021\images\DJI_8450.JPG,0.22434717498544596,1171523,5221920,
data/raw/external/river_water_dataset\2021\images\DJI_8451.JPG,0.13448635750834942,702277,5221920,
data/raw/external/river_water_dataset\2021\images\DJI_8452.JPG,0.06912859637834359,360984,5221920,
data/raw/external/river_water_dataset\2021\images\DJI_8453.JPG,0.09428486074087691,492348,5221920,
data/raw/external/river_water_dataset\2021\images\DJI_8454.JPG,0.10545374115267947,550671,5221920,
data/raw/external/river_water_dataset\2021\images\DJI_8455.JPG,0.10270187976836107,536301,5221920,
data/raw/external/river_water_dataset\2021\images\DJI_8456.JPG,0.10967690045040905,572724,5221920,
data/raw/external/river_water_dataset\2021\images\DJI_8457.JPG,0.1277286898305604,666989,5221920,
data/raw/external/river_water_dataset\2021\images\DJI_8458.JPG,0.05032459325305635,262791,5221920,
data/raw/external/river_water_dataset\2021\images\DJI_8459.JPG,0.17088963446395194,892372,5221920,
data/raw/external/river_water_dataset\2021\images\DJI_8460.JPG,0.26926111468578606,1406060,5221920,
data/raw/external/river_water_dataset\2021\images\DJI_8461.JPG,0.2820565998713117,1472877,5221920,
data/raw/external/river_water_dataset\2021\images\DJI_8462.JPG,0.2758339844348439,1440383,5221920,
data/raw/external/river_water_dataset\2021\images\DJI_8463.JPG,0.2688758157918926,1404048,5221920,
data/raw/external/river_water_dataset\2021\images\DJI_8464.JPG,0.2143908753868309,1119532,5221920,
data/raw/external/river_water_dataset\2021\images\DJI_8465.JPG,0.0945273003033367,493614,5221920,
data/raw/external/river_water_dataset\2021\images\DJI_8466.JPG,0.010388133100468794,54246,5221920,
data/raw/external/river_water_dataset\2021\images\DJI_8477.JPG,0.004895325857155988,25563,5221920,
data/raw/external/river_water_dataset\2021\images\DJI_8478.JPG,0.05531088182124583,288829,5221920,
data/raw/external/river_water_dataset\2021\images\DJI_8479.JPG,0.17407907436345252,909027,5221920,
data/raw/external/river_water_dataset\2021\images\DJI_8480.JPG,0.2916783481937678,1523121,5221920,
data/raw/external/river_water_dataset\2021\images\DJI_8481.JPG,0.3506219934430248,1830920,5221920,
data/raw/external/river_water_dataset\2021\images\DJI_8482.JPG,0.3526664521861691,1841596,5221920,
data/raw/external/river_water_dataset\2021\images\DJI_8483.JPG,0.30591870423139383,1597483,5221920,
data/raw/external/river_water_dataset\2021\images\DJI_8484.JPG,0.2298911128473818,1200473,5221920,
data/raw/external/river_water_dataset\2021\images\DJI_8485.JPG,0.1233452446609676,644099,5221920,
data/raw/external/river_water_dataset\2021\images\DJI_8486.JPG,0.03568802279621289,186360,5221920,
data/raw/external/river_water_dataset\2021\images\DJI_8487.JPG,0.0007257866838251064,3790,5221920,
data/raw/external/river_water_dataset\2021\images\DJI_8515.JPG,0.004735614486625609,24729,5221920,
data/raw/external/river_water_dataset\2021\images\DJI_8516.JPG,0.07992098691668964,417341,5221920,
data/raw/external/river_water_dataset\2021\images\DJI_8517.JPG,0.2224124459968747,1161420,5221920,
data/raw/external/river_water_dataset\2021\images\DJI_8518.JPG,0.3243919860894077,1693949,5221920,
data/raw/external/river_water_dataset\2021\images\DJI_8519.JPG,0.36129431320280664,1886650,5221920,
data/raw/external/river_water_dataset\2021\images\DJI_8520.JPG,0.36595007200416707,1910962,5221920,
data/raw/external/river_water_dataset\2021\images\DJI_8521.JPG,0.35589840518430005,1858473,5221920,
data/raw/external/river_water_dataset\2021\images\DJI_8522.JPG,0.2738059947299078,1429793,5221920,
data/raw/external/river_water_dataset\2021\images\DJI_8523.JPG,0.10806255170511996,564294,5221920,
data/raw/external/river_water_dataset\2021\images\DJI_8524.JPG,0.010282807856114226,53696,5221920,
data/raw/external/river_water_dataset\2021\images\DJI_8540.JPG,0.08618209394245795,450036,5221920,
data/raw/external/river_water_dataset\2021\images\DJI_8541.JPG,0.25277254343230077,1319958,5221920,
data/raw/external/river_water_dataset\2021\images\DJI_8542.JPG,0.3803424793945522,1986118,5221920,
data/raw/external/river_water_dataset\2021\images\DJI_8543.JPG,0.3808978306829672,1989018,5221920,
data/raw/external/river_water_dataset\2021\images\DJI_8544.JPG,0.37805309158317246,1974163,5221920,
data/raw/external/river_water_dataset\2021\images\DJI_8545.JPG,0.375509008180899,1960878,5221920,
data/raw/external/river_water_dataset\2021\images\DJI_8546.JPG,0.2849721941354904,1488102,5221920,
data/raw/external/river_water_dataset\2021\images\DJI_8547.JPG,0.12712182492263382,663820,5221920,
data/raw/external/river_water_dataset\2021\images\DJI_8572.JPG,0.0028391855869105615,14826,5221920,
data/raw/external/river_water_dataset\2021\images\DJI_8573.JPG,0.1352083141832889,706047,5221920,
data/raw/external/river_water_dataset\2021\images\DJI_8574.JPG,0.29811889113582746,1556753,5221920,
data/raw/external/river_water_dataset\2021\images\DJI_8575.JPG,0.39586033489597694,2067151,5221920,
data/raw/external/river_water_dataset\2021\images\DJI_8576.JPG,0.4275115283267457,2232431,5221920,
data/raw/external/river_water_dataset\2021\images\DJI_8577.JPG,0.4275904265097895,2232843,5221920,
data/raw/external/river_water_dataset\2021\images\DJI_8578.JPG,0.4191149998467996,2188585,5221920,
data/raw/external/river_water_dataset\2021\images\DJI_8579.JPG,0.2893705763397371,1511070,5221920,
data/raw/external/river_water_dataset\2021\images\DJI_8580.JPG,0.13094379078959464,683778,5221920,
data/raw/external/river_water_dataset\2021\images\DJI_8581.JPG,0.029524580997027913,154175,5221920,
data/raw/external/river_water_dataset\2021\images\DJI_8602.JPG,0.020809778778686765,108667,5221920,
data/raw/external/river_water_dataset\2021\images\DJI_8603.JPG,0.0829258203879033,433032,5221920,
data/raw/external/river_water_dataset\2021\images\DJI_8604.JPG,0.16959221895394797,885597,5221920,
data/raw/external/river_water_dataset\2021\images\DJI_8605.JPG,0.32488969574409415,1696548,5221920,
data/raw/external/river_water_dataset\2021\images\DJI_8606.JPG,0.43584620216318903,2275954,5221920,
data/raw/external/river_water_dataset\2021\images\DJI_8607.JPG,0.47099093819897664,2459477,5221920,
data/raw/external/river_water_dataset\2021\images\DJI_8608.JPG,0.4556218785427582,2379221,5221920,
data/raw/external/river_water_dataset\2021\images\DJI_8609.JPG,0.4053143288292429,2116519,5221920,
data/raw/external/river_water_dataset\2021\images\DJI_8610.JPG,0.30611537518767046,1598510,5221920,
data/raw/external/river_water_dataset\2021\images\DJI_8611.JPG,0.14329269693905688,748263,5221920,
data/raw/external/river_water_dataset\2021\images\DJI_8612.JPG,0.02675778257805558,139727,5221920,
data/raw/external/river_water_dataset\2021\images\DJI_8633.JPG,0.016744224346600483,87437,5221920,
data/raw/external/river_water_dataset\2021\images\DJI_8634.JPG,0.09530191960045348,497659,5221920,
data/raw/external/river_water_dataset\2021\images\DJI_8635.JPG,0.2128006556975212,1111228,5221920,
data/raw/external/river_water_dataset\2021\images\DJI_8636.JPG,0.33322302907742746,1740064,5221920,
data/raw/external/river_water_dataset\2021\images\DJI_8637.JPG,0.4184713668535711,2185224,5221920,
data/raw/external/river_water_dataset\2021\images\DJI_8638.JPG,0.4822193752489506,2518111,5221920,
data/raw/external/river_water_dataset\2021\images\DJI_8639.JPG,0.4999534653920397,2610717,5221920,
data/raw/external/river_water_dataset\2021\images\DJI_8640.JPG,0.41902997364953887,2188141,5221920,
data/raw/external/river_water_dataset\2021\images\DJI_8641.JPG,0.2905450485645127,1517203,5221920,
data/raw/external/river_water_dataset\2021\images\DJI_8642.JPG,0.24622150473389098,1285749,5221920,
data/raw/external/river_water_dataset\2021\images\DJI_8643.JPG,0.14822498238195914,774019,5221920,
data/raw/external/river_water_dataset\2021\images\DJI_8644.JPG,0.0737460550908478,385096,5221920,
data/raw/external/river_water_dataset\2021\images\DJI_8645.JPG,0.03151331311088642,164560,5221920,
data/raw/external/river_water_dataset\2021\images\DJI_8667.JPG,0.052088886846217486,272004,5221920,
data/raw/external/river_water_dataset\2021\images\DJI_8668.JPG,0.09342713025094218,487869,5221920,
data/raw/external/river_water_dataset\2021\images\DJI_8669.JPG,0.16342896865520729,853413,5221920,
data/raw/external/river_water_dataset\2021\images\DJI_8670.JPG,0.2678313723687839,1398594,5221920,
data/raw/external/river_water_dataset\2021\images\DJI_8671.JPG,0.3705481891717989,1934973,5221920,
data/raw/external/river_water_dataset\2021\images\DJI_8672.JPG,0.35707823942151545,1864634,5221920,
data/raw/external/river_water_dataset\2021\images\DJI_8673.JPG,0.4489911756595275,2344596,5221920,
data/raw/external/river_water_dataset\2021\images\DJI_8674.JPG,0.45322831448968964,2366722,5221920,
data/raw/external/river_water_dataset\2021\images\DJI_8675.JPG,0.42768177222171155,2233320,5221920,
data/raw/external/river_water_dataset\2021\images\DJI_8676.JPG,0.37239252995066946,1944604,5221920,
data/raw/external/river_water_dataset\2021\images\DJI_8677.JPG,0.292378282317615,1526776,5221920,
data/raw/external/river_water_dataset\2021\images\DJI_8678.JPG,0.17247487514171034,900650,5221920,
data/raw/external/river_water_dataset\2021\images\DJI_8679.JPG,0.07530697521218249,393247,5221920,
data/raw/external/river_water_dataset\2021\images\DJI_8680.JPG,0.011668313570487483,60931,5221920,
data/raw/external/river_water_dataset\2021\images\DJI_8696.JPG,0.00595834482335999,31114,5221920,
data/raw/external/river_water_dataset\2021\images\DJI_8697.JPG,0.050662400036768085,264555,5221920,
data/raw/external/river_water_dataset\2021\images\DJI_8698.JPG,0.1157800196096455,604594,5221920,
data/raw/external/river_water_dataset\2021\images\DJI_8699.JPG,0.19494170726476084,1017970,5221920,
data/raw/external/river_water_dataset\2021\images\DJI_8700.JPG,0.28820433863406564,1504980,5221920,
data/raw/external/river_water_dataset\2021\images\DJI_8701.JPG,0.3255118806875632,1699797,5221920,
data/raw/external/river_water_dataset\2021\images\DJI_8702.JPG,0.37263554401446214,1945873,5221920,
data/raw/external/river_water_dataset\2021\images\DJI_8703.JPG,0.3970654471918375,2073444,5221920,
data/raw/external/river_water_dataset\2021\images\DJI_8704.JPG,0.5029404893219352,2626315,5221920,
data/raw/external/river_water_dataset\2021\images\DJI_8705.JPG,0.42816933235285104,2235866,5221920,
data/raw/external/river_water_dataset\2021\images\DJI_8706.JPG,0.4054795937126574,2117382,5221920,
data/raw/external/river_water_dataset\2021\images\DJI_8707.JPG,0.31408658118086835,1640135,5221920,
data/raw/external/river_water_dataset\2021\images\DJI_8708.JPG,0.24335187057633972,1270764,5221920,
data/raw/external/river_water_dataset\2021\images\DJI_8709.JPG,0.16122977755308393,841929,5221920,
data/raw/external/river_water_dataset\2021\images\DJI_8710.JPG,0.07132912798357692,372475,5221920,
data/raw/external/river_water_dataset\2021\images\DJI_8711.JPG,0.020830269326224837,108774,5221920,
data/raw/external/river_water_dataset\2021\images\DJI_8712.JPG,0.012820954744615008,66950,5221920,
data/raw/external/river_water_dataset\2021\images\DJI_8713.JPG,0.012081188528357385,63087,5221920,
data/raw/external/river_water_dataset\2021\images\DJI_8714.JPG,0.012964771578270062,67701,5221920,
data/raw/external/river_water_dataset\2021\images\DJI_8715.JPG,0.005476338205104636,28597,5221920,
data/raw/external/river_water_dataset\2021\images\DJI_8724.JPG,0.0035052241321199863,18304,5221920,
data/raw/external/river_water_dataset\2021\images\DJI_8725.JPG,0.02088886846217483,109080,5221920,
data/raw/external/river_water_dataset\2021\images\DJI_8726.JPG,0.043600629653460794,227679,5221920,
data/raw/external/river_water_dataset\2021\images\DJI_8727.JPG,0.046227441247663696,241396,5221920,
data/raw/external/river_water_dataset\2021\images\DJI_8728.JPG,0.059772267671661,312126,5221920,
data/raw/external/river_water_dataset\2021\images\DJI_8729.JPG,0.06869293286760425,358709,5221920,
data/raw/external/river_water_dataset\2021\images\DJI_8730.JPG,0.1599913441799185,835462,5221920,
data/raw/external/river_water_dataset\2021\images\DJI_8731.JPG,0.2220926402549254,1159750,5221920,
data/raw/external/river_water_dataset\2021\images\DJI_8732.JPG,0.32833708674204126,1714550,5221920,
data/raw/external/river_water_dataset\2021\images\DJI_8733.JPG,0.460725556883292,2405872,5221920,
data/raw/external/river_water_dataset\2021\images\DJI_8734.JPG,0.4700824600913074,2454733,5221920,
data/raw/external/river_water_dataset\2021\images\DJI_8735.JPG,0.546545906486503,2854019,5221920,
data/raw/external/river_water_dataset\2021\images\DJI_8736.JPG,0.5241614195544934,2737129,5221920,
data/raw/external/river_water_dataset\2021\images\DJI_8737.JPG,0.47091587002481844,2459085,5221920,
data/raw/external/river_water_dataset\2021\images\DJI_8738.JPG,0.3448762141128167,1800916,5221920,
data/raw/external/river_water_dataset\2021\images\DJI_8739.JPG,0.27536212734013543,1437919,5221920,
data/raw/external/river_water_dataset\2021\images\DJI_8740.JPG,0.20797580200386065,1086033,5221920,
data/raw/external/river_water_dataset\2021\images\DJI_8741.JPG,0.13700765235775347,715443,5221920,
data/raw/external/river_water_dataset\2021\images\DJI_8742.JPG,0.07907455495296749,412921,5221920,
data/raw/external/river_water_dataset\2021\images\DJI_8743.JPG,0.034241428440113984,178806,5221920,
data/raw/external/river_water_dataset\2021\images\DJI_8744.JPG,0.00773259643962374,40379,5221920,
data/raw/external/river_water_dataset\2021\images\DJI_8750.JPG,0.002964809878358918,15482,5221920,
data/raw/external/river_water_dataset\2021\images\DJI_8751.JPG,0.0037175981248276494,19413,5221920,
data/raw/external/river_water_dataset\2021\images\DJI_8752.JPG,0.002363115482427919,12340,5221920,
data/raw/external/river_water_dataset\2021\images\DJI_8756.JPG,0.004441661304654227,23194,5221920,
data/raw/external/river_water_dataset\2021\images\DJI_8757.JPG,0.00312681925422067,16328,5221920,
data/raw/external/river_water_dataset\2021\images\DJI_8759.JPG,0.021907650825749917,114400,5221920,
data/raw/external/river_water_dataset\2021\images\DJI_8760.JPG,0.1524550356956828,796108,5221920,
data/raw/external/river_water_dataset\2021\images\DJI_8761.JPG,0.3059047246989613,1597410,5221920,
data/raw/external/river_water_dataset\2021\images\DJI_8762.JPG,0.42523267303980145,2220531,5221920,
data/raw/external/river_water_dataset\2021\images\DJI_8763.JPG,0.5399339706468119,2819492,5221920,
data/raw/external/river_water_dataset\2021\images\DJI_8764.JPG,0.5367196356895548,2802707,5221920,
data/raw/external/river_water_dataset\2021\images\DJI_8765.JPG,0.58446088794926,3052008,5221920,
data/raw/external/river_water_dataset\2021\images\DJI_8766.JPG,0.5490781168612311,2867242,5221920,
data/raw/external/river_water_dataset\2021\images\DJI_8767.JPG,0.43743297484450167,2284240,5221920,
data/raw/external/river_water_dataset\2021\images\DJI_8768.JPG,0.2927630067101756,1528785,5221920,
data/raw/external/river_water_dataset\2021\images\DJI_8769.JPG,0.13816603854520942,721492,5221920,
data/raw/external/river_water_dataset\2021\images\DJI_8770.JPG,0.07242623402886295,378204,5221920,
data/raw/external/river_water_dataset\2021\images\DJI_8771.JPG,0.15098871679382297,788451,5221920,
data/raw/external/river_water_dataset\2021\images\DJI_8772.JPG,0.14959689156478842,781183,5221920,
data/raw/external/river_water_dataset\2021\images\DJI_8773.JPG,0.14584922787020865,761613,5221920,
data/raw/external/river_water_dataset\2021\images\DJI_8774.JPG,0.16751807764194013,874766,5221920,
data/raw/external/river_water_dataset\2021\images\DJI_8775.JPG,0.17299192634126911,903350,5221920,
data/raw/external/river_water_dataset\2021\images\DJI_8776.JPG,0.12498295646045898,652651,5221920,
data/raw/external/river_water_dataset\2021\images\DJI_8777.JPG,0.09940998713117015,519111,5221920,
data/raw/external/river_water_dataset\2021\images\DJI_8778.JPG,0.09416000245120569,491696,5221920,
data/raw/external/river_water_dataset\2021\images\DJI_8779.JPG,0.3415351058614456,1783469,5221920,
data/raw/external/river_water_dataset\2021\images\DJI_8780.JPG,0.433371250421301,2263030,5221920,
data/raw/external/river_water_dataset\2021\images\DJI_8781.JPG,0.4860131905506021,2537922,5221920,
data/raw/external/river_water_dataset\2021\images\DJI_8782.JPG,0.5442071115604988,2841806,5221920,
data/raw/external/river_water_dataset\2021\images\DJI_8783.JPG,0.49240681588381285,2571309,5221920,
data/raw/external/river_water_dataset\2021\images\DJI_8784.JPG,0.3864511520666728,2018017,5221920,
data/raw/external/river_water_dataset\2021\images\DJI_8785.JPG,0.21605520574807732,1128223,5221920,
data/raw/external/river_water_dataset\2021\images\DJI_8786.JPG,0.09605336734381224,501583,5221920,
data/raw/external/river_water_dataset\2021\images\DJI_8787.JPG,0.025797982351319054,134715,5221920,
data/raw/external/river_water_dataset\2021\images\DJI_8794.JPG,0.003906992064221589,20402,5221920,
data/raw/external/river_water_dataset\2021\images\DJI_8795.JPG,0.003985124245488249,20810,5221920,
data/raw/external/river_water_dataset\2021\images\DJI_8796.JPG,0.003996997273033673,20872,5221920,
data/raw/external/river_water_dataset\2021\images\DJI_8797.JPG,0.0031503738088672364,16451,5221920,
data/raw/external/river_water_dataset\2021\images\DJI_8798.JPG,0.0037423016821399027,19542,5221920,
data/raw/external/river_water_dataset\2021\images\DJI_8799.JPG,0.0035919738333792936,18757,5221920,
data/raw/external/river_water_dataset\2021\images\DJI_8800.JPG,0.003005216472102215,15693,5221920,
data/raw/external/river_water_dataset\2021\images\DJI_8801.JPG,0.003670680515978797,19168,5221920,
data/raw/external/river_water_dataset\2021\images\DJI_8802.JPG,0.0036191668964672,18899,5221920,
data/raw/external/river_water_dataset\2021\images\DJI_8803.JPG,0.0031494163066458315,16446,5221920,
data/raw/external/river_water_dataset\2021\images\DJI_8804.JPG,0.0031026901982412597,16202,5221920,
data/raw/external/river_water_dataset\2021\images\DJI_8805.JPG,0.0031936529092747496,16677,5221920,
data/raw/external/river_water_dataset\2021\images\DJI_8806.JPG,0.003465583540153813,18097,5221920,
data/raw/external/river_water_dataset\2021\images\DJI_8807.JPG,0.0035668872751784785,18626,5221920,
data/raw/external/river_water_dataset\2021\images\DJI_8808.JPG,0.003183694886172136,16625,5221920,
data/raw/external/river_water_dataset\2021\images\DJI_8809.JPG,0.0030111529858749273,15724,5221920,
data/raw/external/river_water_dataset\2021\images\DJI_8810.JPG,0.003602123356926188,18810,5221920,
data/raw/external/river_water_dataset\2021\images\DJI_8811.JPG,0.0015607286208904005,8150,5221920,
data/raw/external/river_water_dataset\2021\images\DJI_8812.JPG,0.0037298541532616355,19477,5221920,
data/raw/external/river_water_dataset\2021\images\DJI_8813.JPG,0.00391273707755002,20432,5221920,
data/raw/external/river_water_dataset\2021\images\DJI_8814.JPG,0.0036373594386738977,18994,5221920,
data/raw/external/river_water_dataset\2021\images\DJI_8815.JPG,0.0038292428838434906,19996,5221920,
data/raw/external/river_water_dataset\2021\images\DJI_8816.JPG,0.0038675429726996967,20196,5221920,
data/raw/external/river_water_dataset\2021\images\DJI_8817.JPG,0.002934935809051077,15326,5221920,
data/raw/external/river_water_dataset\2021\images\DJI_8818.JPG,0.0025975120262279007,13564,5221920,
data/raw/external/river_water_dataset\2021\images\DJI_8825.JPG,0.001781911634034991,9305,5221920,
data/raw/external/river_water_dataset\2021\images\DJI_8826.JPG,0.025571054324846035,133530,5221920,
data/raw/external/river_water_dataset\2021\images\DJI_8827.JPG,0.0800224821521586,417871,5221920,
data/raw/external/river_water_dataset\2021\images\DJI_8828.JPG,0.20580763397371082,1074711,5221920,
data/raw/external/river_water_dataset\2021\images\DJI_8829.JPG,0.3201282286974906,1671684,5221920,
data/raw/external/river_water_dataset\2021\images\DJI_8830.JPG,0.3253008471979655,1698695,5221920,
data/raw/external/river_water_dataset\2021\images\DJI_8831.JPG,0.09249241658240648,482988,5221920,
data/raw/external/river_water_dataset\2021\images\DJI_8832.JPG,0.21039081410668872,1098644,5221920,
data/raw/external/river_water_dataset\2021\images\DJI_8833.JPG,0.3395147761742807,1772919,5221920,
data/raw/external/river_water_dataset\2021\images\DJI_8834.JPG,0.24481933848086526,1278427,5221920,
data/raw/external/river_water_dataset\2021\images\DJI_8835.JPG,0.26243871985783007,1370434,5221920,
data/raw/external/river_water_dataset\2021\images\DJI_8836.JPG,0.21220106780647732,1108097,5221920,
data/raw/external/river_water_dataset\2021\images\DJI_8837.JPG,0.2246738747433894,1173229,5221920,
data/raw/external/river_water_dataset\2021\images\DJI_8838.JPG,0.20225051322119067,1056136,5221920,
data/raw/external/river_water_dataset\2021\images\DJI_8839.JPG,0.19708095872782425,1029141,5221920,
data/raw/external/river_water_dataset\2021\images\DJI_8840.JPG,0.19916065355271625,1040001,5221920,
data/raw/external/river_water_dataset\2021\images\DJI_8841.JPG,0.27166310475840305,1418603,5221920,
data/raw/external/river_water_dataset\2021\images\DJI_8842.JPG,0.2855070548763673,1490895,5221920,
data/raw/external/river_water_dataset\2021\images\DJI_8843.JPG,0.2814298189171799,1469604,5221920,
data/raw/external/river_water_dataset\2021\images\DJI_8844.JPG,0.2259760777645004,1180029,5221920,
data/raw/external/river_water_dataset\2021\images\DJI_8845.JPG,0.25187517235039986,1315272,5221920,
data/raw/external/river_water_dataset\2021\images\DJI_8846.JPG,0.28227835738578916,1474035,5221920,
data/raw/external/river_water_dataset\2021\images\DJI_8847.JPG,0.21815405061739743,1139183,5221920,
data/raw/external/river_water_dataset\2021\images\DJI_8848.JPG,0.30530149829947606,1594260,5221920,
data/raw/external/river_water_dataset\2021\images\DJI_8849.JPG,0.27033370867420414,1411661,5221920,
data/raw/external/river_water_dataset\2021\images\DJI_8850.JPG,0.18646494009866102,973705,5221920,
data/raw/external/river_water_dataset\2021\images\DJI_8851.JPG,0.11349446180715139,592659,5221920,
data/raw/external/river_water_dataset\2021\images\DJI_8852.JPG,0.05459850016852039,285109,5221920,
data/raw/external/river_water_dataset\2021\images\DJI_8853.JPG,0.015965200539265253,83369,5221920,
data/raw/external/river_water_dataset\2021\images\DJI_8878.JPG,0.005240601158194687,27366,5221920,
data/raw/external/river_water_dataset\2021\images\DJI_8879.JPG,0.02811571222845237,146818,5221920,
data/raw/external/river_water_dataset\2021\images\DJI_8880.JPG,0.06937065293991482,362248,5221920,
data/raw/external/river_water_dataset\2021\images\DJI_8881.JPG,0.138703388791862,724298,5221920,
data/raw/external/river_water_dataset\2021\images\DJI_8882.JPG,0.07139730214174096,372831,5221920,
data/raw/external/river_water_dataset\2021\images\DJI_8883.JPG,0.07657853816220854,399887,5221920,
data/raw/external/river_water_dataset\2021\images\DJI_8884.JPG,0.0835506863375923,436295,5221920,
data/raw/external/river_water_dataset\2021\images\DJI_8885.JPG,0.15372238563593468,802726,5221920,
data/raw/external/river_water_dataset\2021\images\DJI_8886.JPG,0.18297350399852927,955473,5221920,
data/raw/external/river_water_dataset\2021\images\DJI_8887.JPG,0.25008023868615376,1305899,5221920,
data/raw/external/river_water_dataset\2021\images\DJI_8888.JPG,0.28102824248552255,1467507,5221920,
data/raw/external/river_water_dataset\2021\images\DJI_8889.JPG,0.28892840181389223,1508761,5221920,
data/raw/external/river_water_dataset\2021\images\DJI_8890.JPG,0.21314324999234,1113017,5221920,
data/raw/external/river_water_dataset\2021\images\DJI_8891.JPG,0.2766363712963814,1444573,5221920,
data/raw/external/river_water_dataset\2021\images\DJI_8892.JPG,0.27250896222079235,1423020,5221920,
data/raw/external/river_water_dataset\2021\images\DJI_8893.JPG,0.35070529613628704,1831355,5221920,
data/raw/external/river_water_dataset\2021\images\DJI_8894.JPG,0.33526940282501455,1750750,5221920,
data/raw/external/river_water_dataset\2021\images\DJI_8895.JPG,0.33172109109293135,1732221,5221920,
data/raw/external/river_water_dataset\2021\images\DJI_8896.JPG,0.288644789655912,1507280,5221920,
data/raw/external/river_water_dataset\2021\images\DJI_8897.JPG,0.3180060207739682,1660602,5221920,
data/raw/external/river_water_dataset\2021\images\DJI_8898.JPG,0.26774577167019026,1398147,5221920,
data/raw/external/river_water_dataset\2021\images\DJI_8899.JPG,0.180122253883629,940584,5221920,
data/raw/external/river_water_dataset\2021\images\DJI_8900.JPG,0.09146808070594724,477639,5221920,
data/raw/external/river_water_dataset\2021\images\DJI_8901.JPG,0.02672369549897356,139549,5221920,
data/raw/external/river_water_dataset\2021\images\DJI_8902.JPG,0.004625501731164016,24154,5221920,
data/raw/external/river_water_dataset\2021\images\DJI_8937.JPG,0.0048392162269816465,25270,5221920,
data/raw/external/river_water_dataset\2021\images\DJI_8938.JPG,0.040230604835003216,210081,5221920,
data/raw/external/river_water_dataset\2021\images\DJI_8939.JPG,0.17550651867512332,916481,5221920,
data/raw/external/river_water_dataset\2021\images\DJI_8940.JPG,0.3171134372031743,1655941,5221920,
data/raw/external/river_water_dataset\2021\images\DJI_8941.JPG,0.33834853846860924,1766829,5221920,
data/raw/external/river_water_dataset\2021\images\DJI_8942.JPG,0.25832299230934214,1348942,5221920,
data/raw/external/river_water_dataset\2021\images\DJI_8943.JPG,0.3195192572846769,1668504,5221920,
data/raw/external/river_water_dataset\2021\images\DJI_8944.JPG,0.2480103103839201,1295090,5221920,
data/raw/external/river_water_dataset\2021\images\DJI_8945.JPG,0.269280839231547,1406163,5221920,
data/raw/external/river_water_dataset\2021\images\DJI_8946.JPG,0.2539274826117597,1325989,5221920,
data/raw/external/river_water_dataset\2021\images\DJI_8947.JPG,0.2043037809847719,1066858,5221920,
data/raw/external/river_water_dataset\2021\images\DJI_8948.JPG,0.2928805879829641,1529399,5221920,
data/raw/external/river_water_dataset\2021\images\DJI_8949.JPG,0.24082674571805007,1257578,5221920,
data/raw/external/river_water_dataset\2021\images\DJI_8950.JPG,0.17935893311272483,936598,5221920,
data/raw/external/river_water_dataset\2021\images\DJI_8951.JPG,0.29094739099794714,1519304,5221920,
data/raw/external/river_water_dataset\2021\images\DJI_8952.JPG,0.23900883200049025,1248085,5221920,
data/raw/external/river_water_dataset\2021\images\DJI_8953.JPG,0.12602127186935075,658073,5221920,
data/raw/external/river_water_dataset\2021\images\DJI_8954.JPG,0.049580997027913104,258908,5221920,
data/raw/external/river_water_dataset\2021\images\DJI_8968.JPG,0.1286425299506695,671761,5221920,
data/raw/external/river_water_dataset\2021\images\DJI_8969.JPG,0.1399448861721359,730781,5221920,
data/raw/external/river_water_dataset\2021\images\DJI_8970.JPG,0.15561785703342831,812624,5221920,
data/raw/external/river_water_dataset\2021\images\DJI_8971.JPG,0.18286166773906914,954889,5221920,
data/raw/external/river_water_dataset\2021\images\DJI_8972.JPG,0.16747307503753409,874531,5221920,
data/raw/external/river_water_dataset\2021\images\DJI_8973.JPG,0.24073827251279223,1257116,5221920,
data/raw/external/river_water_dataset\2021\images\DJI_8974.JPG,0.24410580782547414,1274701,5221920,
data/raw/external/river_water_dataset\2021\images\DJI_8975.JPG,0.20115704568434598,1050426,5221920,
data/raw/external/river_water_dataset\2021\images\DJI_8976.JPG,0.07671277997364954,400588,5221920,
data/raw/external/river_water_dataset\2021\images\DJI_8977.JPG,0.006917570548763673,36123,5221920,
data/raw/external/river_water_dataset\2021\images\DJI_9005.JPG,0.0038296258847320525,19998,5221920,
data/raw/external/river_water_dataset\2021\images\DJI_9006.JPG,0.0744911833195453,388987,5221920,
data/raw/external/river_water_dataset\2021\images\DJI_9007.JPG,0.16598722309035757,866772,5221920,
data/raw/external/river_water_dataset\2021\images\DJI_9008.JPG,0.19924912675797407,1040463,5221920,
data/raw/external/river_water_dataset\2021\images\DJI_9009.JPG,0.21046569078040261,1099035,5221920,
data/raw/external/river_water_dataset\2021\images\DJI_9010.JPG,0.2145603532800196,1120417,5221920,
data/raw/external/river_water_dataset\2021\images\DJI_9011.JPG,0.222347910347152,1161083,5221920,
data/raw/external/river_water_dataset\2021\images\DJI_9012.JPG,0.20351786316144255,1062754,5221920,
data/raw/external/river_water_dataset\2021\images\DJI_9013.JPG,0.10795741796120967,563745,5221920,
data/raw/external/river_water_dataset\2021\images\DJI_9014.JPG,0.17480658455127615,912826,5221920,
data/raw/external/river_water_dataset\2021\images\DJI_9015.JPG,0.2170508165578944,1133422,5221920,
data/raw/external/river_water_dataset\2021\images\DJI_9016.JPG,0.21989421515457916,1148270,5221920,
data/raw/external/river_water_dataset\2021\images\DJI_9017.JPG,0.22425659527530103,1171050,5221920,
data/raw/external/river_water_dataset\2021\images\DJI_9018.JPG,0.3004015764316573,1568673,5221920,
data/raw/external/river_water_dataset\2021\images\DJI_9019.JPG,0.2898521999571039,1513585,5221920,
data/raw/external/river_water_dataset\2021\images\DJI_9020.JPG,0.29138592701535065,1521594,5221920,
data/raw/external/river_water_dataset\2021\images\DJI_9021.JPG,0.2570211722891197,1342144,5221920,
data/raw/external/river_water_dataset\2021\images\DJI_9022.JPG,0.20692580506786776,1080550,5221920,
data/raw/external/river_water_dataset\2021\images\DJI_9023.JPG,0.10816347243925606,564821,5221920,
data/raw/external/river_water_dataset\2021\images\DJI_9024.JPG,0.03133157918926372,163611,5221920,
data/raw/external/river_water_dataset\2021\images\DJI_9025.JPG,0.003171630358182431,16562,5221920,
data/raw/external/river_water_dataset\2021\images\DJI_9046.JPG,0.03258935410730153,170179,5221920,
data/raw/external/river_water_dataset\2021\images\DJI_9047.JPG,0.10757058706376199,561725,5221920,
data/raw/external/river_water_dataset\2021\images\DJI_9048.JPG,0.2193760149523547,1145564,5221920,
data/raw/external/river_water_dataset\2021\images\DJI_9049.JPG,0.30614754726230964,1598678,5221920,
data/raw/external/river_water_dataset\2021\images\DJI_9050.JPG,0.35522987713331494,1854982,5221920,
data/raw/external/river_water_dataset\2021\images\DJI_9051.JPG,0.604519218984588,3156751,5221920,
data/raw/external/river_water_dataset\2021\images\DJI_9052.JPG,0.4409563915188283,2302639,5221920,
data/raw/external/river_water_dataset\2021\images\DJI_9053.JPG,0.29014462113552103,1515112,5221920,
data/raw/external/river_water_dataset\2021\images\DJI_9054.JPG,0.2698394460275148,1409080,5221920,
data/raw/external/river_water_dataset\2021\images\DJI_9055.JPG,0.3581833884854613,1870405,5221920,
data/raw/external/river_water_dataset\2021\images\DJI_9056.JPG,0.33672499770199465,1758351,5221920,
data/raw/external/river_water_dataset\2021\images\DJI_9057.JPG,0.2567580506786776,1340770,5221920,
data/raw/external/river_water_dataset\2021\images\DJI_9058.JPG,0.42548200661825536,2221833,5221920,
data/raw/external/river_water_dataset\2021\images\DJI_9059.JPG,0.462290115513068,2414042,5221920,
data/raw/external/river_water_dataset\2021\images\DJI_9060.JPG,0.45151955602537,2357799,5221920,
data/raw/external/river_water_dataset\2021\images\DJI_9061.JPG,0.41740681588381284,2179665,5221920,
data/raw/external/river_water_dataset\2021\images\DJI_9062.JPG,0.3284058354015381,1714909,5221920,
data/raw/external/river_water_dataset\2021\images\DJI_9063.JPG,0.21379741551000397,1116433,5221920,
data/raw/external/river_water_dataset\2021\images\DJI_9064.JPG,0.0662139596163863,345764,5221920,
data/raw/external/river_water_dataset\2021\images\DJI_9065.JPG,0.006676662989858136,34865,5221920,
data/raw/external/river_water_dataset\2021\images\DJI_9083.JPG,0.007603908141066888,39707,5221920,
data/raw/external/river_water_dataset\2021\images\DJI_9084.JPG,0.139550395256917,728721,5221920,
data/raw/external/river_water_dataset\2021\images\DJI_9085.JPG,0.24384440971903054,1273336,5221920,
data/raw/external/river_water_dataset\2021\images\DJI_9086.JPG,0.36235963017434203,1892213,5221920,
data/raw/external/river_water_dataset\2021\images\DJI_9087.JPG,0.47821797346569844,2497216,5221920,
data/raw/external/river_water_dataset\2021\images\DJI_9088.JPG,0.6323672135919355,3302171,5221920,
data/raw/external/river_water_dataset\2021\images\DJI_9089.JPG,0.566621855562705,2958854,5221920,
data/raw/external/river_water_dataset\2021\images\DJI_9090.JPG,0.40711558200815023,2125925,5221920,
data/raw/external/river_water_dataset\2021\images\DJI_9091.JPG,0.2885785305021908,1506934,5221920,
data/raw/external/river_water_dataset\2021\images\DJI_9092.JPG,0.2811092471734534,1467930,5221920,
data/raw/external/river_water_dataset\2021\images\DJI_9093.JPG,0.2747299843735638,1434618,5221920,
data/raw/external/river_water_dataset\2021\images\DJI_9094.JPG,0.24197364187884915,1263567,5221920,
data/raw/external/river_water_dataset\2021\images\DJI_9095.JPG,0.10073076569537641,526008,5221920,
data/raw/external/river_water_dataset\2021\images\DJI_9096.JPG,0.10208716334221896,533091,5221920,
data/raw/external/river_water_dataset\2021\images\DJI_9097.JPG,0.10584670006434414,552723,5221920,
data/raw/external/river_water_dataset\2021\images\DJI_9098.JPG,0.28089725618163436,1466823,5221920,
data/raw/external/river_water_dataset\2021\images\DJI_9099.JPG,0.34073788951190365,1779306,5221920,
data/raw/external/river_water_dataset\2021\images\DJI_9100.JPG,0.41225143242332324,2152744,5221920,
data/raw/external/river_water_dataset\2021\images\DJI_9101.JPG,0.47128412537917086,2461008,5221920,
data/raw/external/river_water_dataset\2021\images\DJI_9102.JPG,0.44157225694763613,2305855,5221920,
data/raw/external/river_water_dataset\2021\images\DJI_9103.JPG,0.44690420381775287,2333698,5221920,
data/raw/external/river_water_dataset\2021\images\DJI_9104.JPG,0.2747135153353556,1434532,5221920,
data/raw/external/river_water_dataset\2021\images\DJI_9105.JPG,0.28192829457364343,1472207,5221920,
data/raw/external/river_water_dataset\2021\images\DJI_9106.JPG,0.13937421484817844,727801,5221920,
data/raw/external/river_water_dataset\2021\images\DJI_9107.JPG,0.009827419799613935,51318,5221920,
data/raw/external/river_water_dataset\2021\images\DJI_9119.JPG,0.04870775500199161,254348,5221920,
data/raw/external/river_water_dataset\2021\images\DJI_9120.JPG,0.3048194916812207,1591743,5221920,
data/raw/external/river_water_dataset\2021\images\DJI_9121.JPG,0.3262700309464718,1703756,5221920,
data/raw/external/river_water_dataset\2021\images\DJI_9122.JPG,0.3486238778073965,1820486,5221920,
data/raw/external/river_water_dataset\2021\images\DJI_9123.JPG,0.4187065293991482,2186452,5221920,
data/raw/external/river_water_dataset\2021\images\DJI_9124.JPG,0.5839409642430371,3049293,5221920,
data/raw/external/river_water_dataset\2021\images\DJI_9125.JPG,0.44433809786438705,2320298,5221920,
data/raw/external/river_water_dataset\2021\images\DJI_9126.JPG,0.3297944051230199,1722160,5221920,
data/raw/external/river_water_dataset\2021\images\DJI_9127.JPG,0.28709114655146,1499167,5221920,
data/raw/external/river_water_dataset\2021\images\DJI_9128.JPG,0.26145440757422556,1365294,5221920,
data/raw/external/river_water_dataset\2021\images\DJI_9129.JPG,0.17936582712871893,936634,5221920,
data/raw/external/river_water_dataset\2021\images\DJI_9130.JPG,0.16761152985874928,875254,5221920,
data/raw/external/river_water_dataset\2021\images\DJI_9131.JPG,0.15679749977019947,818784,5221920,
data/raw/external/river_water_dataset\2021\images\DJI_9132.JPG,0.13474718111346018,703639,5221920,
data/raw/external/river_water_dataset\2021\images\DJI_9133.JPG,0.06089771578270062,318003,5221920,
data/raw/external/river_water_dataset\2021\images\DJI_9134.JPG,0.20923376842234273,1092602,5221920,
data/raw/external/river_water_dataset\2021\images\DJI_9135.JPG,0.2633259414161841,1375067,5221920,
data/raw/external/river_water_dataset\2021\images\DJI_9136.JPG,0.27523477954468856,1437254,5221920,
data/raw/external/river_water_dataset\2021\images\DJI_9137.JPG,0.22012842019793485,1149493,5221920,
data/raw/external/river_water_dataset\2021\images\DJI_9138.JPG,0.3362399270766308,1755818,5221920,
data/raw/external/river_water_dataset\2021\images\DJI_9139.JPG,0.44134877592916016,2304688,5221920,
data/raw/external/river_water_dataset\2021\images\DJI_9140.JPG,0.3069991497380274,1603125,5221920,
data/raw/external/river_water_dataset\2021\images\DJI_9141.JPG,0.23042329258203878,1203252,5221920,
data/raw/external/river_water_dataset\2021\images\DJI_9142.JPG,0.26141514998314797,1365089,5221920,
data/raw/external/river_water_dataset\2021\images\DJI_9143.JPG,0.3133862640561326,1636478,5221920,
data/raw/external/river_water_dataset\2021\images\DJI_9144.JPG,0.14964591567852437,781439,5221920,
data/raw/external/river_water_dataset\2021\images\DJI_9148.JPG,0.041439930140637925,216396,5221920,
data/raw/external/river_water_dataset\2021\images\DJI_9149.JPG,0.14479214541777738,756093,5221920,
data/raw/external/river_water_dataset\2021\images\DJI_9150.JPG,0.23690366761650888,1237092,5221920,
data/raw/external/river_water_dataset\2021\images\DJI_9151.JPG,0.12280712841253792,641289,5221920,
data/raw/external/river_water_dataset\2021\images\DJI_9152.JPG,0.20022999203358152,1045585,5221920,
data/raw/external/river_water_dataset\2021\images\DJI_9153.JPG,0.3117341897233202,1627851,5221920,
data/raw/external/river_water_dataset\2021\images\DJI_9154.JPG,0.3682201182706744,1922816,5221920,
data/raw/external/river_water_dataset\2021\images\DJI_9155.JPG,0.23721868584735117,1238737,5221920,
data/raw/external/river_water_dataset\2021\images\DJI_9156.JPG,0.23588852376137512,1231791,5221920,
data/raw/external/river_water_dataset\2021\images\DJI_9157.JPG,0.22558024634617152,1177962,5221920,
data/raw/external/river_water_dataset\2021\images\DJI_9158.JPG,0.3191027438183657,1666329,5221920,
data/raw/external/river_water_dataset\2021\images\DJI_9159.JPG,0.14848925299506696,775399,5221920,
data/raw/external/river_water_dataset\2021\images\DJI_9160.JPG,0.1654661503814689,864051,5221920,
data/raw/external/river_water_dataset\2021\images\DJI_9161.JPG,0.1699158547047829,887287,5221920,
data/raw/external/river_water_dataset\2021\images\DJI_9162.JPG,0.19980390354505623,1043360,5221920,
data/raw/external/river_water_dataset\2021\images\DJI_9163.JPG,0.20056530931151761,1047336,5221920,
data/raw/external/river_water_dataset\2021\images\DJI_9164.JPG,0.20085485798327052,1048848,5221920,
data/raw/external/river_water_dataset\2021\images\DJI_9165.JPG,0.21634800992738304,1129752,5221920,
data/raw/external/river_water_dataset\2021\images\DJI_9166.JPG,0.21653165885344855,1130711,5221920,
data/raw/external/river_water_dataset\2021\images\DJI_9167.JPG,0.18038173698562981,941939,5221920,
data/raw/external/river_water_dataset\2021\images\DJI_9168.JPG,0.11837982964120476,618170,5221920,
data/raw/external/river_water_dataset\2021\images\DJI_9169.JPG,0.02337224622361124,122048,5221920,
data/raw/external/river_water_dataset\2021\images\DJI_9170.JPG,0.0,0,5221920,
data/raw/external/river_water_dataset\2021\images\DJI_9172.JPG,0.27508809020436925,1436488,5221920,
data/raw/external/river_water_dataset\2021\images\DJI_9173.JPG,0.2581054478046389,1347806,5221920,
data/raw/external/river_water_dataset\2021\images\DJI_9174.JPG,0.2369103701320587,1237127,5221920,
data/raw/external/river_water_dataset\2021\images\DJI_9175.JPG,0.3645996108710972,1903910,5221920,
data/raw/external/river_water_dataset\2021\images\DJI_9176.JPG,0.3124191868125134,1631428,5221920,
data/raw/external/river_water_dataset\2021\images\DJI_9177.JPG,0.3401375356190826,1776171,5221920,
data/raw/external/river_water_dataset\2021\images\DJI_9178.JPG,0.2888851227134847,1508535,5221920,
data/raw/external/river_water_dataset\2021\images\DJI_9179.JPG,0.21102755308392315,1101969,5221920,
data/raw/external/river_water_dataset\2021\images\DJI_9180.JPG,0.1949775178478414,1018157,5221920,
data/raw/external/river_water_dataset\2021\images\DJI_9181.JPG,0.14245928700554586,743911,5221920,
data/raw/external/river_water_dataset\2021\images\DJI_9182.JPG,0.05957712871893863,311107,5221920,
data/raw/external/river_water_dataset\2021\images\DJI_9183.JPG,0.0032616355669945153,17032,5221920,
data/raw/external/river_water_dataset\2021\images\DJI_9184.JPG,0.01074049391794589,56086,5221920,
data/raw/external/river_water_dataset\2021\images\DJI_9185.JPG,0.003750536201243987,19585,5221920,
data/raw/external/river_water_dataset\2021\images\DJI_9186.JPG,0.005803803964825199,30307,5221920,
data/raw/external/river_water_dataset\2021\images\DJI_9187.JPG,0.0066960045347305205,34966,5221920,
data/raw/external/river_water_dataset\2021\images\DJI_9188.JPG,0.03698926831510249,193155,5221920,
data/raw/external/river_water_dataset\2021\images\DJI_9189.JPG,0.09630767993381745,502911,5221920,
data/raw/external/river_water_dataset\2021\images\DJI_9190.JPG,0.1725296442687747,900936,5221920,
data/raw/external/river_water_dataset\2021\images\DJI_9191.JPG,0.16324072371847903,852430,5221920,
data/raw/external/river_water_dataset\2021\images\DJI_9192.JPG,0.20728697490578177,1082436,5221920,
data/raw/external/river_water_dataset\2021\images\DJI_9193.JPG,0.3544027867144652,1850663,5221920,
data/raw/external/river_water_dataset\2021\images\DJI_9194.JPG,0.36495139718724146,1905747,5221920,
data/raw/external/river_water_dataset\2021\images\DJI_9195.JPG,0.4337058016974599,2264777,5221920,
data/raw/external/river_water_dataset\2021\images\DJI_9196.JPG,0.22752665686184392,1188126,5221920,
data/raw/external/river_water_dataset\2021\images\DJI_9197.JPG,0.3976646520819928,2076573,5221920,
data/raw/external/river_water_dataset\2021\images\DJI_9198.JPG,0.1662664307381193,868230,5221920,
data/raw/external/river_water_dataset\2021\images\DJI_9199.JPG,0.15204675674847565,793976,5221920,
data/raw/external/river_water_dataset\2021\images\DJI_9200.JPG,0.08166881147164261,426468,5221920,
data/raw/external/river_water_dataset\2021\images\DJI_9201.JPG,0.10555964089836689,551224,5221920,
data/raw/external/river_water_dataset\2021\images\DJI_9202.JPG,0.11062655115359868,577683,5221920,
data/raw/external/river_water_dataset\2021\images\DJI_9203.JPG,0.13004124919569812,679065,5221920,
data/raw/external/river_water_dataset\2021\images\DJI_9204.JPG,0.12678248613536783,662048,5221920,
data/raw/external/river_water_dataset\2021\images\DJI_9205.JPG,0.021781260532524434,113740,5221920,
data/raw/external/river_water_dataset\2021\images\DJI_9206.JPG,0.21097718846707725,1101706,5221920,
data/raw/external/river_water_dataset\2021\images\DJI_9207.JPG,0.4332419876214113,2262355,5221920,
data/raw/external/river_water_dataset\2021\images\DJI_9208.JPG,0.305349181910102,1594509,5221920,
data/raw/external/river_water_dataset\2021\images\DJI_9209.JPG,0.4014431473481018,2096304,5221920,
data/raw/external/river_water_dataset\2021\images\DJI_9210.JPG,0.4369046251187303,2281481,5221920,
data/raw/external/river_water_dataset\2021\images\DJI_9211.JPG,0.3632097006465055,1896652,5221920,
data/raw/external/river_water_dataset\2021\images\DJI_9212.JPG,0.2241610365536048,1170551,5221920,
data/raw/external/river_water_dataset\2021\images\DJI_9213.JPG,0.21329874835309617,1113829,5221920,
data/raw/external/river_water_dataset\2021\images\DJI_9214.JPG,0.20522202561509942,1071653,5221920,
data/raw/external/river_water_dataset\2021\images\DJI_9215.JPG,0.08290896834880657,432944,5221920,
data/raw/external/river_water_dataset\2021\images\DJI_9217.JPG,0.010165035082881392,53081,5221920,
data/raw/external/river_water_dataset\2021\images\DJI_9218.JPG,0.0038930125317890737,20329,5221920,
data/raw/external/river_water_dataset\2021\images\DJI_9225.JPG,0.003677000030640071,19201,5221920,
data/raw/external/river_water_dataset\2021\images\DJI_9226.JPG,0.049056668811471645,256170,5221920,
data/raw/external/river_water_dataset\2021\images\DJI_9227.JPG,0.18517882311486963,966989,5221920,
data/raw/external/river_water_dataset\2021\images\DJI_9228.JPG,0.21824290682354383,1139647,5221920,
data/raw/external/river_water_dataset\2021\images\DJI_9229.JPG,0.30272639182522904,1580813,5221920,
data/raw/external/river_water_dataset\2021\images\DJI_9230.JPG,0.35523064313509206,1854986,5221920,
data/raw/external/river_water_dataset\2021\images\DJI_9231.JPG,0.4967577059778779,2594029,5221920,
data/raw/external/river_water_dataset\2021\images\DJI_9232.JPG,0.5088794926004229,2657328,5221920,
data/raw/external/river_water_dataset\2021\images\DJI_9233.JPG,0.3409106229126452,1780208,5221920,
data/raw/external/river_water_dataset\2021\images\DJI_9234.JPG,0.43187965346079604,2255241,5221920,
data/raw/external/river_water_dataset\2021\images\DJI_9235.JPG,0.36839036216564025,1923705,5221920,
data/raw/external/river_water_dataset\2021\images\DJI_9236.JPG,0.210139565523792,1097332,5221920,
data/raw/external/river_water_dataset\2021\images\DJI_9237.JPG,0.20887489658976008,1090728,5221920,
data/raw/external/river_water_dataset\2021\images\DJI_9238.JPG,0.23403269295584767,1222100,5221920,
data/raw/external/river_water_dataset\2021\images\DJI_9239.JPG,0.17615762018567882,919881,5221920,
data/raw/external/river_water_dataset\2021\images\DJI_9240.JPG,0.15090713760455923,788025,5221920,
data/raw/external/river_water_dataset\2021\images\DJI_9241.JPG,0.3498536936605693,1826908,5221920,
data/raw/external/river_water_dataset\2021\images\DJI_9242.JPG,0.47925341636792596,2502623,5221920,
data/raw/external/river_water_dataset\2021\images\DJI_9243.JPG,0.5792210527928425,3024646,5221920,
data/raw/external/river_water_dataset\2021\images\DJI_9244.JPG,0.8266350307932714,4316622,5221920,
data/raw/external/river_water_dataset\2021\images\DJI_9245.JPG,0.8339179841897233,4354653,5221920,
data/raw/external/river_water_dataset\2021\images\DJI_9246.JPG,0.6678252443545669,3487330,5221920,
data/raw/external/river_water_dataset\2021\images\DJI_9247.JPG,0.48422438490057296,2528581,5221920,
data/raw/external/river_water_dataset\2021\images\DJI_9248.JPG,0.3324089606887888,1735813,5221920,
data/raw/external/river_water_dataset\2021\images\DJI_9249.JPG,0.18107152158593007,945541,5221920,
data/raw/external/river_water_dataset\2021\images\DJI_9250.JPG,0.01908627478015749,99667,5221920,
data/raw/external/river_water_dataset\2021\images\DJI_9252.JPG,0.03488889144222815,182187,5221920,
data/raw/external/river_water_dataset\2021\images\DJI_9253.JPG,0.030508127278855286,159311,5221920,
data/raw/external/river_water_dataset\2021\images\DJI_9254.JPG,0.03744254986671569,195522,5221920,
data/raw/external/river_water_dataset\2021\images\DJI_9255.JPG,0.03935966081441309,205533,5221920,
data/raw/external/river_water_dataset\2021\images\DJI_9256.JPG,0.03322436958053743,173495,5221920,
data/raw/external/river_water_dataset\2021\images\DJI_9257.JPG,0.044585324937953856,232821,5221920,
data/raw/external/river_water_dataset\2021\images\DJI_9258.JPG,0.0629764531053712,328858,5221920,
data/raw/external/river_water_dataset\2021\images\DJI_9259.JPG,0.01877412905597941,98037,5221920,
data/raw/external/river_water_dataset\2021\images\DJI_9260.JPG,0.1284314964610718,670659,5221920,
data/raw/external/river_water_dataset\2021\images\DJI_9261.JPG,0.295491696540736,1543034,5221920,
data/raw/external/river_water_dataset\2021\images\DJI_9262.JPG,0.18707946502435885,976914,5221920,
data/raw/external/river_water_dataset\2021\images\DJI_9263.JPG,0.6433264010172504,3359399,5221920,
data/raw/external/river_water_dataset\2021\images\DJI_9264.JPG,0.8205910852713179,4285061,5221920,
data/raw/external/river_water_dataset\2021\images\DJI_9265.JPG,0.7793104835003217,4069497,5221920,
data/raw/external/river_water_dataset\2021\images\DJI_9266.JPG,0.7109467398964365,3712507,5221920,
data/raw/external/river_water_dataset\2021\images\DJI_9267.JPG,0.5400096133223029,2819887,5221920,
data/raw/external/river_water_dataset\2021\images\DJI_9268.JPG,0.3691831740049637,1927845,5221920,
data/raw/external/river_water_dataset\2021\images\DJI_9269.JPG,0.20237020099886632,1056761,5221920,
data/raw/external/river_water_dataset\2021\images\DJI_9270.JPG,0.10708934644728375,559212,5221920,
data/raw/external/river_water_dataset\2021\images\DJI_9271.JPG,0.12337377822716548,644248,5221920,
data/raw/external/river_water_dataset\2021\images\DJI_9272.JPG,0.1451935303489904,758189,5221920,
data/raw/external/river_water_dataset\2021\images\DJI_9273.JPG,0.1051980880595643,549336,5221920,
data/raw/external/river_water_dataset\2021\images\DJI_9274.JPG,0.31098312498084996,1623929,5221920,
data/raw/external/river_water_dataset\2021\images\DJI_9275.JPG,0.3727893188712198,1946676,5221920,
data/raw/external/river_water_dataset\2021\images\DJI_9276.JPG,0.6174026028740387,3224027,5221920,
data/raw/external/river_water_dataset\2021\images\DJI_9277.JPG,0.7378224867481693,3852850,5221920,
data/raw/external/river_water_dataset\2021\images\DJI_9278.JPG,0.797493067683917,4164445,5221920,
data/raw/external/river_water_dataset\2021\images\DJI_9279.JPG,0.6422137834359776,3353589,5221920,
data/raw/external/river_water_dataset\2021\images\DJI_9280.JPG,0.47240746698532343,2466874,5221920,
data/raw/external/river_water_dataset\2021\images\DJI_9281.JPG,0.3105154808959157,1621487,5221920,
data/raw/external/river_water_dataset\2021\images\DJI_9282.JPG,0.13459627876336674,702851,5221920,
data/raw/external/river_water_dataset\2021\images\DJI_9284.JPG,0.08169408953028771,426600,5221920,
data/raw/external/river_water_dataset\2021\images\DJI_9285.JPG,0.08334233385421454,435207,5221920,
data/raw/external/river_water_dataset\2021\images\DJI_9286.JPG,0.07734339093666698,403881,5221920,
data/raw/external/river_water_dataset\2021\images\DJI_9287.JPG,0.07357523669454913,384204,5221920,
data/raw/external/river_water_dataset\2021\images\DJI_9288.JPG,0.07287874957869903,380567,5221920,
data/raw/external/river_water_dataset\2021\images\DJI_9289.JPG,0.06964009406501823,363655,5221920,
data/raw/external/river_water_dataset\2021\images\DJI_9290.JPG,0.11580261666207066,604712,5221920,
data/raw/external/river_water_dataset\2021\images\DJI_9291.JPG,0.14595972362655882,762190,5221920,
data/raw/external/river_water_dataset\2021\images\DJI_9292.JPG,0.09358511811747404,488694,5221920,
data/raw/external/river_water_dataset\2021\images\DJI_9293.JPG,0.2509946533075957,1310674,5221920,
data/raw/external/river_water_dataset\2021\images\DJI_9294.JPG,0.4164878052517082,2174866,5221920,
data/raw/external/river_water_dataset\2021\images\DJI_9295.JPG,0.5976610135735515,3120938,5221920,
data/raw/external/river_water_dataset\2021\images\DJI_9296.JPG,0.7907474645341177,4129220,5221920,
data/raw/external/river_water_dataset\2021\images\DJI_9297.JPG,0.7252265450255845,3787075,5221920,
data/raw/external/river_water_dataset\2021\images\DJI_9298.JPG,0.6628590633330269,3461397,5221920,
data/raw/external/river_water_dataset\2021\images\DJI_9299.JPG,0.4974428945675154,2597607,5221920,
data/raw/external/river_water_dataset\2021\images\DJI_9300.JPG,0.32976204154793637,1721991,5221920,
data/raw/external/river_water_dataset\2021\images\DJI_9301.JPG,0.16225717743665166,847294,5221920,
data/raw/external/river_water_dataset\2021\images\DJI_9302.JPG,0.0052892422710420686,27620,5221920,
data/raw/external/river_water_dataset\2021\images\DJI_9306.JPG,0.14949348132487666,780643,5221920,
data/raw/external/river_water_dataset\2021\images\DJI_9307.JPG,0.310889098262708,1623438,5221920,
data/raw/external/river_water_dataset\2021\images\DJI_9308.JPG,0.4795820311303122,2504339,5221920,
data/raw/external/river_water_dataset\2021\images\DJI_9309.JPG,0.6313484312283605,3296851,5221920,
data/raw/external/river_water_dataset\2021\images\DJI_9310.JPG,0.6771388684621749,3535965,5221920,
data/raw/external/river_water_dataset\2021\images\DJI_9311.JPG,0.6723609323773632,3511015,5221920,
data/raw/external/river_water_dataset\2021\images\DJI_9312.JPG,0.5143803428623954,2686053,5221920,
data/raw/external/river_water_dataset\2021\images\DJI_9313.JPG,0.34796300977418265,1817035,5221920,
data/raw/external/river_water_dataset\2021\images\DJI_9314.JPG,0.162570855164384,848932,5221920,
data/raw/external/river_water_dataset\2021\images\DJI_9315.JPG,0.03812218494346907,199071,5221920,
data/raw/external/river_water_dataset\2021\images\DJI_9316.JPG,0.08468053895885039,442195,5221920,
data/raw/external/river_water_dataset\2021\images\DJI_9317.JPG,0.07120158868768575,371809,5221920,
data/raw/external/river_water_dataset\2021\images\DJI_9318.JPG,0.04708229923093422,245860,5221920,
data/raw/external/river_water_dataset\2021\images\DJI_9319.JPG,0.036068725679443574,188348,5221920,
data/raw/external/river_water_dataset\2021\images\DJI_9320.JPG,0.12648891595428502,660515,5221920,
data/raw/external/river_water_dataset\2021\images\DJI_9321.JPG,0.24255331372368785,1266594,5221920,
data/raw/external/river_water_dataset\2021\images\DJI_9322.JPG,0.40529058277415203,2116395,5221920,
data/raw/external/river_water_dataset\2021\images\DJI_9323.JPG,0.5374341238471674,2806438,5221920,
data/raw/external/river_water_dataset\2021\images\DJI_9324.JPG,0.5297281459692986,2766198,5221920,
data/raw/external/river_water_dataset\2021\images\DJI_9325.JPG,0.4997604329442044,2609709,5221920,
data/raw/external/river_water_dataset\2021\images\DJI_9326.JPG,0.43925548457272423,2293757,5221920,
data/raw/external/river_water_dataset\2021\images\DJI_9327.JPG,0.2744660967613445,1433240,5221920,
data/raw/external/river_water_dataset\2021\images\DJI_9328.JPG,0.10224189570119803,533899,5221920,
data/raw/external/river_water_dataset\2021\images\DJI_9338.JPG,0.008207709041884977,42860,5221920,
data/raw/external/river_water_dataset\2021\images\DJI_9339.JPG,0.10746372981585317,561167,5221920,
data/raw/external/river_water_dataset\2021\images\DJI_9340.JPG,0.2710937739375555,1415630,5221920,
data/raw/external/river_water_dataset\2021\images\DJI_9341.JPG,0.36898477954468856,1926809,5221920,
data/raw/external/river_water_dataset\2021\images\DJI_9342.JPG,0.40918704231393815,2136742,5221920,
data/raw/external/river_water_dataset\2021\images\DJI_9343.JPG,0.40683407635505714,2124455,5221920,
data/raw/external/river_water_dataset\2021\images\DJI_9344.JPG,0.4289715277139443,2240055,5221920,
data/raw/external/river_water_dataset\2021\images\DJI_9345.JPG,0.31821456475779025,1661691,5221920,
data/raw/external/river_water_dataset\2021\images\DJI_9346.JPG,0.13709765756656556,715913,5221920,
data/raw/external/river_water_dataset\2021\images\DJI_9347.JPG,0.049938145356497224,260773,5221920,
data/raw/external/river_water_dataset\2021\images\DJI_9353.JPG,0.011792597358825872,61580,5221920,
data/raw/external/river_water_dataset\2021\images\DJI_9354.JPG,0.06698896191439165,349811,5221920,
data/raw/external/river_water_dataset\2021\images\DJI_9355.JPG,0.22806113460183228,1190917,5221920,
data/raw/external/river_water_dataset\2021\images\DJI_9356.JPG,0.27562333394613475,1439283,5221920,
data/raw/external/river_water_dataset\2021\images\DJI_9357.JPG,0.31806768391702667,1660924,5221920,
data/raw/external/river_water_dataset\2021\images\DJI_9358.JPG,0.2829260118883476,1477417,5221920,
data/raw/external/river_water_dataset\2021\images\DJI_9359.JPG,0.30626340503109967,1599283,5221920,
data/raw/external/river_water_dataset\2021\images\DJI_9360.JPG,0.23894506235254465,1247752,5221920,
data/raw/external/river_water_dataset\2021\images\DJI_9361.JPG,0.08037426846830284,419708,5221920,
data/raw/external/river_water_dataset\2021\images\DJI_9373.JPG,0.07389619143916414,385880,5221920,
data/raw/external/river_water_dataset\2021\images\DJI_9374.JPG,0.15293206330238687,798599,5221920,
data/raw/external/river_water_dataset\2021\images\DJI_9375.JPG,0.22541230045653707,1177085,5221920,
data/raw/external/river_water_dataset\2021\images\DJI_9376.JPG,0.24223044397463003,1264908,5221920,
data/raw/external/river_water_dataset\2021\images\DJI_9377.JPG,0.23758406869503937,1240645,5221920,
data/raw/external/river_water_dataset\2021\images\DJI_9378.JPG,0.22192335386218096,1158866,5221920,
data/raw/external/river_water_dataset\2021\images\DJI_9379.JPG,0.1697463768115942,886402,5221920,
data/raw/external/river_water_dataset\2021\images\DJI_9380.JPG,0.02731313386647057,142627,5221920,
data/raw/external/river_water_dataset\2021\images\DJI_9388.JPG,0.013117014431473482,68496,5221920,
data/raw/external/river_water_dataset\2021\images\DJI_9389.JPG,0.11241899531206913,587043,5221920,
data/raw/external/river_water_dataset\2021\images\DJI_9390.JPG,0.17825129454300334,930814,5221920,
data/raw/external/river_water_dataset\2021\images\DJI_9391.JPG,0.1904650013788032,994593,5221920,
data/raw/external/river_water_dataset\2021\images\DJI_9392.JPG,0.19088974936421851,996811,5221920,
data/raw/external/river_water_dataset\2021\images\DJI_9393.JPG,0.19123866317369856,998633,5221920,
data/raw/external/river_water_dataset\2021\images\DJI_9394.JPG,0.17391649048625793,908178,5221920,
data/raw/external/river_water_dataset\2021\images\DJI_9395.JPG,0.06715786530624751,350693,5221920,
data/raw/external/river_water_dataset\2021\images\DJI_9396.JPG,0.010018154242117841,52314,5221920,
data/raw/external/river_water_dataset\2021\images\DJI_9412.JPG,0.007608887152618194,39733,5221920,
data/raw/external/river_water_dataset\2021\images\DJI_9413.JPG,0.0516424993105984,269673,5221920,
data/raw/external/river_water_dataset\2021\images\DJI_9414.JPG,0.17070675153966358,891417,5221920,
data/raw/external/river_water_dataset\2021\images\DJI_9415.JPG,0.22098117167631828,1153946,5221920,
data/raw/external/river_water_dataset\2021\images\DJI_9416.JPG,0.21829786745105248,1139934,5221920,
data/raw/external/river_water_dataset\2021\images\DJI_9417.JPG,0.21506916996047432,1123074,5221920,
data/raw/external/river_water_dataset\2021\images\DJI_9418.JPG,0.2460031942274106,1284609,5221920,
data/raw/external/river_water_dataset\2021\images\DJI_9419.JPG,0.19008314949290683,992599,5221920,
data/raw/external/river_water_dataset\2021\images\DJI_9420.JPG,0.05147110641296688,268778,5221920,
data/raw/external/river_water_dataset\2021\images\DJI_9430.JPG,0.03488927444311671,182189,5221920,
data/raw/external/river_water_dataset\2021\images\DJI_9431.JPG,0.13176015718356465,688041,5221920,
data/raw/external/river_water_dataset\2021\images\DJI_9432.JPG,0.2230939960780709,1164979,5221920,
data/raw/external/river_water_dataset\2021\images\DJI_9433.JPG,0.27441994515427276,1432999,5221920,
data/raw/external/river_water_dataset\2021\images\DJI_9434.JPG,0.2863944679351656,1495529,5221920,
data/raw/external/river_water_dataset\2021\images\DJI_9435.JPG,0.28978498330116126,1513234,5221920,
data/raw/external/river_water_dataset\2021\images\DJI_9436.JPG,0.2519140469405889,1315475,5221920,
data/raw/external/river_water_dataset\2021\images\DJI_9437.JPG,0.15181867971933694,792785,5221920,
data/raw/external/river_water_dataset\2021\images\DJI_9438.JPG,0.05357205778717407,279749,5221920,
data/raw/external/river_water_dataset\2021\images\DJI_9439.JPG,0.006914315041210896,36106,5221920,
data/raw/external/river_water_dataset\2021\images\DJI_9449.JPG,0.020283535557802494,105919,5221920,
data/raw/external/river_water_dataset\2021\images\DJI_9450.JPG,0.08348519318564819,435953,5221920,
data/raw/external/river_water_dataset\2021\images\DJI_9451.JPG,0.2111905199620063,1102820,5221920,
data/raw/external/river_water_dataset\2021\images\DJI_9452.JPG,0.298563555167448,1559075,5221920,
data/raw/external/river_water_dataset\2021\images\DJI_9453.JPG,0.3089189416919447,1613150,5221920,
data/raw/external/river_water_dataset\2021\images\DJI_9454.JPG,0.30975982014278275,1617541,5221920,
data/raw/external/river_water_dataset\2021\images\DJI_9455.JPG,0.2848507828538162,1487468,5221920,
data/raw/external/river_water_dataset\2021\images\DJI_9456.JPG,0.2100872859025033,1097059,5221920,
data/raw/external/river_water_dataset\2021\images\DJI_9457.JPG,0.09702772160431412,506671,5221920,
data/raw/external/river_water_dataset\2021\images\DJI_9458.JPG,0.009251003462328032,48308,5221920,
data/raw/external/river_water_dataset\2021\images\DJI_9467.JPG,0.005063080246346172,26439,5221920,
data/raw/external/river_water_dataset\2021\images\DJI_9468.JPG,0.13599940251861384,710178,5221920,
data/raw/external/river_water_dataset\2021\images\DJI_9469.JPG,0.24828051751080063,1296501,5221920,
data/raw/external/river_water_dataset\2021\images\DJI_9470.JPG,0.34891629898581367,1822013,5221920,
data/raw/external/river_water_dataset\2021\images\DJI_9471.JPG,0.3633600284952661,1897437,5221920,
data/raw/external/river_water_dataset\2021\images\DJI_9472.JPG,0.37895084566596193,1978851,5221920,
data/raw/external/river_water_dataset\2021\images\DJI_9473.JPG,0.3827287664307381,1998579,5221920,
data/raw/external/river_water_dataset\2021\images\DJI_9474.JPG,0.19276856022305972,1006622,5221920,
data/raw/external/river_water_dataset\2021\images\DJI_9475.JPG,0.037404632778748045,195324,5221920,
data/raw/external/river_water_dataset\2021\images\DJI_9489.JPG,0.004461768851303735,23299,5221920,
data/raw/external/river_water_dataset\2021\images\DJI_9490.JPG,0.017491842081073627,91341,5221920,
data/raw/external/river_water_dataset\2021\images\DJI_9491.JPG,0.08526365781168613,445240,5221920,
data/raw/external/river_water_dataset\2021\images\DJI_9492.JPG,0.2251039847412446,1175475,5221920,
data/raw/external/river_water_dataset\2021\images\DJI_9493.JPG,0.3643010616784631,1902351,5221920,
data/raw/external/river_water_dataset\2021\images\DJI_9494.JPG,0.4385409964151117,2290026,5221920,
data/raw/external/river_water_dataset\2021\images\DJI_9495.JPG,0.3848205257836198,2009502,5221920,
data/raw/external/river_water_dataset\2021\images\DJI_9496.JPG,0.3646501669883874,1904174,5221920,
data/raw/external/river_water_dataset\2021\images\DJI_9497.JPG,0.3199715813340687,1670866,5221920,
data/raw/external/river_water_dataset\2021\images\DJI_9498.JPG,0.19423104911603395,1014259,5221920,
data/raw/external/river_water_dataset\2021\images\DJI_9499.JPG,0.058998414376321355,308085,5221920,
data/raw/external/river_water_dataset\2021\images\DJI_9500.JPG,0.021195843674357326,110683,5221920,
data/raw/external/river_water_dataset\2021\images\DJI_9510.JPG,0.036841238471673254,192382,5221920,
data/raw/external/river_water_dataset\2021\images\DJI_9511.JPG,0.07260777645004136,379152,5221920,
data/raw/external/river_water_dataset\2021\images\DJI_9512.JPG,0.140870982320679,735617,5221920,
data/raw/external/river_water_dataset\2021\images\DJI_9513.JPG,0.27793091429972117,1451333,5221920,
data/raw/external/river_water_dataset\2021\images\DJI_9514.JPG,0.3801325949076202,1985022,5221920,
data/raw/external/river_water_dataset\2021\images\DJI_9515.JPG,0.3616631430584919,1888576,5221920,
data/raw/external/river_water_dataset\2021\images\DJI_9516.JPG,0.41337688053436283,2158621,5221920,
data/raw/external/river_water_dataset\2021\images\DJI_9517.JPG,0.4205648497104513,2196156,5221920,
data/raw/external/river_water_dataset\2021\images\DJI_9518.JPG,0.3799311364402365,1983970,5221920,
data/raw/external/river_water_dataset\2021\images\DJI_9519.JPG,0.27992634892912954,1461753,5221920,
data/raw/external/river_water_dataset\2021\images\DJI_9520.JPG,0.14392235039985293,751551,5221920,
data/raw/external/river_water_dataset\2021\images\DJI_9521.JPG,0.04707904372338144,245843,5221920,
data/raw/external/river_water_dataset\2021\images\DJI_9522.JPG,0.014248590556730091,74405,5221920,
data/raw/external/river_water_dataset\2021\images\DJI_9534.JPG,0.010219804209945766,53367,5221920,
data/raw/external/river_water_dataset\2021\images\DJI_9535.JPG,0.02497223243557925,130403,5221920,
data/raw/external/river_water_dataset\2021\images\DJI_9536.JPG,0.05510578484542084,287758,5221920,
data/raw/external/river_water_dataset\2021\images\DJI_9537.JPG,0.13032505285412263,680547,5221920,
data/raw/external/river_water_dataset\2021\images\DJI_9538.JPG,0.25354122621564484,1323972,5221920,
data/raw/external/river_water_dataset\2021\images\DJI_9539.JPG,0.38164410791433034,1992915,5221920,
data/raw/external/river_water_dataset\2021\images\DJI_9540.JPG,0.44377355455464657,2317350,5221920,
data/raw/external/river_water_dataset\2021\images\DJI_9541.JPG,0.4705068250758342,2456949,5221920,
data/raw/external/river_water_dataset\2021\images\DJI_9542.JPG,0.48055887489658977,2509440,5221920,
data/raw/external/river_water_dataset\2021\images\DJI_9543.JPG,0.43554841897233204,2274399,5221920,
data/raw/external/river_water_dataset\2021\images\DJI_9544.JPG,0.3516120507399577,1836090,5221920,
data/raw/external/river_water_dataset\2021\images\DJI_9545.JPG,0.22148405184300027,1156572,5221920,
data/raw/external/river_water_dataset\2021\images\DJI_9546.JPG,0.14093092195973894,735930,5221920,
data/raw/external/river_water_dataset\2021\images\DJI_9547.JPG,0.05483557771854031,286347,5221920,
data/raw/external/river_water_dataset\2021\images\DJI_9548.JPG,0.0022221711554370805,11604,5221920,
data/raw/external/river_water_dataset\2021\images\DJI_9554.JPG,0.014135413794160003,73814,5221920,
data/raw/external/river_water_dataset\2021\images\DJI_9555.JPG,0.11221657934246407,585986,5221920,
data/raw/external/river_water_dataset\2021\images\DJI_9556.JPG,0.22662162576217176,1183400,5221920,
data/raw/external/river_water_dataset\2021\images\DJI_9557.JPG,0.35293570181082823,1843002,5221920,
data/raw/external/river_water_dataset\2021\images\DJI_9558.JPG,0.3865438382817048,2018501,5221920,
data/raw/external/river_water_dataset\2021\images\DJI_9559.JPG,0.5442630296902289,2842098,5221920,
data/raw/external/river_water_dataset\2021\images\DJI_9560.JPG,0.5693430768759383,2973064,5221920,
data/raw/external/river_water_dataset\2021\images\DJI_9561.JPG,0.4861097067745197,2538426,5221920,
data/raw/external/river_water_dataset\2021\images\DJI_9562.JPG,0.37511949627723135,1958844,5221920,
data/raw/external/river_water_dataset\2021\images\DJI_9563.JPG,0.2665475533903239,1391890,5221920,
data/raw/external/river_water_dataset\2021\images\DJI_9564.JPG,0.14972749486778808,781865,5221920,
data/raw/external/river_water_dataset\2021\images\DJI_9565.JPG,0.05198643410852713,271469,5221920,
data/raw/external/river_water_dataset\2021\images\DJI_9566.JPG,0.002081035328001961,10867,5221920,
data/raw/external/river_water_dataset\2021\images\DJI_9567.JPG,0.011486388148420503,59981,5221920,
data/raw/external/river_water_dataset\2021\images\DJI_9568.JPG,0.005703457732021938,29783,5221920,
data/raw/external/river_water_dataset\2021\images\DJI_9580.JPG,0.018016936299292213,94083,5221920,
data/raw/external/river_water_dataset\2021\images\DJI_9581.JPG,0.08951209516806079,467425,5221920,
data/raw/external/river_water_dataset\2021\images\DJI_9582.JPG,0.1935812881085884,1010866,5221920,
data/raw/external/river_water_dataset\2021\images\DJI_9583.JPG,0.3352215277139443,1750500,5221920,
data/raw/external/river_water_dataset\2021\images\DJI_9584.JPG,0.46213327664920184,2413223,5221920,
data/raw/external/river_water_dataset\2021\images\DJI_9585.JPG,0.5697021402089653,2974939,5221920,
data/raw/external/river_water_dataset\2021\images\DJI_9586.JPG,0.5762324968593927,3009040,5221920,
data/raw/external/river_water_dataset\2021\images\DJI_9587.JPG,0.4987006694855532,2604175,5221920,
data/raw/external/river_water_dataset\2021\images\DJI_9588.JPG,0.385380090081809,2012424,5221920,
data/raw/external/river_water_dataset\2021\images\DJI_9589.JPG,0.2567457946502436,1340706,5221920,
data/raw/external/river_water_dataset\2021\images\DJI_9590.JPG,0.12596650274228635,657787,5221920,
data/raw/external/river_water_dataset\2021\images\DJI_9591.JPG,0.028236357508349418,147448,5221920,
data/raw/external/river_water_dataset\2021\images\DJI_9592.JPG,0.0012466678922695101,6510,5221920,
data/raw/external/river_water_dataset\2021\images\DJI_9594.JPG,0.02473285688022796,129153,5221920,
data/raw/external/river_water_dataset\2021\images\DJI_9595.JPG,0.057441132763428014,299953,5221920,
data/raw/external/river_water_dataset\2021\images\DJI_9597.JPG,0.07139423813463247,372815,5221920,
data/raw/external/river_water_dataset\2021\images\DJI_9598.JPG,0.2013050755277752,1051199,5221920,
data/raw/external/river_water_dataset\2021\images\DJI_9599.JPG,0.3116288644789656,1627301,5221920,
data/raw/external/river_water_dataset\2021\images\DJI_9600.JPG,0.3811379722400956,1990272,5221920,
data/raw/external/river_water_dataset\2021\images\DJI_9601.JPG,0.4424558399975488,2310469,5221920,
data/raw/external/river_water_dataset\2021\images\DJI_9602.JPG,0.45820024052455804,2392685,5221920,
data/raw/external/river_water_dataset\2021\images\DJI_9603.JPG,0.4053997380273922,2116965,5221920,
data/raw/external/river_water_dataset\2021\images\DJI_9604.JPG,0.3118293654441278,1628348,5221920,
data/raw/external/river_water_dataset\2021\images\DJI_9605.JPG,0.21269437295094526,1110673,5221920,
data/raw/external/river_water_dataset\2021\images\DJI_9606.JPG,0.11269858596071942,588503,5221920,
data/raw/external/river_water_dataset\2021\images\DJI_9607.JPG,0.044013696111774976,229836,5221920,
data/raw/external/river_water_dataset\2021\images\DJI_9623.JPG,0.024653192695407052,128737,5221920,
data/raw/external/river_water_dataset\2021\images\DJI_9624.JPG,0.07665896834880657,400307,5221920,
data/raw/external/river_water_dataset\2021\images\DJI_9625.JPG,0.14274462266752458,745401,5221920,
data/raw/external/river_water_dataset\2021\images\DJI_9626.JPG,0.23051329779085086,1203722,5221920,
data/raw/external/river_water_dataset\2021\images\DJI_9627.JPG,0.30490796488647853,1592205,5221920,
data/raw/external/river_water_dataset\2021\images\DJI_9628.JPG,0.35114230015013637,1833637,5221920,
data/raw/external/river_water_dataset\2021\images\DJI_9629.JPG,0.3281026901982413,1713326,5221920,
data/raw/external/river_water_dataset\2021\images\DJI_9630.JPG,0.2880823528510586,1504343,5221920,
data/raw/external/river_water_dataset\2021\images\DJI_9631.JPG,0.23471213653215675,1225648,5221920,
data/raw/external/river_water_dataset\2021\images\DJI_9632.JPG,0.17285902503293807,902656,5221920,
data/raw/external/river_water_dataset\2021\images\DJI_9633.JPG,0.06413024328216442,334883,5221920,
data/raw/external/river_water_dataset\2021\images\DJI_9634.JPG,0.1432938459417226,748269,5221920,
data/raw/external/river_water_dataset\2021\images\DJI_9635.JPG,0.19249356558507216,1005186,5221920,
data/raw/external/river_water_dataset\2021\images\DJI_9636.JPG,0.17912319606581487,935367,5221920,
data/raw/external/river_water_dataset\2021\images\DJI_9637.JPG,0.1320464503477648,689536,5221920,
data/raw/external/river_water_dataset\2021\images\DJI_9638.JPG,0.2316720669791954,1209773,5221920,
data/raw/external/river_water_dataset\2021\images\DJI_9639.JPG,0.263948700860986,1378319,5221920,
data/raw/external/river_water_dataset\2021\images\DJI_9640.JPG,0.24907007384257132,1300624,5221920,
data/raw/external/river_water_dataset\2021\images\DJI_9641.JPG,0.2553712044611943,1333528,5221920,
data/raw/external/river_water_dataset\2021\images\DJI_9642.JPG,0.2503858733952263,1307495,5221920,
data/raw/external/river_water_dataset\2021\images\DJI_9643.JPG,0.1640808361675399,856817,5221920,
data/raw/external/river_water_dataset\2021\images\DJI_9644.JPG,0.07677999662959219,400939,5221920,
data/raw/external/river_water_dataset\2021\images\DJI_9645.JPG,0.03839507307656954,200496,5221920,
data/raw/external/river_water_dataset\2021\images\DJI_9646.JPG,0.014720064650549989,76867,5221920,
data/raw/external/river_water_dataset\2021\images\DJI_9652.JPG,0.04013906762263689,209603,5221920,
data/raw/external/river_water_dataset\2021\images\DJI_9653.JPG,0.19870813800288017,1037638,5221920,
data/raw/external/river_water_dataset\2021\images\DJI_9654.JPG,0.2585120032478475,1349929,5221920,
data/raw/external/river_water_dataset\2021\images\DJI_9655.JPG,0.25881361644759016,1351504,5221920,
data/raw/external/river_water_dataset\2021\images\DJI_9656.JPG,0.2654994714587738,1386417,5221920,
data/raw/external/river_water_dataset\2021\images\DJI_9657.JPG,0.2479758403039495,1294910,5221920,
data/raw/external/river_water_dataset\2021\images\DJI_9658.JPG,0.2038422649140546,1064448,5221920,
data/raw/external/river_water_dataset\2021\images\DJI_9659.JPG,0.1141727563807948,596201,5221920,
data/raw/external/river_water_dataset\2021\images\DJI_9660.JPG,0.02315853172779361,120932,5221920,
data/raw/external/river_water_dataset\2021\images\DJI_9677.JPG,0.03519261114685786,183773,5221920,
data/raw/external/river_water_dataset\2021\images\DJI_9678.JPG,0.10979486472408616,573340,5221920,
data/raw/external/river_water_dataset\2021\images\DJI_9679.JPG,0.19519621135521034,1019299,5221920,
data/raw/external/river_water_dataset\2021\images\DJI_9680.JPG,0.27054244415847045,1412751,5221920,
data/raw/external/river_water_dataset\2021\images\DJI_9681.JPG,0.2768292122437724,1445580,5221920,
data/raw/external/river_water_dataset\2021\images\DJI_9682.JPG,0.27791291325795875,1451239,5221920,
data/raw/external/river_water_dataset\2021\images\DJI_9683.JPG,0.31753397217881546,1658137,5221920,
data/raw/external/river_water_dataset\2021\images\DJI_9684.JPG,0.21624574869013696,1129218,5221920,
data/raw/external/river_water_dataset\2021\images\DJI_9685.JPG,0.10345390201305267,540228,5221920,
data/raw/external/river_water_dataset\2021\images\DJI_9686.JPG,0.015250137880319882,79635,5221920,
data/raw/external/river_water_dataset\2021\images\DJI_9688.JPG,0.025242248062015502,131813,5221920,
data/raw/external/river_water_dataset\2021\images\DJI_9689.JPG,0.019976560345620002,104316,5221920,
data/raw/external/river_water_dataset\2021\images\DJI_9690.JPG,0.017966954683334865,93822,5221920,
data/raw/external/river_water_dataset\2021\images\DJI_9692.JPG,0.00593785427582192,31007,5221920,
data/raw/external/river_water_dataset\2021\images\DJI_9693.JPG,0.10170646045898826,531103,5221920,
data/raw/external/river_water_dataset\2021\images\DJI_9694.JPG,0.2936841238471673,1533595,5221920,
data/raw/external/river_water_dataset\2021\images\DJI_9695.JPG,0.27903893587033124,1457119,5221920,
data/raw/external/river_water_dataset\2021\images\DJI_9696.JPG,0.29964821368385575,1564739,5221920,
data/raw/external/river_water_dataset\2021\images\DJI_9697.JPG,0.2707691806844992,1413935,5221920,
data/raw/external/river_water_dataset\2021\images\DJI_9698.JPG,0.3045870101418635,1590529,5221920,
data/raw/external/river_water_dataset\2021\images\DJI_9699.JPG,0.20594857830070165,1075447,5221920,
data/raw/external/river_water_dataset\2021\images\DJI_9700.JPG,0.06882028066305114,359374,5221920,
data/raw/external/river_water_dataset\2021\images\DJI_9701.JPG,0.011228245549529675,58633,5221920,
data/raw/external/river_water_dataset\2021\images\DJI_9714.JPG,0.00753745748690137,39360,5221920,
data/raw/external/river_water_dataset\2021\images\DJI_9715.JPG,0.07456050648037503,389349,5221920,
data/raw/external/river_water_dataset\2021\images\DJI_9716.JPG,0.23308572325887797,1217155,5221920,
data/raw/external/river_water_dataset\2021\images\DJI_9717.JPG,0.31825477985108924,1661901,5221920,
data/raw/external/river_water_dataset\2021\images\DJI_9718.JPG,0.32994013696111774,1722921,5221920,
data/raw/external/river_water_dataset\2021\images\DJI_9719.JPG,0.33471692404326375,1747865,5221920,
data/raw/external/river_water_dataset\2021\images\DJI_9720.JPG,0.3265716441462144,1705331,5221920,
data/raw/external/river_water_dataset\2021\images\DJI_9721.JPG,0.31010011643227015,1619318,5221920,
data/raw/external/river_water_dataset\2021\images\DJI_9722.JPG,0.11626183472745656,607110,5221920,
data/raw/external/river_water_dataset\2021\images\DJI_9723.JPG,0.02880664583141833,150426,5221920,
data/raw/external/river_water_dataset\2021\images\DJI_9731.JPG,0.09084187425314827,474369,5221920,
data/raw/external/river_water_dataset\2021\images\DJI_9732.JPG,0.1870930615559028,976985,5221920,
data/raw/external/river_water_dataset\2021\images\DJI_9733.JPG,0.32884073291050037,1717180,5221920,
data/raw/external/river_water_dataset\2021\images\DJI_9734.JPG,0.4150429343996078,2167321,5221920,
data/raw/external/river_water_dataset\2021\images\DJI_9735.JPG,0.40586010509544385,2119369,5221920,
data/raw/external/river_water_dataset\2021\images\DJI_9736.JPG,0.39965606520207125,2086972,5221920,
data/raw/external/river_water_dataset\2021\images\DJI_9737.JPG,0.3704863345282961,1934650,5221920,
data/raw/external/river_water_dataset\2021\images\DJI_9738.JPG,0.2388012455188896,1247001,5221920,
data/raw/external/river_water_dataset\2021\images\DJI_9739.JPG,0.12491573980451634,652300,5221920,
data/raw/external/river_water_dataset\2021\images\DJI_9740.JPG,0.023059908998988878,120417,5221920,
data/raw/external/river_water_dataset\2021\images\DJI_9748.JPG,0.012414016300517817,64825,5221920,
data/raw/external/river_water_dataset\2021\images\DJI_9749.JPG,0.08448061249502099,441151,5221920,
data/raw/external/river_water_dataset\2021\images\DJI_9750.JPG,0.23209375095750223,1211975,5221920,
data/raw/external/river_water_dataset\2021\images\DJI_9751.JPG,0.39469658669608115,2061074,5221920,
data/raw/external/river_water_dataset\2021\images\DJI_9752.JPG,0.520133973710819,2716098,5221920,
data/raw/external/river_water_dataset\2021\images\DJI_9753.JPG,0.5336215415019763,2786529,5221920,
data/raw/external/river_water_dataset\2021\images\DJI_9754.JPG,0.5234948065079511,2733648,5221920,
data/raw/external/river_water_dataset\2021\images\DJI_9755.JPG,0.4745266109017373,2477940,5221920,
data/raw/external/river_water_dataset\2021\images\DJI_9756.JPG,0.31888156080522106,1665174,5221920,
data/raw/external/river_water_dataset\2021\images\DJI_9757.JPG,0.1483211156049882,774521,5221920,
data/raw/external/river_water_dataset\2021\images\DJI_9758.JPG,0.0,0,5221920,
data/raw/external/river_water_dataset\2021\images\DJI_9761.JPG,0.0028828476882066367,15054,5221920,
data/raw/external/river_water_dataset\2021\images\DJI_9766.JPG,0.031526143640653245,164627,5221920,
data/raw/external/river_water_dataset\2021\images\DJI_9767.JPG,0.1368268759383522,714499,5221920,
data/raw/external/river_water_dataset\2021\images\DJI_9768.JPG,0.30565098661028894,1596085,5221920,
data/raw/external/river_water_dataset\2021\images\DJI_9769.JPG,0.4759578852222937,2485414,5221920,
data/raw/external/river_water_dataset\2021\images\DJI_9770.JPG,0.5899795477525508,3080826,5221920,
data/raw/external/river_water_dataset\2021\images\DJI_9771.JPG,0.5794587048441953,3025887,5221920,
data/raw/external/river_water_dataset\2021\images\DJI_9772.JPG,0.5486974139780004,2865254,5221920,
data/raw/external/river_water_dataset\2021\images\DJI_9773.JPG,0.44178367343812236,2306959,5221920,
data/raw/external/river_water_dataset\2021\images\DJI_9774.JPG,0.28145835248337775,1469753,5221920,
data/raw/external/river_water_dataset\2021\images\DJI_9775.JPG,0.13035186291632198,680687,5221920,
data/raw/external/river_water_dataset\2021\images\DJI_9776.JPG,0.02530065569752122,132118,5221920,
data/raw/external/river_water_dataset\2021\images\DJI_9783.JPG,0.004798235131905506,25056,5221920,
data/raw/external/river_water_dataset\2021\images\DJI_9784.JPG,0.05792141587768484,302461,5221920,
data/raw/external/river_water_dataset\2021\images\DJI_9785.JPG,0.1841232726659926,961477,5221920,
data/raw/external/river_water_dataset\2021\images\DJI_9786.JPG,0.34697390997947114,1811870,5221920,
data/raw/external/river_water_dataset\2021\images\DJI_9787.JPG,0.4675776342801115,2441653,5221920,
data/raw/external/river_water_dataset\2021\images\DJI_9788.JPG,0.4957437111254098,2588734,5221920,
data/raw/external/river_water_dataset\2021\images\DJI_9789.JPG,0.49175973588258726,2567930,5221920,
data/raw/external/river_water_dataset\2021\images\DJI_9790.JPG,0.458831234488464,2395980,5221920,
data/raw/external/river_water_dataset\2021\images\DJI_9791.JPG,0.3277872889665104,1711679,5221920,
data/raw/external/river_water_dataset\2021\images\DJI_9792.JPG,0.16319284860740876,852180,5221920,
data/raw/external/river_water_dataset\2021\images\DJI_9793.JPG,0.034935426050188435,182430,5221920,
data/raw/external/river_water_dataset\2021\images\DJI_9803.JPG,0.022729187731715537,118690,5221920,
data/raw/external/river_water_dataset\2021\images\DJI_9804.JPG,0.12128240187517235,633327,5221920,
data/raw/external/river_water_dataset\2021\images\DJI_9805.JPG,0.2869860128075497,1498618,5221920,
data/raw/external/river_water_dataset\2021\images\DJI_9806.JPG,0.45079645034776483,2354023,5221920,
data/raw/external/river_water_dataset\2021\images\DJI_9807.JPG,0.40753630848423567,2128122,5221920,
data/raw/external/river_water_dataset\2021\images\DJI_9808.JPG,0.4041168765511536,2110266,5221920,
data/raw/external/river_water_dataset\2021\images\DJI_9809.JPG,0.3960577718540307,2068182,5221920,
data/raw/external/river_water_dataset\2021\images\DJI_9810.JPG,0.29771348469528447,1554636,5221920,
data/raw/external/river_water_dataset\2021\images\DJI_9811.JPG,0.1354819683181665,707476,5221920,
data/raw/external/river_water_dataset\2021\images\DJI_9812.JPG,0.017157482305358948,89595,5221920,
data/raw/external/river_water_dataset\2021\images\DJI_9820.JPG,0.024635000153200356,128642,5221920,
data/raw/external/river_water_dataset\2021\images\DJI_9821.JPG,0.1898430079357784,991345,5221920,
data/raw/external/river_water_dataset\2021\images\DJI_9822.JPG,0.2328877117994914,1216121,5221920,
data/raw/external/river_water_dataset\2021\images\DJI_9823.JPG,0.2264314658210007,1182407,5221920,
data/raw/external/river_water_dataset\2021\images\DJI_9824.JPG,0.22519418145050096,1175946,5221920,
data/raw/external/river_water_dataset\2021\images\DJI_9825.JPG,0.2264243803045623,1182370,5221920,
data/raw/external/river_water_dataset\2021\images\DJI_9826.JPG,0.20202358519471766,1054951,5221920,
data/raw/external/river_water_dataset\2021\images\DJI_9827.JPG,0.0453934568128198,237041,5221920,
data/raw/external/river_water_dataset\2021\images\DJI_9837.JPG,0.11025733829702485,575755,5221920,
data/raw/external/river_water_dataset\2021\images\DJI_9838.JPG,0.22181266660538654,1158288,5221920,
data/raw/external/river_water_dataset\2021\images\DJI_9839.JPG,0.26603280019609643,1389202,5221920,
data/raw/external/river_water_dataset\2021\images\DJI_9840.JPG,0.266389565523792,1391065,5221920,
data/raw/external/river_water_dataset\2021\images\DJI_9841.JPG,0.26169569813401966,1366554,5221920,
data/raw/external/river_water_dataset\2021\images\DJI_9842.JPG,0.2706680684499188,1413407,5221920,
data/raw/external/river_water_dataset\2021\images\DJI_9843.JPG,0.20116834421055857,1050485,5221920,
data/raw/external/river_water_dataset\2021\images\DJI_9844.JPG,0.056265894536875326,293816,5221920,
data/raw/external/river_water_dataset\2021\images\DJI_9854.JPG,0.067032815516132,350040,5221920,
data/raw/external/river_water_dataset\2021\images\DJI_9855.JPG,0.22134272451512088,1155834,5221920,
data/raw/external/river_water_dataset\2021\images\DJI_9856.JPG,0.33355623985047644,1741804,5221920,
data/raw/external/river_water_dataset\2021\images\DJI_9857.JPG,0.3549859055673009,1853708,5221920,
data/raw/external/river_water_dataset\2021\images\DJI_9858.JPG,0.3277589469007568,1711531,5221920,
data/raw/external/river_water_dataset\2021\images\DJI_9859.JPG,0.42260203143671293,2206794,5221920,
data/raw/external/river_water_dataset\2021\images\DJI_9860.JPG,0.25554604436682293,1334441,5221920,
data/raw/external/river_water_dataset\2021\images\DJI_9861.JPG,0.1035797178049453,540885,5221920,
data/raw/external/river_water_dataset\2021\images\DJI_9862.JPG,0.015745932530563472,82224,5221920,
data/raw/external/river_water_dataset\2021\images\DJI_9871.JPG,0.11125754511750467,580978,5221920,
data/raw/external/river_water_dataset\2021\images\DJI_9872.JPG,0.2914401216410822,1521877,5221920,
data/raw/external/river_water_dataset\2021\images\DJI_9873.JPG,0.4826232496859393,2520220,5221920,
data/raw/external/river_water_dataset\2021\images\DJI_9874.JPG,0.5627859101633116,2938823,5221920,
data/raw/external/river_water_dataset\2021\images\DJI_9875.JPG,0.5761319591261451,3008515,5221920,
data/raw/external/river_water_dataset\2021\images\DJI_9876.JPG,0.5907765726016484,3084988,5221920,
data/raw/external/river_water_dataset\2021\images\DJI_9877.JPG,0.46649814627569935,2436016,5221920,
data/raw/external/river_water_dataset\2021\images\DJI_9878.JPG,0.3109992110181696,1624013,5221920,
data/raw/external/river_water_dataset\2021\images\DJI_9879.JPG,0.0,0,5221920,
data/raw/external/river_water_dataset\2021\images\DJI_9888.JPG,0.2355759950363085,1230159,5221920,
data/raw/external/river_water_dataset\2021\images\DJI_9889.JPG,0.38318836749701257,2000979,5221920,
data/raw/external/river_water_dataset\2021\images\DJI_9890.JPG,0.5581690259521402,2914714,5221920,
data/raw/external/river_water_dataset\2021\images\DJI_9891.JPG,0.5424192634126911,2832470,5221920,
data/raw/external/river_water_dataset\2021\images\DJI_9892.JPG,0.46604888623341606,2433670,5221920,
data/raw/external/river_water_dataset\2021\images\DJI_9893.JPG,0.5299296044366822,2767250,5221920,
data/raw/external/river_water_dataset\2021\images\DJI_9894.JPG,0.35849553420963937,1872035,5221920,
data/raw/external/river_water_dataset\2021\images\DJI_9895.JPG,0.19012700309464717,992828,5221920,
data/raw/external/river_water_dataset\2021\images\DJI_9896.JPG,0.059630557342893034,311386,5221920,
data/raw/external/river_water_dataset\2021\images\DJI_9906.JPG,0.10270015626436253,536292,5221920,
data/raw/external/river_water_dataset\2021\images\DJI_9907.JPG,0.25570307473113335,1335261,5221920,
data/raw/external/river_water_dataset\2021\images\DJI_9908.JPG,0.42072609308453596,2196998,5221920,
data/raw/external/river_water_dataset\2021\images\DJI_9909.JPG,0.5711121579802065,2982302,5221920,
data/raw/external/river_water_dataset\2021\images\DJI_9910.JPG,0.5565899132885989,2906468,5221920,
data/raw/external/river_water_dataset\2021\images\DJI_9911.JPG,0.4816406609063333,2515089,5221920,
data/raw/external/river_water_dataset\2021\images\DJI_9912.JPG,0.4510762324968594,2355484,5221920,
data/raw/external/river_water_dataset\2021\images\DJI_9913.JPG,0.27173300242056564,1418968,5221920,
data/raw/external/river_water_dataset\2021\images\DJI_9914.JPG,0.14281145632257866,745750,5221920,
data/raw/external/river_water_dataset\2021\images\DJI_9926.JPG,0.10622874345068481,554718,5221920,
data/raw/external/river_water_dataset\2021\images\DJI_9927.JPG,0.0,0,5221920,
data/raw/external/river_water_dataset\2021\images\DJI_9928.JPG,0.39965932070962407,2086989,5221920,
data/raw/external/river_water_dataset\2021\images\DJI_9929.JPG,0.4398340074148972,2296778,5221920,
data/raw/external/river_water_dataset\2021\images\DJI_9930.JPG,0.45525783619818,2377320,5221920,
data/raw/external/river_water_dataset\2021\images\DJI_9931.JPG,0.4395300962098232,2295191,5221920,
data/raw/external/river_water_dataset\2021\images\DJI_9932.JPG,0.3539278656126482,1848183,5221920,
data/raw/external/river_water_dataset\2021\images\DJI_9933.JPG,0.19346006832735851,1010233,5221920,
data/raw/external/river_water_dataset\2021\images\DJI_9934.JPG,0.055487828231761495,289753,5221920,
data/raw/external/river_water_dataset\2021\images\DJI_9944.JPG,0.0484867634892913,253194,5221920,
data/raw/external/river_water_dataset\2021\images\DJI_9945.JPG,0.22078756472715017,1152935,5221920,
data/raw/external/river_water_dataset\2021\images\DJI_9946.JPG,0.3084717881545485,1610815,5221920,
data/raw/external/river_water_dataset\2021\images\DJI_9947.JPG,0.41629745381009287,2173872,5221920,
data/raw/external/river_water_dataset\2021\images\DJI_9948.JPG,0.3948631920826056,2061944,5221920,
data/raw/external/river_water_dataset\2021\images\DJI_9949.JPG,0.4033261712167172,2106137,5221920,
data/raw/external/river_water_dataset\2021\images\DJI_9950.JPG,0.36890779636608756,1926407,5221920,
data/raw/external/river_water_dataset\2021\images\DJI_9951.JPG,0.2026095765542176,1058011,5221920,
data/raw/external/river_water_dataset\2021\images\DJI_9952.JPG,0.07089691148083463,370218,5221920,
data/raw/external/river_water_dataset\2021\images\DJI_9967.JPG,0.01921975058982137,100364,5221920,
data/raw/external/river_water_dataset\2021\images\DJI_9968.JPG,0.08785523332414132,458773,5221920,
data/raw/external/river_water_dataset\2021\images\DJI_9969.JPG,0.19997682844624198,1044263,5221920,
data/raw/external/river_water_dataset\2021\images\DJI_9970.JPG,0.2547388699941784,1330226,5221920,
data/raw/external/river_water_dataset\2021\images\DJI_9971.JPG,0.2790079127983577,1456957,5221920,
data/raw/external/river_water_dataset\2021\images\DJI_9972.JPG,0.28004086619480956,1462351,5221920,
data/raw/external/river_water_dataset\2021\images\DJI_9973.JPG,0.27615608818212456,1442065,5221920,
data/raw/external/river_water_dataset\2021\images\DJI_9974.JPG,0.2249787434506848,1174821,5221920,
data/raw/external/river_water_dataset\2021\images\DJI_9975.JPG,0.11918394000674082,622369,5221920,
data/raw/external/river_water_dataset\2021\images\DJI_9976.JPG,0.00905720501271563,47296,5221920,
data/raw/external/river_water_dataset\2021\images\DJI_9985.JPG,0.0045389435303489906,23702,5221920,
data/raw/external/river_water_dataset\2021\images\DJI_9986.JPG,0.024478352789778474,127824,5221920,
data/raw/external/river_water_dataset\2021\images\DJI_9987.JPG,0.07784665410423752,406509,5221920,
data/raw/external/river_water_dataset\2021\images\DJI_9988.JPG,0.14401312161044214,752025,5221920,
data/raw/external/river_water_dataset\2021\images\DJI_9989.JPG,0.20633043018659802,1077441,5221920,
data/raw/external/river_water_dataset\2021\images\DJI_9990.JPG,0.23783435977571468,1241952,5221920,
data/raw/external/river_water_dataset\2021\images\DJI_9991.JPG,0.25870752520145845,1350950,5221920,
data/raw/external/river_water_dataset\2021\images\DJI_9992.JPG,0.23115731378496798,1207085,5221920,
data/raw/external/river_water_dataset\2021\images\DJI_9993.JPG,0.1598458038422649,834702,5221920,
data/raw/external/river_water_dataset\2021\images\DJI_9994.JPG,0.09240260287403866,482519,5221920,
data/raw/external/river_water_dataset\2021\images\DJI_9995.JPG,0.0355748460336428,185769,5221920,
data/raw/external/river_water_dataset\2021\images\DJI_9996.JPG,0.001283052976682906,6700,5221920,
data/raw/external/river_water_dataset\2021\images\DJI_10006.JPG,0.011368615375187671,59366,5221920,
data/raw/external/river_water_dataset\2021\images\DJI_10007.JPG,0.03333409933511046,174068,5221920,
data/raw/external/river_water_dataset\2021\images\DJI_10008.JPG,0.0918227395287557,479491,5221920,
data/raw/external/river_water_dataset\2021\images\DJI_10009.JPG,0.1730133743910286,903462,5221920,
data/raw/external/river_water_dataset\2021\images\DJI_10010.JPG,0.20866309709838526,1089622,5221920,
data/raw/external/river_water_dataset\2021\images\DJI_10011.JPG,0.2409920106014646,1258441,5221920,
data/raw/external/river_water_dataset\2021\images\DJI_10012.JPG,0.23079499494438827,1205193,5221920,
data/raw/external/river_water_dataset\2021\images\DJI_10013.JPG,0.18745748690136962,978888,5221920,
data/raw/external/river_water_dataset\2021\images\DJI_10014.JPG,0.1285151821552226,671096,5221920,
data/raw/external/river_water_dataset\2021\images\DJI_10015.JPG,0.07740007506817416,404177,5221920,
data/raw/external/river_water_dataset\2021\images\DJI_10016.JPG,0.013210849649171186,68986,5221920,
data/raw/external/river_water_dataset\2021\images\DJI_10029.JPG,0.03196697766338818,166929,5221920,
data/raw/external/river_water_dataset\2021\images\DJI_10030.JPG,0.08698390630266262,454223,5221920,
data/raw/external/river_water_dataset\2021\images\DJI_10031.JPG,0.20179167815669333,1053740,5221920,
data/raw/external/river_water_dataset\2021\images\DJI_10032.JPG,0.25300062046143945,1321149,5221920,
data/raw/external/river_water_dataset\2021\images\DJI_10033.JPG,0.24966832123050525,1303748,5221920,
data/raw/external/river_water_dataset\2021\images\DJI_10034.JPG,0.25996970462971475,1357541,5221920,
data/raw/external/river_water_dataset\2021\images\DJI_10035.JPG,0.19802888592701534,1034091,5221920,
data/raw/external/river_water_dataset\2021\images\DJI_10036.JPG,0.13576615497747954,708960,5221920,
data/raw/external/river_water_dataset\2021\images\DJI_10037.JPG,0.04788755859913595,250065,5221920,
data/raw/external/river_water_dataset\2021\images\DJI_10038.JPG,0.010085945399393326,52668,5221920,
data/raw/external/river_water_dataset\2021\images\DJI_10046.JPG,0.044092402794374486,230247,5221920,
data/raw/external/river_water_dataset\2021\images\DJI_10047.JPG,0.15465039678892056,807572,5221920,
data/raw/external/river_water_dataset\2021\images\DJI_10048.JPG,0.21150534669240434,1104464,5221920,
data/raw/external/river_water_dataset\2021\images\DJI_10049.JPG,0.2691829825045194,1405652,5221920,
data/raw/external/river_water_dataset\2021\images\DJI_10050.JPG,0.26884919723013756,1403909,5221920,
data/raw/external/river_water_dataset\2021\images\DJI_10051.JPG,0.27342165333823576,1427786,5221920,
data/raw/external/river_water_dataset\2021\images\DJI_10052.JPG,0.22029732358979073,1150375,5221920,
data/raw/external/river_water_dataset\2021\images\DJI_10053.JPG,0.14477778288445628,756018,5221920,
data/raw/external/river_water_dataset\2021\images\DJI_10054.JPG,0.044585516438398136,232822,5221920,
data/raw/external/river_water_dataset\2021\images\DJI_10069.JPG,0.03580924257744278,186993,5221920,
data/raw/external/river_water_dataset\2021\images\DJI_10070.JPG,0.11703970953212611,611172,5221920,
data/raw/external/river_water_dataset\2021\images\DJI_10071.JPG,0.204287503447008,1066773,5221920,
data/raw/external/river_water_dataset\2021\images\DJI_10072.JPG,0.26084084015074915,1362090,5221920,
data/raw/external/river_water_dataset\2021\images\DJI_10073.JPG,0.2421105646965101,1264282,5221920,
data/raw/external/river_water_dataset\2021\images\DJI_10074.JPG,0.27247085363238044,1422821,5221920,
data/raw/external/river_water_dataset\2021\images\DJI_10075.JPG,0.23616179489536415,1233218,5221920,
data/raw/external/river_water_dataset\2021\images\DJI_10076.JPG,0.17132759598002267,894659,5221920,
data/raw/external/river_water_dataset\2021\images\DJI_10077.JPG,0.05687907895946319,297018,5221920,
data/raw/external/river_water_dataset\2021\images\DJI_10078.JPG,0.008140109385053773,42507,5221920,
data/raw/external/river_water_dataset\2021\images\DJI_10085.JPG,0.02417329258203879,126231,5221920,
data/raw/external/river_water_dataset\2021\images\DJI_10086.JPG,0.03997973925299507,208771,5221920,
data/raw/external/river_water_dataset\2021\images\DJI_10088.JPG,0.0808309970279131,422093,5221920,
data/raw/external/river_water_dataset\2021\images\DJI_10089.JPG,0.19100541563256426,997415,5221920,
data/raw/external/river_water_dataset\2021\images\DJI_10090.JPG,0.26128646168459113,1364417,5221920,
data/raw/external/river_water_dataset\2021\images\DJI_10091.JPG,0.26479838833226094,1382756,5221920,
data/raw/external/river_water_dataset\2021\images\DJI_10092.JPG,0.2956065968073046,1543634,5221920,
data/raw/external/river_water_dataset\2021\images\DJI_10093.JPG,0.28725028342065756,1499998,5221920,
data/raw/external/river_water_dataset\2021\images\DJI_10094.JPG,0.18120499739559395,946238,5221920,
data/raw/external/river_water_dataset\2021\images\DJI_10095.JPG,0.10930270858228391,570770,5221920,
data/raw/external/river_water_dataset\2021\images\DJI_10096.JPG,0.023549575635015474,122974,5221920,
data/raw/external/river_water_dataset\2021\images\DJI_10115.JPG,0.02996598952109569,156480,5221920,
data/raw/external/river_water_dataset\2021\images\DJI_10116.JPG,0.12714557097772466,663944,5221920,
data/raw/external/river_water_dataset\2021\images\DJI_10117.JPG,0.24462956154058277,1277436,5221920,
data/raw/external/river_water_dataset\2021\images\DJI_10118.JPG,0.29671136287036187,1549403,5221920,
data/raw/external/river_water_dataset\2021\images\DJI_10119.JPG,0.30527449673683243,1594119,5221920,
data/raw/external/river_water_dataset\2021\images\DJI_10120.JPG,0.2996440006740816,1564717,5221920,
data/raw/external/river_water_dataset\2021\images\DJI_10121.JPG,0.2781067117075712,1452251,5221920,
data/raw/external/river_water_dataset\2021\images\DJI_10122.JPG,0.17868466004841133,933077,5221920,
data/raw/external/river_water_dataset\2021\images\DJI_10123.JPG,0.058978306829671846,307980,5221920,
data/raw/external/river_water_dataset\2021\images\DJI_10125.JPG,0.011481026135980635,59953,5221920,
data/raw/external/river_water_dataset\2021\images\DJI_10126.JPG,0.03859251003462328,201527,5221920,
data/raw/external/river_water_dataset\2021\images\DJI_10127.JPG,0.05362337990624138,280017,5221920,
data/raw/external/river_water_dataset\2021\images\DJI_10128.JPG,0.0056664981462757,29590,5221920,
data/raw/external/river_water_dataset\2021\images\DJI_10129.JPG,0.14234132273186872,743295,5221920,
data/raw/external/river_water_dataset\2021\images\DJI_10130.JPG,0.30095769372184944,1571577,5221920,
data/raw/external/river_water_dataset\2021\images\DJI_10131.JPG,0.33285170971596656,1738125,5221920,
data/raw/external/river_water_dataset\2021\images\DJI_10132.JPG,0.31836259460121946,1662464,5221920,
data/raw/external/river_water_dataset\2021\images\DJI_10133.JPG,0.32288640959647025,1686087,5221920,
data/raw/external/river_water_dataset\2021\images\DJI_10134.JPG,0.3134743542605019,1636938,5221920,
data/raw/external/river_water_dataset\2021\images\DJI_10135.JPG,0.21520283727058248,1123772,5221920,
data/raw/external/river_water_dataset\2021\images\DJI_10136.JPG,0.0656044137022398,342581,5221920,
data/raw/external/river_water_dataset\2021\images\DJI_10137.JPG,0.0014902564573949812,7782,5221920,
data/raw/external/river_water_dataset\2021\images\DJI_10156.JPG,0.00813225786683825,42466,5221920,
data/raw/external/river_water_dataset\2021\images\DJI_10157.JPG,0.11223592088733646,586087,5221920,
data/raw/external/river_water_dataset\2021\images\DJI_10158.JPG,0.265147302141741,1384578,5221920,
data/raw/external/river_water_dataset\2021\images\DJI_10159.JPG,0.34850342402794376,1819857,5221920,
data/raw/external/river_water_dataset\2021\images\DJI_10160.JPG,0.34992761283206175,1827294,5221920,
data/raw/external/river_water_dataset\2021\images\DJI_10161.JPG,0.3398014523393694,1774416,5221920,
data/raw/external/river_water_dataset\2021\images\DJI_10162.JPG,0.3348166957747342,1748386,5221920,
data/raw/external/river_water_dataset\2021\images\DJI_10163.JPG,0.2368054278885927,1236579,5221920,
data/raw/external/river_water_dataset\2021\images\DJI_10164.JPG,0.08557101602475718,446845,5221920,
data/raw/external/river_water_dataset\2021\images\DJI_10172.JPG,0.019426762570089164,101445,5221920,
data/raw/external/river_water_dataset\2021\images\DJI_10173.JPG,0.12616355669945153,658816,5221920,
data/raw/external/river_water_dataset\2021\images\DJI_10174.JPG,0.2651530471550694,1384608,5221920,
data/raw/external/river_water_dataset\2021\images\DJI_10175.JPG,0.3526097680546619,1841300,5221920,
data/raw/external/river_water_dataset\2021\images\DJI_10176.JPG,0.3536695315133131,1846834,5221920,
data/raw/external/river_water_dataset\2021\images\DJI_10177.JPG,0.352143081471949,1838863,5221920,
data/raw/external/river_water_dataset\2021\images\DJI_10178.JPG,0.32271271869350737,1685180,5221920,
data/raw/external/river_water_dataset\2021\images\DJI_10179.JPG,0.20537158746208292,1072434,5221920,
data/raw/external/river_water_dataset\2021\images\DJI_10180.JPG,0.06881147164261421,359328,5221920,
data/raw/external/river_water_dataset\2021\images\DJI_10181.JPG,0.13874015687716396,724490,5221920,
data/raw/external/river_water_dataset\2021\images\DJI_10182.JPG,0.14825868646015258,774195,5221920,
data/raw/external/river_water_dataset\2021\images\DJI_10183.JPG,0.1462730183534026,763826,5221920,
data/raw/external/river_water_dataset\2021\images\DJI_10184.JPG,0.1422729570732604,742938,5221920,
data/raw/external/river_water_dataset\2021\images\DJI_10185.JPG,0.1553727364647486,811344,5221920,
data/raw/external/river_water_dataset\2021\images\DJI_10186.JPG,0.13808599135949995,721074,5221920,
data/raw/external/river_water_dataset\2021\images\DJI_10187.JPG,0.023914192480926556,124878,5221920,
data/raw/external/river_water_dataset\2021\images\DJI_10188.JPG,0.011437364034684561,59725,5221920,
data/raw/external/river_water_dataset\2021\images\DJI_10189.JPG,0.026552302601342035,138654,5221920,
data/raw/external/river_water_dataset\2021\images\DJI_10190.JPG,0.2327701305267028,1215507,5221920,
data/raw/external/river_water_dataset\2021\images\DJI_10191.JPG,0.34345547231669576,1793497,5221920,
data/raw/external/river_water_dataset\2021\images\DJI_10192.JPG,0.3452128718938628,1802674,5221920,
data/raw/external/river_water_dataset\2021\images\DJI_10193.JPG,0.3475313677727732,1814781,5221920,
data/raw/external/river_water_dataset\2021\images\DJI_10194.JPG,0.3430094677819652,1791168,5221920,
data/raw/external/river_water_dataset\2021\images\DJI_10195.JPG,0.2782133774550357,1452808,5221920,
data/raw/external/river_water_dataset\2021\images\DJI_10196.JPG,0.12185996721512393,636343,5221920,
data/raw/external/river_water_dataset\2021\images\DJI_10214.JPG,0.08121495541869657,424098,5221920,
data/raw/external/river_water_dataset\2021\images\DJI_10215.JPG,0.23705763397371082,1237896,5221920,
data/raw/external/river_water_dataset\2021\images\DJI_10216.JPG,0.359304815087171,1876261,5221920,
data/raw/external/river_water_dataset\2021\images\DJI_10217.JPG,0.35199543462940835,1838092,5221920,
data/raw/external/river_water_dataset\2021\images\DJI_10218.JPG,0.34844750589821366,1819565,5221920,
data/raw/external/river_water_dataset\2021\images\DJI_10219.JPG,0.34773052823482553,1815821,5221920,
data/raw/external/river_water_dataset\2021\images\DJI_10220.JPG,0.28342314704170113,1480013,5221920,
data/raw/external/river_water_dataset\2021\images\DJI_10221.JPG,0.12050988908294268,629293,5221920,
data/raw/external/river_water_dataset\2021\images\DJI_10222.JPG,0.16583249073137848,865964,5221920,
data/raw/external/river_water_dataset\2021\images\DJI_10223.JPG,0.16963109354413702,885800,5221920,
data/raw/external/river_water_dataset\2021\images\DJI_10224.JPG,0.15323884701412507,800201,5221920,
data/raw/external/river_water_dataset\2021\images\DJI_10225.JPG,0.08886061065661673,464023,5221920,
data/raw/external/river_water_dataset\2021\images\DJI_10226.JPG,0.25308219965070317,1321575,5221920,
data/raw/external/river_water_dataset\2021\images\DJI_10227.JPG,0.3387891809908999,1769130,5221920,
data/raw/external/river_water_dataset\2021\images\DJI_10228.JPG,0.3584731286576585,1871918,5221920,
data/raw/external/river_water_dataset\2021\images\DJI_10229.JPG,0.3584972577136379,1872044,5221920,
data/raw/external/river_water_dataset\2021\images\DJI_10230.JPG,0.3557067132395747,1857472,5221920,
data/raw/external/river_water_dataset\2021\images\DJI_10231.JPG,0.26330123785887183,1374938,5221920,
data/raw/external/river_water_dataset\2021\images\DJI_10232.JPG,0.09320518123602047,486710,5221920,
data/raw/external/river_water_dataset\2021\images\DJI_10233.JPG,0.017480160553972484,91280,5221920,
data/raw/external/river_water_dataset\2021\images\DJI_10248.JPG,0.026858703312191683,140254,5221920,
data/raw/external/river_water_dataset\2021\images\DJI_10249.JPG,0.10458164812942367,546117,5221920,
data/raw/external/river_water_dataset\2021\images\DJI_10250.JPG,0.2513902932254803,1312740,5221920,
data/raw/external/river_water_dataset\2021\images\DJI_10251.JPG,0.38748142445690475,2023397,5221920,
data/raw/external/river_water_dataset\2021\images\DJI_10252.JPG,0.4056919677053651,2118491,5221920,
data/raw/external/river_water_dataset\2021\images\DJI_10253.JPG,0.39059388117780436,2039650,5221920,
data/raw/external/river_water_dataset\2021\images\DJI_10254.JPG,0.37386459386585774,1952291,5221920,
data/raw/external/river_water_dataset\2021\images\DJI_10255.JPG,0.2852692113245703,1489653,5221920,
data/raw/external/river_water_dataset\2021\images\DJI_10256.JPG,0.1468563287066826,766872,5221920,
data/raw/external/river_water_dataset\2021\images\DJI_10257.JPG,0.10706655789441431,559093,5221920,
data/raw/external/river_water_dataset\2021\images\DJI_10258.JPG,0.13533125746851732,706689,5221920,
data/raw/external/river_water_dataset\2021\images\DJI_10259.JPG,0.1375028725066642,718029,5221920,
data/raw/external/river_water_dataset\2021\images\DJI_10260.JPG,0.13714304317186016,716150,5221920,
data/raw/external/river_water_dataset\2021\images\DJI_10261.JPG,0.11516664368661335,601391,5221920,
data/raw/external/river_water_dataset\2021\images\DJI_10262.JPG,0.09854191561724424,514578,5221920,
data/raw/external/river_water_dataset\2021\images\DJI_10263.JPG,0.04150350828813923,216728,5221920,
data/raw/external/river_water_dataset\2021\images\DJI_10264.JPG,0.18418761681527102,961813,5221920,
data/raw/external/river_water_dataset\2021\images\DJI_10265.JPG,0.32497510494224346,1696994,5221920,
data/raw/external/river_water_dataset\2021\images\DJI_10266.JPG,0.41885858075190735,2187246,5221920,
data/raw/external/river_water_dataset\2021\images\DJI_10267.JPG,0.4434610258295799,2315718,5221920,
data/raw/external/river_water_dataset\2021\images\DJI_10268.JPG,0.4376160492692343,2285196,5221920,
data/raw/external/river_water_dataset\2021\images\DJI_10269.JPG,0.3811379722400956,1990272,5221920,
data/raw/external/river_water_dataset\2021\images\DJI_10270.JPG,0.24434805588748965,1275966,5221920,
data/raw/external/river_water_dataset\2021\images\DJI_10271.JPG,0.11279720868952416,589018,5221920,
data/raw/external/river_water_dataset\2021\images\DJI_10272.JPG,0.020327963660875692,106151,5221920,
data/raw/external/river_water_dataset\2021\images\DJI_10284.JPG,0.06978065539112051,364389,5221920,
data/raw/external/river_water_dataset\2021\images\DJI_10285.JPG,0.21012979900113368,1097281,5221920,
data/raw/external/river_water_dataset\2021\images\DJI_10286.JPG,0.3466182936544413,1810013,5221920,
data/raw/external/river_water_dataset\2021\images\DJI_10287.JPG,0.4334790651714312,2263593,5221920,
data/raw/external/river_water_dataset\2021\images\DJI_10288.JPG,0.43549230934215766,2274106,5221920,
data/raw/external/river_water_dataset\2021\images\DJI_10289.JPG,0.4377468440726783,2285879,5221920,
data/raw/external/river_water_dataset\2021\images\DJI_10290.JPG,0.3672369549897356,1917682,5221920,
data/raw/external/river_water_dataset\2021\images\DJI_10291.JPG,0.2537269816465974,1324942,5221920,
data/raw/external/river_water_dataset\2021\images\DJI_10292.JPG,0.09893315102491038,516621,5221920,
data/raw/external/river_water_dataset\2021\images\DJI_10293.JPG,0.009524466096761344,49736,5221920,
data/raw/external/river_water_dataset\2021\images\DJI_10295.JPG,0.005285986763489291,27603,5221920,
data/raw/external/river_water_dataset\2021\images\DJI_10299.JPG,0.0046258847320525785,24156,5221920,
data/raw/external/river_water_dataset\2021\images\DJI_10300.JPG,0.038019349204890154,198534,5221920,
data/raw/external/river_water_dataset\2021\images\DJI_10301.JPG,0.12736579648864785,665094,5221920,
data/raw/external/river_water_dataset\2021\images\DJI_10302.JPG,0.23866259919723012,1246277,5221920,
data/raw/external/river_water_dataset\2021\images\DJI_10303.JPG,0.38809863038882253,2026620,5221920,
data/raw/external/river_water_dataset\2021\images\DJI_10304.JPG,0.40526396421239697,2116256,5221920,
data/raw/external/river_water_dataset\2021\images\DJI_10305.JPG,0.4075502880166682,2128195,5221920,
data/raw/external/river_water_dataset\2021\images\DJI_10306.JPG,0.4213473205257836,2200242,5221920,
data/raw/external/river_water_dataset\2021\images\DJI_10307.JPG,0.33879492600422834,1769160,5221920,
data/raw/external/river_water_dataset\2021\images\DJI_10308.JPG,0.2008703695192573,1048929,5221920,
data/raw/external/river_water_dataset\2021\images\DJI_10309.JPG,0.05997449214082177,313182,5221920,
data/raw/external/river_water_dataset\2021\images\DJI_10310.JPG,0.004642162269816466,24241,5221920,
data/raw/external/river_water_dataset\2021\images\DJI_10313.JPG,0.0024965912920917976,13037,5221920,
data/raw/external/river_water_dataset\2021\images\DJI_10314.JPG,0.02682576523577535,140082,5221920,
data/raw/external/river_water_dataset\2021\images\DJI_10316.JPG,0.06263270980788675,327063,5221920,
data/raw/external/river_water_dataset\2021\images\DJI_10317.JPG,0.1512085593038576,789599,5221920,
data/raw/external/river_water_dataset\2021\images\DJI_10318.JPG,0.20926498299476054,1092765,5221920,
data/raw/external/river_water_dataset\2021\images\DJI_10319.JPG,0.27526484511444066,1437411,5221920,
data/raw/external/river_water_dataset\2021\images\DJI_10320.JPG,0.30534516040077214,1594488,5221920,
data/raw/external/river_water_dataset\2021\images\DJI_10321.JPG,0.2954587584643196,1542862,5221920,
data/raw/external/river_water_dataset\2021\images\DJI_10322.JPG,0.2748263090970371,1435121,5221920,
data/raw/external/river_water_dataset\2021\images\DJI_10323.JPG,0.2101043294420443,1097148,5221920,
data/raw/external/river_water_dataset\2021\images\DJI_10324.JPG,0.1139092517694641,594825,5221920,
data/raw/external/river_water_dataset\2021\images\DJI_10325.JPG,0.03892495480589515,203263,5221920,
data/raw/external/river_water_dataset\2022\images\DJI_10327.JPG,0.02356374666789227,123048,5221920,
data/raw/external/river_water_dataset\2022\images\DJI_10328.JPG,0.08930182768024021,466327,5221920,
data/raw/external/river_water_dataset\2022\images\DJI_10329.JPG,0.11397129791341117,595149,5221920,
data/raw/external/river_water_dataset\2022\images\DJI_10330.JPG,0.1521704660354812,794622,5221920,
data/raw/external/river_water_dataset\2022\images\DJI_10331.JPG,0.14356041456016178,749661,5221920,
data/raw/external/river_water_dataset\2022\images\DJI_10332.JPG,0.14027886294696204,732525,5221920,
data/raw/external/river_water_dataset\2022\images\DJI_10333.JPG,0.1574673683242945,822282,5221920,
data/raw/external/river_water_dataset\2022\images\DJI_10334.JPG,0.2754969436529093,1438623,5221920,
data/raw/external/river_water_dataset\2022\images\DJI_10335.JPG,0.22940546772068512,1197937,5221920,
data/raw/external/river_water_dataset\2022\images\DJI_10336.JPG,0.1666272175751448,870114,5221920,
data/raw/external/river_water_dataset\2022\images\DJI_10337.JPG,0.16002696326255478,835648,5221920,
data/raw/external/river_water_dataset\2022\images\DJI_10338.JPG,0.16753588718325826,874859,5221920,
data/raw/external/river_water_dataset\2022\images\DJI_10339.JPG,0.16757801728100008,875079,5221920,
data/raw/external/river_water_dataset\2022\images\DJI_10340.JPG,0.16883138768881945,881624,5221920,
data/raw/external/river_water_dataset\2022\images\DJI_10341.JPG,0.15125911542114778,789863,5221920,
data/raw/external/river_water_dataset\2022\images\DJI_10342.JPG,0.20114421515457917,1050359,5221920,
data/raw/external/river_water_dataset\2022\images\DJI_10343.JPG,0.2217958145662898,1158200,5221920,
data/raw/external/river_water_dataset\2022\images\DJI_10344.JPG,0.2217977295707326,1158210,5221920,
data/raw/external/river_water_dataset\2022\images\DJI_10345.JPG,0.05716556362410761,298514,5221920,
data/raw/external/river_water_dataset\2022\images\DJI_10362.JPG,0.023986196647976223,125254,5221920,
data/raw/external/river_water_dataset\2022\images\DJI_10363.JPG,0.24497292183717867,1279229,5221920,
data/raw/external/river_water_dataset\2022\images\DJI_10364.JPG,0.25080621687042315,1309690,5221920,
data/raw/external/river_water_dataset\2022\images\DJI_10365.JPG,0.24327201489107456,1270347,5221920,
data/raw/external/river_water_dataset\2022\images\DJI_10366.JPG,0.19137807549713515,999361,5221920,
data/raw/external/river_water_dataset\2022\images\DJI_10367.JPG,0.17966207831602168,938181,5221920,
data/raw/external/river_water_dataset\2022\images\DJI_10368.JPG,0.1778751876704354,928850,5221920,
data/raw/external/river_water_dataset\2022\images\DJI_10369.JPG,0.17562735545546465,917112,5221920,
data/raw/external/river_water_dataset\2022\images\DJI_10370.JPG,0.1777166253025707,928022,5221920,
data/raw/external/river_water_dataset\2022\images\DJI_10371.JPG,0.17671833348653368,922809,5221920,
data/raw/external/river_water_dataset\2022\images\DJI_10372.JPG,0.1768604268161902,923551,5221920,
data/raw/external/river_water_dataset\2022\images\DJI_10373.JPG,0.17636482366639092,920963,5221920,
data/raw/external/river_water_dataset\2022\images\DJI_10374.JPG,0.1773138998682477,925919,5221920,
data/raw/external/river_water_dataset\2022\images\DJI_10375.JPG,0.21411185923951342,1118075,5221920,
data/raw/external/river_water_dataset\2022\images\DJI_10376.JPG,0.28238636363636366,1474599,5221920,
data/raw/external/river_water_dataset\2022\images\DJI_10377.JPG,0.3247508579219904,1695823,5221920,
data/raw/external/river_water_dataset\2022\images\DJI_10378.JPG,0.301803742684683,1575995,5221920,
data/raw/external/river_water_dataset\2022\images\DJI_10379.JPG,0.04538905230260134,237018,5221920,
data/raw/external/river_water_dataset\2022\images\DJI_10396.JPG,0.10049139014002513,524758,5221920,
data/raw/external/river_water_dataset\2022\images\DJI_10397.JPG,0.3705234856144866,1934844,5221920,
data/raw/external/river_water_dataset\2022\images\DJI_10398.JPG,0.4027526273860955,2103142,5221920,
data/raw/external/river_water_dataset\2022\images\DJI_10399.JPG,0.3927423246621932,2050869,5221920,
data/raw/external/river_water_dataset\2022\images\DJI_10400.JPG,0.21111736679229096,1102438,5221920,
data/raw/external/river_water_dataset\2022\images\DJI_10401.JPG,0.2246575972056255,1173144,5221920,
data/raw/external/river_water_dataset\2022\images\DJI_10402.JPG,0.22336650121028281,1166402,5221920,
data/raw/external/river_water_dataset\2022\images\DJI_10403.JPG,0.21842961975671785,1140622,5221920,
data/raw/external/river_water_dataset\2022\images\DJI_10404.JPG,0.2576098446548396,1345218,5221920,
data/raw/external/river_water_dataset\2022\images\DJI_10405.JPG,0.2730894000674082,1426051,5221920,
data/raw/external/river_water_dataset\2022\images\DJI_10406.JPG,0.2175406746943653,1135980,5221920,
data/raw/external/river_water_dataset\2022\images\DJI_10407.JPG,0.23322379507920457,1217876,5221920,
data/raw/external/river_water_dataset\2022\images\DJI_10408.JPG,0.22342050433557006,1166684,5221920,
data/raw/external/river_water_dataset\2022\images\DJI_10409.JPG,0.04999004197689739,261044,5221920,
data/raw/external/river_water_dataset\2022\images\DJI_10426.JPG,0.07085650488709133,370007,5221920,
data/raw/external/river_water_dataset\2022\images\DJI_10427.JPG,0.17892384410331832,934326,5221920,
data/raw/external/river_water_dataset\2022\images\DJI_10428.JPG,0.17610629806661152,919613,5221920,
data/raw/external/river_water_dataset\2022\images\DJI_10429.JPG,0.18712465912920917,977150,5221920,
data/raw/external/river_water_dataset\2022\images\DJI_10437.JPG,0.010930270858228392,57077,5221920,
data/raw/external/river_water_dataset\2022\images\DJI_10438.JPG,0.1679696356895548,877124,5221920,
data/raw/external/river_water_dataset\2022\images\DJI_10439.JPG,0.2655448570640684,1386654,5221920,
data/raw/external/river_water_dataset\2022\images\DJI_10440.JPG,0.2598084612556301,1356699,5221920,
data/raw/external/river_water_dataset\2022\images\DJI_10441.JPG,0.16407624015687716,856793,5221920,
data/raw/external/river_water_dataset\2022\images\DJI_10442.JPG,0.11040153813156847,576508,5221920,
data/raw/external/river_water_dataset\2022\images\DJI_10443.JPG,0.12972910347152006,677435,5221920,
data/raw/external/river_water_dataset\2022\images\DJI_10444.JPG,0.21555768759383523,1125625,5221920,
data/raw/external/river_water_dataset\2022\images\DJI_10445.JPG,0.19291544106382327,1007389,5221920,
data/raw/external/river_water_dataset\2022\images\DJI_10446.JPG,0.16945242362962282,884867,5221920,
data/raw/external/river_water_dataset\2022\images\DJI_10447.JPG,0.06534665410423753,341235,5221920,
data/raw/external/river_water_dataset\2022\images\DJI_10460.JPG,0.029291141955449337,152956,5221920,
data/raw/external/river_water_dataset\2022\images\DJI_10461.JPG,0.024819989582375832,129608,5221920,
data/raw/external/river_water_dataset\2022\images\DJI_10462.JPG,0.13826810828201122,722025,5221920,
data/raw/external/river_water_dataset\2022\images\DJI_10463.JPG,0.17753316787694948,927064,5221920,
data/raw/external/river_water_dataset\2022\images\DJI_10464.JPG,0.2770203296871649,1446578,5221920,
data/raw/external/river_water_dataset\2022\images\DJI_10465.JPG,0.213686345252321,1115853,5221920,
data/raw/external/river_water_dataset\2022\images\DJI_10466.JPG,0.1263678876734994,659883,5221920,
data/raw/external/river_water_dataset\2022\images\DJI_10467.JPG,0.1398077718540307,730065,5221920,
data/raw/external/river_water_dataset\2022\images\DJI_10468.JPG,0.057090112449060884,298120,5221920,
data/raw/external/river_water_dataset\2022\images\DJI_10469.JPG,0.01056603701320587,55175,5221920,
data/raw/external/river_water_dataset\2022\images\DJI_10470.JPG,0.10284627110334896,537055,5221920,
data/raw/external/river_water_dataset\2022\images\DJI_10471.JPG,0.2272411296994209,1186635,5221920,
data/raw/external/river_water_dataset\2022\images\DJI_10472.JPG,0.2706682599503631,1413408,5221920,
data/raw/external/river_water_dataset\2022\images\DJI_10473.JPG,0.21001700523945216,1096692,5221920,
data/raw/external/river_water_dataset\2022\images\DJI_10474.JPG,0.10030984771884671,523810,5221920,
data/raw/external/river_water_dataset\2022\images\DJI_10475.JPG,0.041873104145601615,218658,5221920,
data/raw/external/river_water_dataset\2022\images\DJI_10476.JPG,0.07218417746729172,376940,5221920,
data/raw/external/river_water_dataset\2022\images\DJI_10483.JPG,0.009598959769586666,50125,5221920,
data/raw/external/river_water_dataset\2022\images\DJI_10484.JPG,0.046805389588503846,244414,5221920,
data/raw/external/river_water_dataset\2022\images\DJI_10485.JPG,0.09502213745135889,496198,5221920,
data/raw/external/river_water_dataset\2022\images\DJI_10486.JPG,0.15485147225541562,808622,5221920,
data/raw/external/river_water_dataset\2022\images\DJI_10487.JPG,0.2067021325489475,1079382,5221920,
data/raw/external/river_water_dataset\2022\images\DJI_10488.JPG,0.20582927352391459,1074824,5221920,
data/raw/external/river_water_dataset\2022\images\DJI_10489.JPG,0.15074321322425469,787169,5221920,
data/raw/external/river_water_dataset\2022\images\DJI_10490.JPG,0.09745151208750805,508884,5221920,
data/raw/external/river_water_dataset\2022\images\DJI_10491.JPG,0.01804355486104728,94222,5221920,
data/raw/external/river_water_dataset\2022\images\DJI_10502.JPG,0.05482313018966204,286282,5221920,
data/raw/external/river_water_dataset\2022\images\DJI_10503.JPG,0.12123165425743787,633062,5221920,
data/raw/external/river_water_dataset\2022\images\DJI_10504.JPG,0.2070225127922297,1081055,5221920,
data/raw/external/river_water_dataset\2022\images\DJI_10505.JPG,0.22805443208628243,1190882,5221920,
data/raw/external/river_water_dataset\2022\images\DJI_10506.JPG,0.29663457119220515,1549002,5221920,
data/raw/external/river_water_dataset\2022\images\DJI_10507.JPG,0.295245043968502,1541746,5221920,
data/raw/external/river_water_dataset\2022\images\DJI_10508.JPG,0.0749515503875969,391391,5221920,
data/raw/external/river_water_dataset\2022\images\DJI_10509.JPG,0.011024680577258939,57570,5221920,
data/raw/external/river_water_dataset\2022\images\DJI_10510.JPG,0.02759004350890094,144073,5221920,
data/raw/external/river_water_dataset\2022\images\DJI_10511.JPG,0.07259456291938597,379083,5221920,
data/raw/external/river_water_dataset\2022\images\DJI_10512.JPG,0.02993783895578638,156333,5221920,
data/raw/external/river_water_dataset\2022\images\DJI_10513.JPG,0.10919527683304225,570209,5221920,
data/raw/external/river_water_dataset\2022\images\DJI_10514.JPG,0.2527913104758403,1320056,5221920,
data/raw/external/river_water_dataset\2022\images\DJI_10515.JPG,0.29466077611300057,1538695,5221920,
data/raw/external/river_water_dataset\2022\images\DJI_10516.JPG,0.23907241014799155,1248417,5221920,
data/raw/external/river_water_dataset\2022\images\DJI_10517.JPG,0.1446130925023746,755158,5221920,
data/raw/external/river_water_dataset\2022\images\DJI_10518.JPG,0.05843578607102368,305147,5221920,
data/raw/external/river_water_dataset\2022\images\DJI_10519.JPG,0.0035358642032049512,18464,5221920,
data/raw/external/river_water_dataset\2022\images\DJI_10523.JPG,0.11580970217850906,604749,5221920,
data/raw/external/river_water_dataset\2022\images\DJI_10524.JPG,0.1723427398351564,899960,5221920,
data/raw/external/river_water_dataset\2022\images\DJI_10525.JPG,0.16900412108956092,882526,5221920,
data/raw/external/river_water_dataset\2022\images\DJI_10526.JPG,0.1598651453871373,834803,5221920,
data/raw/external/river_water_dataset\2022\images\DJI_10527.JPG,0.089462496552992,467166,5221920,
data/raw/external/river_water_dataset\2022\images\DJI_10528.JPG,0.02843283696418176,148474,5221920,
data/raw/external/river_water_dataset\2022\images\DJI_10547.JPG,0.11883560069859363,620550,5221920,
data/raw/external/river_water_dataset\2022\images\DJI_10548.JPG,0.16524305236388148,862886,5221920,
data/raw/external/river_water_dataset\2022\images\DJI_10549.JPG,0.1687358289671232,881125,5221920,
data/raw/external/river_water_dataset\2022\images\DJI_10550.JPG,0.13822023317094095,721775,5221920,
data/raw/external/river_water_dataset\2022\images\DJI_10551.JPG,0.12092525354658823,631462,5221920,
data/raw/external/river_water_dataset\2022\images\DJI_10552.JPG,0.1340372889665104,699932,5221920,
data/raw/external/river_water_dataset\2022\images\DJI_10553.JPG,0.09374693599289151,489539,5221920,
data/raw/external/river_water_dataset\2022\images\DJI_10554.JPG,0.20186253332107731,1054110,5221920,
data/raw/external/river_water_dataset\2022\images\DJI_10555.JPG,0.1934805588748966,1010340,5221920,
data/raw/external/river_water_dataset\2022\images\DJI_10556.JPG,0.17252006924656066,900886,5221920,
data/raw/external/river_water_dataset\2022\images\DJI_10572.JPG,0.017718004105769524,92522,5221920,
data/raw/external/river_water_dataset\2022\images\DJI_10573.JPG,0.2064447559518338,1078038,5221920,
data/raw/external/river_water_dataset\2022\images\DJI_10574.JPG,0.2115097512026228,1104487,5221920,
data/raw/external/river_water_dataset\2022\images\DJI_10575.JPG,0.21967552164721021,1147128,5221920,
data/raw/external/river_water_dataset\2022\images\DJI_10576.JPG,0.09388290130833103,490249,5221920,
data/raw/external/river_water_dataset\2022\images\DJI_10577.JPG,0.12719899960167907,664223,5221920,
data/raw/external/river_water_dataset\2022\images\DJI_10578.JPG,0.1418499325918436,740729,5221920,
data/raw/external/river_water_dataset\2022\images\DJI_10579.JPG,0.07954162453656892,415360,5221920,
data/raw/external/river_water_dataset\2022\images\DJI_10580.JPG,0.20612016269877745,1076343,5221920,
data/raw/external/river_water_dataset\2022\images\DJI_10581.JPG,0.21708145662897937,1133582,5221920,
data/raw/external/river_water_dataset\2022\images\DJI_10582.JPG,0.21191171063516867,1106586,5221920,
data/raw/external/river_water_dataset\2022\images\DJI_10583.JPG,0.05596083432913564,292223,5221920,
data/raw/external/river_water_dataset\2022\images\DJI_10595.JPG,0.018105984005882893,94548,5221920,
data/raw/external/river_water_dataset\2022\images\DJI_10596.JPG,0.0738774243956246,385782,5221920,
data/raw/external/river_water_dataset\2022\images\DJI_10597.JPG,0.11777507123816527,615012,5221920,
data/raw/external/river_water_dataset\2022\images\DJI_10598.JPG,0.21080005055611728,1100781,5221920,
data/raw/external/river_water_dataset\2022\images\DJI_10599.JPG,0.26260953825412875,1371326,5221920,
data/raw/external/river_water_dataset\2022\images\DJI_10600.JPG,0.21325949076201856,1113624,5221920,
data/raw/external/river_water_dataset\2022\images\DJI_10601.JPG,0.15380779483408402,803172,5221920,
data/raw/external/river_water_dataset\2022\images\DJI_10602.JPG,0.030640262585409198,160001,5221920,
data/raw/external/river_water_dataset\2022\images\DJI_10603.JPG,0.05766901829212244,301143,5221920,
data/raw/external/river_water_dataset\2022\images\DJI_10604.JPG,0.03807373533106597,198818,5221920,
data/raw/external/river_water_dataset\2022\images\DJI_10605.JPG,0.012647646842540675,66045,5221920,
data/raw/external/river_water_dataset\2022\images\DJI_10606.JPG,0.08805956429818917,459840,5221920,
data/raw/external/river_water_dataset\2022\images\DJI_10607.JPG,0.13578549652235195,709061,5221920,
data/raw/external/river_water_dataset\2022\images\DJI_10608.JPG,0.19641281367772773,1025652,5221920,
data/raw/external/river_water_dataset\2022\images\DJI_10609.JPG,0.2257269356864908,1178728,5221920,
data/raw/external/river_water_dataset\2022\images\DJI_10610.JPG,0.23322819958942304,1217899,5221920,
data/raw/external/river_water_dataset\2022\images\DJI_10611.JPG,0.20643115942028986,1077967,5221920,
data/raw/external/river_water_dataset\2022\images\DJI_10612.JPG,0.1288966510402304,673088,5221920,
data/raw/external/river_water_dataset\2022\images\DJI_10613.JPG,0.07868944755951834,410910,5221920,
data/raw/external/river_water_dataset\2022\images\DJI_10614.JPG,0.03408918558691056,178011,5221920,
data/raw/external/river_water_dataset\2022\images\DJI_10615.JPG,0.027085631338664706,141439,5221920,
data/raw/external/river_water_dataset\2022\images\DJI_10616.JPG,0.14871215951221006,776563,5221920,
data/raw/external/river_water_dataset\2022\images\DJI_10617.JPG,0.23239210864969206,1213533,5221920,
data/raw/external/river_water_dataset\2022\images\DJI_10618.JPG,0.29153165885344856,1522355,5221920,
data/raw/external/river_water_dataset\2022\images\DJI_10619.JPG,0.2792823329350124,1458390,5221920,
data/raw/external/river_water_dataset\2022\images\DJI_10620.JPG,0.2273935640530686,1187431,5221920,
data/raw/external/river_water_dataset\2022\images\DJI_10621.JPG,0.07621200631185464,397973,5221920,
data/raw/external/river_water_dataset\2022\images\DJI_10622.JPG,0.03290322333547814,171818,5221920,
data/raw/external/river_water_dataset\2022\images\DJI_10623.JPG,0.025003064007108496,130564,5221920,
data/raw/external/river_water_dataset\2022\images\DJI_10624.JPG,0.005312413824800074,27741,5221920,
data/raw/external/river_water_dataset\2022\images\DJI_10637.JPG,0.01110645126696694,57997,5221920,
data/raw/external/river_water_dataset\2022\images\DJI_10638.JPG,0.02593796917608849,135446,5221920,
data/raw/external/river_water_dataset\2022\images\DJI_10639.JPG,0.1401639626803934,731925,5221920,
data/raw/external/river_water_dataset\2022\images\DJI_10640.JPG,0.26927145570977723,1406114,5221920,
data/raw/external/river_water_dataset\2022\images\DJI_10641.JPG,0.35322333547813833,1844504,5221920,
data/raw/external/river_water_dataset\2022\images\DJI_10642.JPG,0.30949593253056346,1616163,5221920,
data/raw/external/river_water_dataset\2022\images\DJI_10643.JPG,0.1839273677114931,960454,5221920,
data/raw/external/river_water_dataset\2022\images\DJI_10644.JPG,0.06257506817415816,326762,5221920,
data/raw/external/river_water_dataset\2022\images\DJI_10645.JPG,0.04511980267794221,235612,5221920,
data/raw/external/river_water_dataset\2022\images\DJI_10648.JPG,0.08509054141005608,444336,5221920,
data/raw/external/river_water_dataset\2022\images\DJI_10649.JPG,0.22551666819867022,1177630,5221920,
data/raw/external/river_water_dataset\2022\images\DJI_10650.JPG,0.3696850966694243,1930466,5221920,
data/raw/external/river_water_dataset\2022\images\DJI_10651.JPG,0.3869992263382051,2020879,5221920,
data/raw/external/river_water_dataset\2022\images\DJI_10652.JPG,0.2570920274535037,1342514,5221920,
data/raw/external/river_water_dataset\2022\images\DJI_10653.JPG,0.08865704568434599,462960,5221920,
data/raw/external/river_water_dataset\2022\images\DJI_10654.JPG,0.01998173085761559,104343,5221920,
data/raw/external/river_water_dataset\2022\images\DJI_10662.JPG,0.03972772466832123,207455,5221920,
data/raw/external/river_water_dataset\2022\images\DJI_10663.JPG,0.18371461071789685,959343,5221920,
data/raw/external/river_water_dataset\2022\images\DJI_10664.JPG,0.3677021095688942,1920111,5221920,
data/raw/external/river_water_dataset\2022\images\DJI_10665.JPG,0.41914908692588165,2188763,5221920,
data/raw/external/river_water_dataset\2022\images\DJI_10666.JPG,0.33894927536231884,1769966,5221920,
data/raw/external/river_water_dataset\2022\images\DJI_10667.JPG,0.15762535619082635,823107,5221920,
data/raw/external/river_water_dataset\2022\images\DJI_10668.JPG,0.015767380580322947,82336,5221920,
data/raw/external/river_water_dataset\2022\images\DJI_10673.JPG,0.00517798051291479,27039,5221920,
data/raw/external/river_water_dataset\2022\images\DJI_10674.JPG,0.12117937463614915,632789,5221920,
data/raw/external/river_water_dataset\2022\images\DJI_10675.JPG,0.4368194074210252,2281036,5221920,
data/raw/external/river_water_dataset\2022\images\DJI_10676.JPG,0.40035293531880994,2090611,5221920,
data/raw/external/river_water_dataset\2022\images\DJI_10677.JPG,0.24587948494040507,1283963,5221920,
data/raw/external/river_water_dataset\2022\images\DJI_10678.JPG,0.049359622514324235,257752,5221920,
data/raw/external/river_water_dataset\2022\images\DJI_10684.JPG,0.18345110610656618,957967,5221920,
data/raw/external/river_water_dataset\2022\images\DJI_10685.JPG,0.36110817477096546,1885678,5221920,
data/raw/external/river_water_dataset\2022\images\DJI_10686.JPG,0.4041346860924717,2110359,5221920,
data/raw/external/river_water_dataset\2022\images\DJI_10687.JPG,0.38282911266354136,1999103,5221920,
data/raw/external/river_water_dataset\2022\images\DJI_10688.JPG,0.15720941722584797,820935,5221920,
data/raw/external/river_water_dataset\2022\images\DJI_10689.JPG,0.017289043110580018,90282,5221920,
data/raw/external/river_water_dataset\2022\images\DJI_10702.JPG,0.03385191653644636,176772,5221920,
data/raw/external/river_water_dataset\2022\images\DJI_10703.JPG,0.20476682905904342,1069276,5221920,
data/raw/external/river_water_dataset\2022\images\DJI_10704.JPG,0.36049460734748906,1882474,5221920,
data/raw/external/river_water_dataset\2022\images\DJI_10705.JPG,0.34402097312865765,1796450,5221920,
data/raw/external/river_water_dataset\2022\images\DJI_10706.JPG,0.2923447697398658,1526601,5221920,
data/raw/external/river_water_dataset\2022\images\DJI_10707.JPG,0.07976108404571498,416506,5221920,
data/raw/external/river_water_dataset\2022\images\DJI_10710.JPG,0.011157007384257131,58261,5221920,
data/raw/external/river_water_dataset\2022\images\DJI_10711.JPG,0.2269069614241505,1184890,5221920,
data/raw/external/river_water_dataset\2022\images\DJI_10712.JPG,0.3416030885191654,1783824,5221920,
data/raw/external/river_water_dataset\2022\images\DJI_10713.JPG,0.34962695713454056,1825724,5221920,
data/raw/external/river_water_dataset\2022\images\DJI_10714.JPG,0.2627769096424304,1372200,5221920,
data/raw/external/river_water_dataset\2022\images\DJI_10715.JPG,0.02862299690535282,149467,5221920,
data/raw/external/river_water_dataset\2022\images\DJI_10723.JPG,0.03137485828967123,163837,5221920,
data/raw/external/river_water_dataset\2022\images\DJI_10724.JPG,0.2699214082176671,1409508,5221920,
data/raw/external/river_water_dataset\2022\images\DJI_10725.JPG,0.36215434169807276,1891141,5221920,
data/raw/external/river_water_dataset\2022\images\DJI_10726.JPG,0.3578907758065999,1868877,5221920,
data/raw/external/river_water_dataset\2022\images\DJI_10735.JPG,0.25674100713913656,1340681,5221920,
data/raw/external/river_water_dataset\2022\images\DJI_10736.JPG,0.4188710282807856,2187311,5221920,
data/raw/external/river_water_dataset\2022\images\DJI_10737.JPG,0.41009532892116307,2141485,5221920,
data/raw/external/river_water_dataset\2022\images\DJI_10738.JPG,0.3225802003860649,1684488,5221920,
data/raw/external/river_water_dataset\2022\images\DJI_10739.JPG,0.0564730980175874,294898,5221920,
data/raw/external/river_water_dataset\2022\images\DJI_10746.JPG,0.01406609063333027,73452,5221920,
data/raw/external/river_water_dataset\2022\images\DJI_10747.JPG,0.2757642782731256,1440019,5221920,
data/raw/external/river_water_dataset\2022\images\DJI_10748.JPG,0.4301980880595643,2246460,5221920,
data/raw/external/river_water_dataset\2022\images\DJI_10749.JPG,0.4625890477065907,2415603,5221920,
data/raw/external/river_water_dataset\2022\images\DJI_10750.JPG,0.35890247265373654,1874160,5221920,
data/raw/external/river_water_dataset\2022\images\DJI_10751.JPG,0.12857416429206114,671404,5221920,
data/raw/external/river_water_dataset\2022\images\DJI_10757.JPG,0.03687053803964825,192535,5221920,
data/raw/external/river_water_dataset\2022\images\DJI_10758.JPG,0.25060629040659377,1308646,5221920,
data/raw/external/river_water_dataset\2022\images\DJI_10759.JPG,0.45178746514691914,2359198,5221920,
data/raw/external/river_water_dataset\2022\images\DJI_10760.JPG,0.599905973281858,3132661,5221920,
data/raw/external/river_water_dataset\2022\images\DJI_10761.JPG,0.5386827067438796,2812958,5221920,
data/raw/external/river_water_dataset\2022\images\DJI_10762.JPG,0.2904370423139382,1516639,5221920,
data/raw/external/river_water_dataset\2022\images\DJI_10763.JPG,0.0443921009896743,231812,5221920,
data/raw/external/river_water_dataset\2022\images\DJI_10774.JPG,0.042957188160676535,224319,5221920,
data/raw/external/river_water_dataset\2022\images\DJI_10775.JPG,0.23197636118515794,1211362,5221920,
data/raw/external/river_water_dataset\2022\images\DJI_10776.JPG,0.4169881959126145,2177479,5221920,
data/raw/external/river_water_dataset\2022\images\DJI_10777.JPG,0.5405647731102736,2822786,5221920,
data/raw/external/river_water_dataset\2022\images\DJI_10778.JPG,0.5198587875723871,2714661,5221920,
data/raw/external/river_water_dataset\2022\images\DJI_10779.JPG,0.33299284554340164,1738862,5221920,
data/raw/external/river_water_dataset\2022\images\DJI_10780.JPG,0.0791341115911389,413232,5221920,
data/raw/external/river_water_dataset\2022\images\DJI_10781.JPG,0.03666927107270889,191484,5221920,
data/raw/external/river_water_dataset\2022\images\DJI_10782.JPG,0.07062881085884119,368818,5221920,
data/raw/external/river_water_dataset\2022\images\DJI_10783.JPG,0.10810238379753041,564502,5221920,
data/raw/external/river_water_dataset\2022\images\DJI_10784.JPG,0.059865336887581576,312612,5221920,
data/raw/external/river_water_dataset\2022\images\DJI_10785.JPG,0.17170523485614486,896631,5221920,
data/raw/external/river_water_dataset\2022\images\DJI_10786.JPG,0.2767235039985293,1445028,5221920,
data/raw/external/river_water_dataset\2022\images\DJI_10787.JPG,0.3904638523761375,2038971,5221920,
data/raw/external/river_water_dataset\2022\images\DJI_10788.JPG,0.38632916628366576,2017380,5221920,
data/raw/external/river_water_dataset\2022\images\DJI_10789.JPG,0.3364930906639703,1757140,5221920,
data/raw/external/river_water_dataset\2022\images\DJI_10790.JPG,0.20021333149492906,1045498,5221920,
data/raw/external/river_water_dataset\2022\images\DJI_10791.JPG,0.0877140974967062,458036,5221920,
data/raw/external/river_water_dataset\2022\images\DJI_10792.JPG,0.12282704445874315,641393,5221920,
data/raw/external/river_water_dataset\2022\images\DJI_10793.JPG,0.19906949934123847,1039525,5221920,
data/raw/external/river_water_dataset\2022\images\DJI_10794.JPG,0.3222615436467813,1682824,5221920,
data/raw/external/river_water_dataset\2022\images\DJI_10795.JPG,0.38621215951221005,2016769,5221920,
data/raw/external/river_water_dataset\2022\images\DJI_10796.JPG,0.35177329411404235,1836932,5221920,
data/raw/external/river_water_dataset\2022\images\DJI_10797.JPG,0.2637173683242945,1377111,5221920,
data/raw/external/river_water_dataset\2022\images\DJI_10798.JPG,0.13900442749027178,725870,5221920,
data/raw/external/river_water_dataset\2022\images\DJI_10799.JPG,0.05485166375585991,286431,5221920,
data/raw/external/river_water_dataset\2022\images\DJI_10800.JPG,0.0026051720439991422,13604,5221920,
data/raw/external/river_water_dataset\2022\images\DJI_10811.JPG,0.06894341544872384,360017,5221920,
data/raw/external/river_water_dataset\2022\images\DJI_10812.JPG,0.13472707356681068,703534,5221920,
data/raw/external/river_water_dataset\2022\images\DJI_10813.JPG,0.17312923215981862,904067,5221920,
data/raw/external/river_water_dataset\2022\images\DJI_10814.JPG,0.13961856941508105,729077,5221920,
data/raw/external/river_water_dataset\2022\images\DJI_10815.JPG,0.09606945338113185,501667,5221920,
data/raw/external/river_water_dataset\2022\images\DJI_10816.JPG,0.2765586221160033,1444167,5221920,
data/raw/external/river_water_dataset\2022\images\DJI_10817.JPG,0.2795849036369764,1459970,5221920,
data/raw/external/river_water_dataset\2022\images\DJI_10818.JPG,0.2125777491803781,1110064,5221920,
data/raw/external/river_water_dataset\2022\images\DJI_10819.JPG,0.19414698042099457,1013820,5221920,
data/raw/external/river_water_dataset\2022\images\DJI_10820.JPG,0.18875451941048504,985661,5221920,
data/raw/external/river_water_dataset\2022\images\DJI_10821.JPG,0.17946330085485798,937143,5221920,
data/raw/external/river_water_dataset\2022\images\DJI_10822.JPG,0.28836270950148607,1505807,5221920,
data/raw/external/river_water_dataset\2022\images\DJI_10823.JPG,0.2911482749639979,1520353,5221920,
data/raw/external/river_water_dataset\2022\images\DJI_10824.JPG,0.19793294420443056,1033590,5221920,
data/raw/external/river_water_dataset\2022\images\DJI_10825.JPG,0.22244002206085117,1161564,5221920,
data/raw/external/river_water_dataset\2022\images\DJI_10826.JPG,0.18998816527254342,992103,5221920,
data/raw/external/river_water_dataset\2022\images\DJI_10827.JPG,0.1670510080583387,872327,5221920,
data/raw/external/river_water_dataset\2022\images\DJI_10828.JPG,0.06755695223212918,352777,5221920,
data/raw/external/river_water_dataset\2022\images\DJI_10840.JPG,0.06113977234427184,319267,5221920,
data/raw/external/river_water_dataset\2022\images\DJI_10841.JPG,0.14531513313110886,758824,5221920,
data/raw/external/river_water_dataset\2022\images\DJI_10842.JPG,0.21217444924472226,1107958,5221920,
data/raw/external/river_water_dataset\2022\images\DJI_10843.JPG,0.3139973419738334,1639669,5221920,
data/raw/external/river_water_dataset\2022\images\DJI_10844.JPG,0.42800789747832213,2235023,5221920,
data/raw/external/river_water_dataset\2022\images\DJI_10845.JPG,0.4607335999019518,2405914,5221920,
data/raw/external/river_water_dataset\2022\images\DJI_10846.JPG,0.2419740248797377,1263569,5221920,
data/raw/external/river_water_dataset\2022\images\DJI_10847.JPG,0.2183702546189907,1140312,5221920,
data/raw/external/river_water_dataset\2022\images\DJI_10848.JPG,0.12603161289334192,658127,5221920,
data/raw/external/river_water_dataset\2022\images\DJI_10849.JPG,0.08256082054110365,431126,5221920,
data/raw/external/river_water_dataset\2022\images\DJI_10850.JPG,0.15478751110702577,808288,5221920,
data/raw/external/river_water_dataset\2022\images\DJI_10851.JPG,0.3025572969329289,1579930,5221920,
data/raw/external/river_water_dataset\2022\images\DJI_10852.JPG,0.4174315194411251,2179794,5221920,
data/raw/external/river_water_dataset\2022\images\DJI_10853.JPG,0.37829878665318506,1975446,5221920,
data/raw/external/river_water_dataset\2022\images\DJI_10854.JPG,0.2394525385298894,1250402,5221920,
data/raw/external/river_water_dataset\2022\images\DJI_10855.JPG,0.10167218187946196,530924,5221920,
data/raw/external/river_water_dataset\2022\images\DJI_10856.JPG,0.027102100376872874,141525,5221920,
data/raw/external/river_water_dataset\2022\images\DJI_10864.JPG,0.04586224990041977,239489,5221920,
data/raw/external/river_water_dataset\2022\images\DJI_10865.JPG,0.24520214786898306,1280426,5221920,
data/raw/external/river_water_dataset\2022\images\DJI_10866.JPG,0.3471847519686246,1812971,5221920,
data/raw/external/river_water_dataset\2022\images\DJI_10867.JPG,0.33597450746085733,1754432,5221920,
data/raw/external/river_water_dataset\2022\images\DJI_10868.JPG,0.28792034347519685,1503497,5221920,
data/raw/external/river_water_dataset\2022\images\DJI_10869.JPG,0.10933468915647884,570937,5221920,
data/raw/external/river_water_dataset\2022\images\DJI_10870.JPG,0.03289441431504121,171772,5221920,
data/raw/external/river_water_dataset\2022\images\DJI_10871.JPG,0.038916145785458225,203217,5221920,
data/raw/external/river_water_dataset\2022\images\DJI_10872.JPG,0.04387677329411404,229121,5221920,
data/raw/external/river_water_dataset\2022\images\DJI_10873.JPG,0.0451734228023409,235892,5221920,
data/raw/external/river_water_dataset\2022\images\DJI_10874.JPG,0.04600376872874345,240228,5221920,
data/raw/external/river_water_dataset\2022\images\DJI_10875.JPG,0.04989007874498269,260522,5221920,
data/raw/external/river_water_dataset\2022\images\DJI_10876.JPG,0.007218992248062016,37697,5221920,
data/raw/external/river_water_dataset\2022\images\DJI_10878.JPG,0.03367611912859638,175854,5221920,
data/raw/external/river_water_dataset\2022\images\DJI_10879.JPG,0.21147834512976071,1104323,5221920,
data/raw/external/river_water_dataset\2022\images\DJI_10880.JPG,0.2832822027147103,1479277,5221920,
data/raw/external/river_water_dataset\2022\images\DJI_10881.JPG,0.2924479884793333,1527140,5221920,
data/raw/external/river_water_dataset\2022\images\DJI_10882.JPG,0.24421515457915863,1275272,5221920,
data/raw/external/river_water_dataset\2022\images\DJI_10883.JPG,0.05591755522872813,291997,5221920,
data/raw/external/river_water_dataset\2022\images\DJI_10887.JPG,0.044492638722921835,232337,5221920,
data/raw/external/river_water_dataset\2022\images\DJI_10888.JPG,0.2628858733952263,1372769,5221920,
data/raw/external/river_water_dataset\2022\images\DJI_10889.JPG,0.2999680194258051,1566409,5221920,
data/raw/external/river_water_dataset\2022\images\DJI_10890.JPG,0.24091387842019793,1258033,5221920,
data/raw/external/river_water_dataset\2022\images\DJI_10891.JPG,0.12984017372920306,678015,5221920,
data/raw/external/river_water_dataset\2022\images\DJI_10892.JPG,0.006791754756871036,35466,5221920,
data/raw/external/river_water_dataset\2022\images\DJI_10907.JPG,0.22102157827006158,1154157,5221920,
data/raw/external/river_water_dataset\2022\images\DJI_10908.JPG,0.2471138968042406,1290409,5221920,
data/raw/external/river_water_dataset\2022\images\DJI_10909.JPG,0.24513952722370316,1280099,5221920,
data/raw/external/river_water_dataset\2022\images\DJI_10910.JPG,0.21617757453197292,1128862,5221920,
data/raw/external/river_water_dataset\2022\images\DJI_10911.JPG,0.0101366930171278,52933,5221920,
data/raw/external/river_water_dataset\2022\images\DJI_10916.JPG,0.025277867144651776,131999,5221920,
data/raw/external/river_water_dataset\2022\images\DJI_10917.JPG,0.14434211937371694,753743,5221920,
data/raw/external/river_water_dataset\2022\images\DJI_10918.JPG,0.2936532922756381,1533434,5221920,
data/raw/external/river_water_dataset\2022\images\DJI_10919.JPG,0.33733913962680395,1761558,5221920,
data/raw/external/river_water_dataset\2022\images\DJI_10920.JPG,0.2793715721420474,1458856,5221920,
data/raw/external/river_water_dataset\2022\images\DJI_10921.JPG,0.10760544014462113,561907,5221920,
data/raw/external/river_water_dataset\2022\images\DJI_10930.JPG,0.044276817722217116,231210,5221920,
data/raw/external/river_water_dataset\2022\images\DJI_10931.JPG,0.25434054907007386,1328146,5221920,
data/raw/external/river_water_dataset\2022\images\DJI_10932.JPG,0.3248567576676778,1696376,5221920,
data/raw/external/river_water_dataset\2022\images\DJI_10933.JPG,0.39335646658700246,2054076,5221920,
data/raw/external/river_water_dataset\2022\images\DJI_10934.JPG,0.40126734994025187,2095386,5221920,
data/raw/external/river_water_dataset\2022\images\DJI_10935.JPG,0.21849300640377486,1140953,5221920,
data/raw/external/river_water_dataset\2022\images\DJI_10936.JPG,0.1035010111223458,540474,5221920,
data/raw/external/river_water_dataset\2022\images\DJI_10937.JPG,0.042605976345865125,222485,5221920,
data/raw/external/river_water_dataset\2022\images\DJI_10942.JPG,0.07713293194840212,402782,5221920,
data/raw/external/river_water_dataset\2022\images\DJI_10943.JPG,0.22111905199620063,1154666,5221920,
data/raw/external/river_water_dataset\2022\images\DJI_10944.JPG,0.3313760072923369,1730419,5221920,
data/raw/external/river_water_dataset\2022\images\DJI_10945.JPG,0.4967623019885406,2594053,5221920,
data/raw/external/river_water_dataset\2022\images\DJI_10946.JPG,0.5453034516040077,2847531,5221920,
data/raw/external/river_water_dataset\2022\images\DJI_10947.JPG,0.4225055152127953,2206290,5221920,
data/raw/external/river_water_dataset\2022\images\DJI_10948.JPG,0.28685138799522014,1497915,5221920,
data/raw/external/river_water_dataset\2022\images\DJI_10949.JPG,0.12291781566933235,641867,5221920,
data/raw/external/river_water_dataset\2022\images\DJI_10956.JPG,0.015831916230045654,82673,5221920,
data/raw/external/river_water_dataset\2022\images\DJI_10957.JPG,0.11864620675919968,619561,5221920,
data/raw/external/river_water_dataset\2022\images\DJI_10958.JPG,0.26244695437693416,1370477,5221920,
data/raw/external/river_water_dataset\2022\images\DJI_10959.JPG,0.41630530532830834,2173913,5221920,
data/raw/external/river_water_dataset\2022\images\DJI_10960.JPG,0.5668731041456017,2960166,5221920,
data/raw/external/river_water_dataset\2022\images\DJI_10961.JPG,0.5742590847810767,2998735,5221920,
data/raw/external/river_water_dataset\2022\images\DJI_10962.JPG,0.4959398075803536,2589758,5221920,
data/raw/external/river_water_dataset\2022\images\DJI_10963.JPG,0.31840012868829853,1662660,5221920,
data/raw/external/river_water_dataset\2022\images\DJI_10964.JPG,0.1612713331494929,842146,5221920,
data/raw/external/river_water_dataset\2022\images\DJI_10965.JPG,0.05297476790146153,276630,5221920,
data/raw/external/river_water_dataset\2022\images\DJI_10966.JPG,0.04848389098262708,253179,5221920,
data/raw/external/river_water_dataset\2022\images\DJI_10967.JPG,0.10256668045469866,535595,5221920,
data/raw/external/river_water_dataset\2022\images\DJI_10968.JPG,0.03400779789809112,177586,5221920,
data/raw/external/river_water_dataset\2022\images\DJI_10969.JPG,0.19728854520942488,1030225,5221920,
data/raw/external/river_water_dataset\2022\images\DJI_10970.JPG,0.37319625731531697,1948801,5221920,
data/raw/external/river_water_dataset\2022\images\DJI_10971.JPG,0.5726424380304562,2990293,5221920,
data/raw/external/river_water_dataset\2022\images\DJI_10972.JPG,0.6374454223733799,3328689,5221920,
data/raw/external/river_water_dataset\2022\images\DJI_10973.JPG,0.5632445537273646,2941218,5221920,
data/raw/external/river_water_dataset\2022\images\DJI_10974.JPG,0.38824838373625026,2027402,5221920,
data/raw/external/river_water_dataset\2022\images\DJI_10975.JPG,0.20835573888531422,1088017,5221920,
data/raw/external/river_water_dataset\2022\images\DJI_10976.JPG,0.08339901798572173,435503,5221920,
data/raw/external/river_water_dataset\2022\images\DJI_10977.JPG,0.026162407696785857,136618,5221920,
data/raw/external/river_water_dataset\2022\images\DJI_10980.JPG,0.08663748199895824,452414,5221920,
data/raw/external/river_water_dataset\2022\images\DJI_10981.JPG,0.2450585225357723,1279676,5221920,
data/raw/external/river_water_dataset\2022\images\DJI_10982.JPG,0.426734228023409,2228372,5221920,
data/raw/external/river_water_dataset\2022\images\DJI_10983.JPG,0.6065351441615344,3167278,5221920,
data/raw/external/river_water_dataset\2022\images\DJI_10984.JPG,0.6437863850844134,3361801,5221920,
data/raw/external/river_water_dataset\2022\images\DJI_10985.JPG,0.49712940834022734,2595970,5221920,
data/raw/external/river_water_dataset\2022\images\DJI_10986.JPG,0.3791605386524497,1979946,5221920,
data/raw/external/river_water_dataset\2022\images\DJI_10987.JPG,0.2063045776266201,1077306,5221920,
data/raw/external/river_water_dataset\2022\images\DJI_10988.JPG,0.1002242470202531,523363,5221920,
data/raw/external/river_water_dataset\2022\images\DJI_11006.JPG,0.050008809020436924,261142,5221920,
data/raw/external/river_water_dataset\2022\images\DJI_11007.JPG,0.3098699328982443,1618116,5221920,
data/raw/external/river_water_dataset\2022\images\DJI_11008.JPG,0.4938193231608297,2578685,5221920,
data/raw/external/river_water_dataset\2022\images\DJI_11009.JPG,0.6176994285626742,3225577,5221920,
data/raw/external/river_water_dataset\2022\images\DJI_11010.JPG,0.34008353249379536,1775889,5221920,
data/raw/external/river_water_dataset\2022\images\DJI_11011.JPG,0.2075037534087079,1083568,5221920,
data/raw/external/river_water_dataset\2022\images\DJI_11012.JPG,0.2580165915984925,1347342,5221920,
data/raw/external/river_water_dataset\2022\images\DJI_11013.JPG,0.09351713545975426,488339,5221920,
data/raw/external/river_water_dataset\2022\images\DJI_11014.JPG,0.11177421331617489,583676,5221920,
data/raw/external/river_water_dataset\2022\images\DJI_11015.JPG,0.16790854704782915,876805,5221920,
data/raw/external/river_water_dataset\2022\images\DJI_11016.JPG,0.03837515703036431,200392,5221920,
data/raw/external/river_water_dataset\2022\images\DJI_11017.JPG,0.26331464288997153,1375008,5221920,
data/raw/external/river_water_dataset\2022\images\DJI_11018.JPG,0.3513698026779422,1834825,5221920,
data/raw/external/river_water_dataset\2022\images\DJI_11019.JPG,0.3154952584489996,1647491,5221920,
data/raw/external/river_water_dataset\2022\images\DJI_11020.JPG,0.2774042880779483,1448583,5221920,
data/raw/external/river_water_dataset\2022\images\DJI_11021.JPG,0.09150638079480344,477839,5221920,
data/raw/external/river_water_dataset\2022\images\DJI_11022.JPG,0.10255059441737904,535511,5221920,
data/raw/external/river_water_dataset\2022\images\DJI_11023.JPG,0.14049200294144681,733638,5221920,
data/raw/external/river_water_dataset\2022\images\DJI_11024.JPG,0.02621928332873732,136915,5221920,
data/raw/external/river_water_dataset\2022\images\DJI_11038.JPG,0.015690588902166253,81935,5221920,
data/raw/external/river_water_dataset\2022\images\DJI_11039.JPG,0.19336776511321507,1009751,5221920,
data/raw/external/river_water_dataset\2022\images\DJI_11040.JPG,0.37910404602138675,1979651,5221920,
data/raw/external/river_water_dataset\2022\images\DJI_11041.JPG,0.38904808959156784,2031578,5221920,
data/raw/external/river_water_dataset\2022\images\DJI_11042.JPG,0.31595505101571836,1649892,5221920,
data/raw/external/river_water_dataset\2022\images\DJI_11043.JPG,0.10098775929160156,527350,5221920,
data/raw/external/river_water_dataset\2022\images\DJI_11044.JPG,0.10400063578147502,543083,5221920,
data/raw/external/river_water_dataset\2022\images\DJI_11045.JPG,0.12524780157489965,654034,5221920,
data/raw/external/river_water_dataset\2022\images\DJI_11047.JPG,0.028932844624199528,151085,5221920,
data/raw/external/river_water_dataset\2022\images\DJI_11048.JPG,0.25580820847504365,1335810,5221920,
data/raw/external/river_water_dataset\2022\images\DJI_11049.JPG,0.26710596868584735,1394806,5221920,
data/raw/external/river_water_dataset\2022\images\DJI_11050.JPG,0.2793769341544872,1458884,5221920,
data/raw/external/river_water_dataset\2022\images\DJI_11051.JPG,0.210380090081809,1098588,5221920,
data/raw/external/river_water_dataset\2022\images\DJI_11052.JPG,0.09615447957839263,502111,5221920,
data/raw/external/river_water_dataset\2022\images\DJI_11064.JPG,0.012482573459570425,65183,5221920,
data/raw/external/river_water_dataset\2022\images\DJI_11065.JPG,0.09561636332996293,499301,5221920,
data/raw/external/river_water_dataset\2022\images\DJI_11066.JPG,0.17617198271899992,919956,5221920,
data/raw/external/river_water_dataset\2022\images\DJI_11067.JPG,0.2420810736280908,1264128,5221920,
data/raw/external/river_water_dataset\2022\images\DJI_11068.JPG,0.37376099212550173,1951750,5221920,
data/raw/external/river_water_dataset\2022\images\DJI_11069.JPG,0.2174669470233171,1135595,5221920,
data/raw/external/river_water_dataset\2022\images\DJI_11070.JPG,0.15949612403100774,832876,5221920,
data/raw/external/river_water_dataset\2022\images\DJI_11071.JPG,0.24512478168949353,1280022,5221920,
data/raw/external/river_water_dataset\2022\images\DJI_11072.JPG,0.15897524282256334,830156,5221920,
data/raw/external/river_water_dataset\2022\images\DJI_11073.JPG,0.4053315638692282,2116609,5221920,
data/raw/external/river_water_dataset\2022\images\DJI_11074.JPG,0.3379622820724944,1764812,5221920,
data/raw/external/river_water_dataset\2022\images\DJI_11075.JPG,0.23813788797990013,1243537,5221920,
data/raw/external/river_water_dataset\2022\images\DJI_11076.JPG,0.11838519165364464,618198,5221920,
data/raw/external/river_water_dataset\2022\images\DJI_11077.JPG,0.052765840916750927,275539,5221920,
data/raw/external/river_water_dataset\2022\images\DJI_11081.JPG,0.0669276817722217,349491,5221920,
data/raw/external/river_water_dataset\2022\images\DJI_11082.JPG,0.23348576768698104,1219244,5221920,
data/raw/external/river_water_dataset\2022\images\DJI_11083.JPG,0.4573813846248123,2388409,5221920,
data/raw/external/river_water_dataset\2022\images\DJI_11084.JPG,0.41361414958482706,2159860,5221920,
data/raw/external/river_water_dataset\2022\images\DJI_11085.JPG,0.3382309571958207,1766215,5221920,
data/raw/external/river_water_dataset\2022\images\DJI_11086.JPG,0.15208180132977908,794159,5221920,
data/raw/external/river_water_dataset\2022\images\DJI_11087.JPG,0.04582375831111928,239288,5221920,
data/raw/external/river_water_dataset\2022\images\DJI_11097.JPG,0.011458620583999754,59836,5221920,
data/raw/external/river_water_dataset\2022\images\DJI_11098.JPG,0.16690872322823788,871584,5221920,
data/raw/external/river_water_dataset\2022\images\DJI_11099.JPG,0.3910848883169409,2042214,5221920,
data/raw/external/river_water_dataset\2022\images\DJI_11100.JPG,0.7412727502527806,3870867,5221920,
data/raw/external/river_water_dataset\2022\images\DJI_11101.JPG,0.5244406272022551,2738587,5221920,
data/raw/external/river_water_dataset\2022\images\DJI_11102.JPG,0.27656417562888747,1444196,5221920,
data/raw/external/river_water_dataset\2022\images\DJI_11103.JPG,0.07165678524374176,374186,5221920,
data/raw/external/river_water_dataset\2022\images\DJI_11104.JPG,0.03221937524895058,168247,5221920,
data/raw/external/river_water_dataset\2022\images\DJI_11105.JPG,0.031984404203817755,167020,5221920,
data/raw/external/river_water_dataset\2022\images\DJI_11106.JPG,0.028241336519900725,147474,5221920,
data/raw/external/river_water_dataset\2022\images\DJI_11107.JPG,0.029574945613873825,154438,5221920,
data/raw/external/river_water_dataset\2022\images\DJI_11108.JPG,0.02152733094340779,112414,5221920,
data/raw/external/river_water_dataset\2022\images\DJI_11110.JPG,0.05564753960229188,290587,5221920,
data/raw/external/river_water_dataset\2022\images\DJI_11111.JPG,0.26600235162545577,1389043,5221920,
data/raw/external/river_water_dataset\2022\images\DJI_11112.JPG,0.477621449581763,2494101,5221920,
data/raw/external/river_water_dataset\2022\images\DJI_11113.JPG,0.6591031651193431,3441784,5221920,
data/raw/external/river_water_dataset\2022\images\DJI_11114.JPG,0.5791605386524497,3024330,5221920,
data/raw/external/river_water_dataset\2022\images\DJI_11115.JPG,0.3933758081318749,2054177,5221920,
data/raw/external/river_water_dataset\2022\images\DJI_11116.JPG,0.14650760639764684,765051,5221920,
data/raw/external/river_water_dataset\2022\images\DJI_11128.JPG,0.19182446303275424,1001692,5221920,
data/raw/external/river_water_dataset\2022\images\DJI_11129.JPG,0.208212496552992,1087269,5221920,
data/raw/external/river_water_dataset\2022\images\DJI_11130.JPG,0.708489214694978,3699674,5221920,
data/raw/external/river_water_dataset\2022\images\DJI_11131.JPG,0.7403045240064957,3865811,5221920,
data/raw/external/river_water_dataset\2022\images\DJI_11132.JPG,0.4990470937892576,2605984,5221920,
data/raw/external/river_water_dataset\2022\images\DJI_11133.JPG,0.2364004044489383,1234464,5221920,
data/raw/external/river_water_dataset\2022\images\DJI_11135.JPG,0.01803666084505316,94186,5221920,
data/raw/external/river_water_dataset\2022\images\DJI_11136.JPG,0.008988073352330178,46935,5221920,
data/raw/external/river_water_dataset\2022\images\DJI_11138.JPG,0.08008989030854552,418223,5221920,
data/raw/external/river_water_dataset\2022\images\DJI_11139.JPG,0.24481646597420106,1278412,5221920,
data/raw/external/river_water_dataset\2022\images\DJI_11140.JPG,0.5812837040781934,3035417,5221920,
data/raw/external/river_water_dataset\2022\images\DJI_11141.JPG,0.7291810291999877,3807725,5221920,
data/raw/external/river_water_dataset\2022\images\DJI_11142.JPG,0.6011357891350307,3139083,5221920,
data/raw/external/river_water_dataset\2022\images\DJI_11143.JPG,0.3417045837546343,1784354,5221920,
data/raw/external/river_water_dataset\2022\images\DJI_11144.JPG,0.09215460979869473,481224,5221920,
data/raw/external/river_water_dataset\2022\images\DJI_11149.JPG,0.16446709256365474,858834,5221920,
data/raw/external/river_water_dataset\2022\images\DJI_11150.JPG,0.39916046205227196,2084384,5221920,
data/raw/external/river_water_dataset\2022\images\DJI_11151.JPG,0.5878443177988173,3069676,5221920,
data/raw/external/river_water_dataset\2022\images\DJI_11152.JPG,0.6253391472868217,3265471,5221920,
data/raw/external/river_water_dataset\2022\images\DJI_11153.JPG,0.4820058522535772,2516996,5221920,
data/raw/external/river_water_dataset\2022\images\DJI_11154.JPG,0.1888801437019334,986317,5221920,
data/raw/external/river_water_dataset\2022\images\DJI_11156.JPG,0.012462274412476637,65077,5221920,
data/raw/external/river_water_dataset\2022\images\DJI_11161.JPG,0.0038424564144988816,20065,5221920,
data/raw/external/river_water_dataset\2022\images\DJI_11162.JPG,0.09902162423016822,517083,5221920,
data/raw/external/river_water_dataset\2022\images\DJI_11163.JPG,0.35181695621533843,1837160,5221920,
data/raw/external/river_water_dataset\2022\images\DJI_11164.JPG,0.6186230352054417,3230400,5221920,
data/raw/external/river_water_dataset\2022\images\DJI_11165.JPG,0.6272066596194503,3275223,5221920,
data/raw/external/river_water_dataset\2022\images\DJI_11166.JPG,0.49817749027177743,2601443,5221920,
data/raw/external/river_water_dataset\2022\images\DJI_11167.JPG,0.0478829625884732,250041,5221920,
data/raw/external/river_water_dataset\2022\images\DJI_11168.JPG,0.19549112203940314,1020839,5221920,
data/raw/external/river_water_dataset\2022\images\DJI_11169.JPG,0.43229712442932866,2257421,5221920,
data/raw/external/river_water_dataset\2022\images\DJI_11170.JPG,0.6282022704292674,3280422,5221920,
data/raw/external/river_water_dataset\2022\images\DJI_11171.JPG,0.585228804730827,3056018,5221920,
data/raw/external/river_water_dataset\2022\images\DJI_11172.JPG,0.3639203587952324,1900363,5221920,
data/raw/external/river_water_dataset\2022\images\DJI_11188.JPG,0.07189730980175874,375442,5221920,
data/raw/external/river_water_dataset\2022\images\DJI_11189.JPG,0.5907116539510372,3084649,5221920,
data/raw/external/river_water_dataset\2022\images\DJI_11190.JPG,0.5324972423936023,2780658,5221920,
data/raw/external/river_water_dataset\2022\images\DJI_11191.JPG,0.30674522014891076,1601799,5221920,
data/raw/external/river_water_dataset\2022\images\DJI_11192.JPG,0.08959635536354445,467865,5221920,
data/raw/external/river_water_dataset\2022\images\DJI_11198.JPG,0.0696485200845666,363699,5221920,
data/raw/external/river_water_dataset\2022\images\DJI_11199.JPG,0.29500126390293224,1540473,5221920,
data/raw/external/river_water_dataset\2022\images\DJI_11200.JPG,0.20578944143150413,1074616,5221920,
data/raw/external/river_water_dataset\2022\images\DJI_11201.JPG,0.19548690902962895,1020817,5221920,
data/raw/external/river_water_dataset\2022\images\DJI_11202.JPG,0.08034918191010203,419577,5221920,
data/raw/external/river_water_dataset\2022\images\DJI_11214.JPG,0.10986782639335724,573721,5221920,
data/raw/external/river_water_dataset\2022\images\DJI_11215.JPG,0.2034194319330821,1062240,5221920,
data/raw/external/river_water_dataset\2022\images\DJI_11216.JPG,0.19825849495970832,1035290,5221920,
data/raw/external/river_water_dataset\2022\images\DJI_11217.JPG,0.3097238180592579,1617353,5221920,
data/raw/external/river_water_dataset\2022\images\DJI_11218.JPG,0.04773014523393694,249243,5221920,
data/raw/external/river_water_dataset\2022\images\DJI_11226.JPG,0.14205522106811289,741801,5221920,
data/raw/external/river_water_dataset\2022\images\DJI_11227.JPG,0.22511528326745717,1175534,5221920,
data/raw/external/river_water_dataset\2022\images\DJI_11228.JPG,0.22361353678340534,1167692,5221920,
data/raw/external/river_water_dataset\2022\images\DJI_11229.JPG,0.21529916199405583,1124275,5221920,
data/raw/external/river_water_dataset\2022\images\DJI_11230.JPG,0.045281620553359686,236457,5221920,
data/raw/external/river_water_dataset\2022\images\DJI_11235.JPG,0.045939616079909304,239893,5221920,
data/raw/external/river_water_dataset\2022\images\DJI_11236.JPG,0.2398521999571039,1252489,5221920,
data/raw/external/river_water_dataset\2022\images\DJI_11237.JPG,0.23766239237675033,1241054,5221920,
data/raw/external/river_water_dataset\2022\images\DJI_11238.JPG,0.24444418911051874,1276468,5221920,
data/raw/external/river_water_dataset\2022\images\DJI_11239.JPG,0.16589434537488126,866287,5221920,
data/raw/external/river_water_dataset\2022\images\DJI_11248.JPG,0.19804343996078072,1034167,5221920,
data/raw/external/river_water_dataset\2022\images\DJI_11249.JPG,0.2851349695131293,1488952,5221920,
data/raw/external/river_water_dataset\2022\images\DJI_11250.JPG,0.2833172472960137,1479460,5221920,
data/raw/external/river_water_dataset\2022\images\DJI_11251.JPG,0.26223572938689216,1369374,5221920,
data/raw/external/river_water_dataset\2022\images\DJI_11252.JPG,0.06867569782761895,358619,5221920,
data/raw/external/river_water_dataset\2022\images\DJI_11257.JPG,0.1680573428930355,877582,5221920,
data/raw/external/river_water_dataset\2022\images\DJI_11258.JPG,0.2902014967674725,1515409,5221920,
data/raw/external/river_water_dataset\2022\images\DJI_11259.JPG,0.287611070257683,1501882,5221920,
data/raw/external/river_water_dataset\2022\images\DJI_11260.JPG,0.2811873793547201,1468338,5221920,
data/raw/external/river_water_dataset\2022\images\DJI_11261.JPG,0.10081387688819438,526442,5221920,
data/raw/external/river_water_dataset\2022\images\DJI_11268.JPG,0.08445839844348439,441035,5221920,
data/raw/external/river_water_dataset\2022\images\DJI_11269.JPG,0.2688876888194381,1404110,5221920,
data/raw/external/river_water_dataset\2022\images\DJI_11270.JPG,0.29837492722983117,1558090,5221920,
data/raw/external/river_water_dataset\2022\images\DJI_11271.JPG,0.29705357416429207,1551190,5221920,
data/raw/external/river_water_dataset\2022\images\DJI_11272.JPG,0.19721003002726967,1029815,5221920,
data/raw/external/river_water_dataset\2022\images\DJI_11273.JPG,0.03565029720868952,186163,5221920,
data/raw/external/river_water_dataset\2022\images\DJI_11280.JPG,0.057469666329625885,300102,5221920,
data/raw/external/river_water_dataset\2022\images\DJI_11281.JPG,0.1860938122376444,971767,5221920,
data/raw/external/river_water_dataset\2022\images\DJI_11282.JPG,0.3225110687256794,1684127,5221920,
data/raw/external/river_water_dataset\2022\images\DJI_11283.JPG,0.3331020007966419,1739432,5221920,
data/raw/external/river_water_dataset\2022\images\DJI_11284.JPG,0.2858180515978797,1492519,5221920,
data/raw/external/river_water_dataset\2022\images\DJI_11285.JPG,0.15798844103318319,825003,5221920,
data/raw/external/river_water_dataset\2022\images\DJI_11286.JPG,0.015755699053221803,82275,5221920,
data/raw/external/river_water_dataset\2022\images\DJI_11292.JPG,0.051288031988234214,267822,5221920,
data/raw/external/river_water_dataset\2022\images\DJI_11293.JPG,0.17839951588687686,931588,5221920,
data/raw/external/river_water_dataset\2022\images\DJI_11294.JPG,0.30750854091981494,1605785,5221920,
data/raw/external/river_water_dataset\2022\images\DJI_11295.JPG,0.40604643502772925,2120342,5221920,
data/raw/external/river_water_dataset\2022\images\DJI_11296.JPG,0.37023144743695807,1933319,5221920,
data/raw/external/river_water_dataset\2022\images\DJI_11297.JPG,0.2333386953457732,1218476,5221920,
data/raw/external/river_water_dataset\2022\images\DJI_11298.JPG,0.09669451083126512,504931,5221920,
data/raw/external/river_water_dataset\2022\images\DJI_11299.JPG,0.0066456399178846095,34703,5221920,
data/raw/external/river_water_dataset\2022\images\DJI_11306.JPG,0.027293792321598186,142526,5221920,
data/raw/external/river_water_dataset\2022\images\DJI_11308.JPG,0.1262416888807182,659224,5221920,
data/raw/external/river_water_dataset\2022\images\DJI_11309.JPG,0.32642265680056376,1704553,5221920,
data/raw/external/river_water_dataset\2022\images\DJI_11310.JPG,0.465548687072954,2431058,5221920,
data/raw/external/river_water_dataset\2022\images\DJI_11311.JPG,0.4653623571406686,2430085,5221920,
data/raw/external/river_water_dataset\2022\images\DJI_11312.JPG,0.3399877822716549,1775389,5221920,
data/raw/external/river_water_dataset\2022\images\DJI_11313.JPG,0.16074911143793855,839419,5221920,
data/raw/external/river_water_dataset\2022\images\DJI_11314.JPG,0.0687237644391335,358870,5221920,
data/raw/external/river_water_dataset\2022\images\DJI_11320.JPG,0.041649048625792814,217488,5221920,
data/raw/external/river_water_dataset\2022\images\DJI_11321.JPG,0.14749479118791556,770206,5221920,
data/raw/external/river_water_dataset\2022\images\DJI_11322.JPG,0.4382671507797898,2288596,5221920,
data/raw/external/river_water_dataset\2022\images\DJI_11323.JPG,0.5623632686827833,2936616,5221920,
data/raw/external/river_water_dataset\2022\images\DJI_11324.JPG,0.5383650075068174,2811299,5221920,
data/raw/external/river_water_dataset\2022\images\DJI_11325.JPG,0.2883602199957104,1505794,5221920,
data/raw/external/river_water_dataset\2022\images\DJI_11326.JPG,0.09824508992860863,513028,5221920,
data/raw/external/river_water_dataset\2022\images\DJI_11327.JPG,0.04105329074363453,214377,5221920,
data/raw/external/river_water_dataset\2022\images\DJI_11328.JPG,0.0917622253883629,479175,5221920,
data/raw/external/river_water_dataset\2022\images\DJI_11330.JPG,0.18151101510555503,947836,5221920,
data/raw/external/river_water_dataset\2022\images\DJI_11331.JPG,0.4566285963783436,2384478,5221920,
data/raw/external/river_water_dataset\2022\images\DJI_11332.JPG,0.5281635873395226,2758028,5221920,
data/raw/external/river_water_dataset\2022\images\DJI_11333.JPG,0.508192772007231,2653742,5221920,
data/raw/external/river_water_dataset\2022\images\DJI_11334.JPG,0.3504310675000766,1829923,5221920,
data/raw/external/river_water_dataset\2022\images\DJI_11335.JPG,0.14560602230597175,760343,5221920,
data/raw/external/river_water_dataset\2022\images\DJI_11340.JPG,0.1142545270705028,596628,5221920,
data/raw/external/river_water_dataset\2022\images\DJI_11341.JPG,0.3153891672028679,1646937,5221920,
data/raw/external/river_water_dataset\2022\images\DJI_11342.JPG,0.5643079556944572,2946771,5221920,
data/raw/external/river_water_dataset\2022\images\DJI_11343.JPG,0.5954568434598768,3109428,5221920,
data/raw/external/river_water_dataset\2022\images\DJI_11344.JPG,0.5373150105708245,2805816,5221920,
data/raw/external/river_water_dataset\2022\images\DJI_11345.JPG,0.33172683610625975,1732251,5221920,
data/raw/external/river_water_dataset\2022\images\DJI_11363.JPG,0.2761308101234795,1441933,5221920,
data/raw/external/river_water_dataset\2022\images\DJI_11364.JPG,0.43434598768269145,2268120,5221920,
data/raw/external/river_water_dataset\2022\images\DJI_11365.JPG,0.5410670787756228,2825409,5221920,
data/raw/external/river_water_dataset\2022\images\DJI_11366.JPG,0.5257123816527254,2745228,5221920,
data/raw/external/river_water_dataset\2022\images\DJI_11367.JPG,0.3058622116003309,1597188,5221920,
data/raw/external/river_water_dataset\2022\images\DJI_11368.JPG,0.12400132518307443,647525,5221920,
data/raw/external/river_water_dataset\2022\images\DJI_11370.JPG,0.03761758127278855,196436,5221920,
data/raw/external/river_water_dataset\2022\images\DJI_11371.JPG,0.018990907558905538,99169,5221920,
data/raw/external/river_water_dataset\2022\images\DJI_11373.JPG,0.0874626574133652,456723,5221920,
data/raw/external/river_water_dataset\2022\images\DJI_11374.JPG,0.3298530042589699,1722466,5221920,
data/raw/external/river_water_dataset\2022\images\DJI_11375.JPG,0.5242366792290958,2737522,5221920,
data/raw/external/river_water_dataset\2022\images\DJI_11376.JPG,0.5877171615038147,3069012,5221920,
data/raw/external/river_water_dataset\2022\images\DJI_11377.JPG,0.5038782669975794,2631212,5221920,
data/raw/external/river_water_dataset\2022\images\DJI_11378.JPG,0.2731585317277936,1426412,5221920,
data/raw/external/river_water_dataset\2022\images\DJI_11379.JPG,0.07249689769280265,378573,5221920,
data/raw/external/river_water_dataset\2022\images\DJI_11386.JPG,0.012395249256978276,64727,5221920,
data/raw/external/river_water_dataset\2022\images\DJI_11387.JPG,0.11977778288445629,625470,5221920,
data/raw/external/river_water_dataset\2022\images\DJI_11388.JPG,0.3591362946962037,1875381,5221920,
data/raw/external/river_water_dataset\2022\images\DJI_11389.JPG,0.5475620078438582,2859325,5221920,
data/raw/external/river_water_dataset\2022\images\DJI_11390.JPG,0.5527930339798388,2886641,5221920,
data/raw/external/river_water_dataset\2022\images\DJI_11391.JPG,0.43156865673928363,2253617,5221920,
data/raw/external/river_water_dataset\2022\images\DJI_11392.JPG,0.16700792045837545,872102,5221920,
data/raw/external/river_water_dataset\2022\images\DJI_11394.JPG,0.029174901185770753,152349,5221920,
data/raw/external/river_water_dataset\2022\images\DJI_11395.JPG,0.029021126329013082,151546,5221920,
data/raw/external/river_water_dataset\2022\images\DJI_11399.JPG,0.11961730551214879,624632,5221920,
data/raw/external/river_water_dataset\2022\images\DJI_11400.JPG,0.3503073582130711,1829277,5221920,
data/raw/external/river_water_dataset\2022\images\DJI_11401.JPG,0.5439418834451696,2840421,5221920,
data/raw/external/river_water_dataset\2022\images\DJI_11402.JPG,0.4656191592364494,2431426,5221920,
data/raw/external/river_water_dataset\2022\images\DJI_11403.JPG,0.33752470355731223,1762527,5221920,
data/raw/external/river_water_dataset\2022\images\DJI_11404.JPG,0.08458612923981984,441702,5221920,
data/raw/external/river_water_dataset\2022\images\DJI_11411.JPG,0.012393717253424029,64719,5221920,
data/raw/external/river_water_dataset\2022\images\DJI_11412.JPG,0.20349469160768452,1062633,5221920,
data/raw/external/river_water_dataset\2022\images\DJI_11413.JPG,0.4272392146949781,2231009,5221920,
data/raw/external/river_water_dataset\2022\images\DJI_11414.JPG,0.412552471121733,2154316,5221920,
data/raw/external/river_water_dataset\2022\images\DJI_11415.JPG,0.4018542988019732,2098451,5221920,
data/raw/external/river_water_dataset\2022\images\DJI_11416.JPG,0.1558744676287649,813964,5221920,
data/raw/external/river_water_dataset\2022\images\DJI_11423.JPG,0.20157681465821,1052618,5221920,
data/raw/external/river_water_dataset\2022\images\DJI_11424.JPG,0.4479172411679995,2338988,5221920,
data/raw/external/river_water_dataset\2022\images\DJI_11425.JPG,0.4578695192572847,2390958,5221920,
data/raw/external/river_water_dataset\2022\images\DJI_11426.JPG,0.3583354398382204,1871199,5221920,
data/raw/external/river_water_dataset\2022\images\DJI_11427.JPG,0.17357447069277201,906392,5221920,
data/raw/external/river_water_dataset\2022\images\DJI_11432.JPG,0.12248004565370592,639581,5221920,
data/raw/external/river_water_dataset\2022\images\DJI_11433.JPG,0.4008215369059656,2093058,5221920,
data/raw/external/river_water_dataset\2022\images\DJI_11434.JPG,0.4360490011336826,2277013,5221920,
data/raw/external/river_water_dataset\2022\images\DJI_11435.JPG,0.40683024634617154,2124435,5221920,
data/raw/external/river_water_dataset\2022\images\DJI_11436.JPG,0.2995133973710819,1564035,5221920,
data/raw/external/river_water_dataset\2022\images\DJI_11437.JPG,0.027932063302386862,145859,5221920,
data/raw/external/river_water_dataset\2022\images\DJI_11451.JPG,0.16644663265618775,869171,5221920,
data/raw/external/river_water_dataset\2022\images\DJI_11452.JPG,0.36461933541685815,1904013,5221920,
data/raw/external/river_water_dataset\2022\images\DJI_11453.JPG,0.4480365459447866,2339611,5221920,
data/raw/external/river_water_dataset\2022\images\DJI_11454.JPG,0.4525006128014217,2362922,5221920,
data/raw/external/river_water_dataset\2022\images\DJI_11455.JPG,0.25053141373287985,1308255,5221920,
data/raw/external/river_water_dataset\2022\images\DJI_11456.JPG,0.07654904709378926,399733,5221920,
data/raw/external/river_water_dataset\2022\images\DJI_11463.JPG,0.1909081334068695,996907,5221920,
data/raw/external/river_water_dataset\2022\images\DJI_11464.JPG,0.44198589790728315,2308015,5221920,
data/raw/external/river_water_dataset\2022\images\DJI_11465.JPG,0.4737816741734841,2474050,5221920,
data/raw/external/river_water_dataset\2022\images\DJI_11466.JPG,0.5177118760915526,2703450,5221920,
data/raw/external/river_water_dataset\2022\images\DJI_11467.JPG,0.24419255752673347,1275154,5221920,
data/raw/external/river_water_dataset\2022\images\DJI_11468.JPG,0.022437149554186967,117165,5221920,
data/raw/external/river_water_dataset\2022\images\DJI_11477.JPG,0.029788277108802892,155552,5221920,
data/raw/external/river_water_dataset\2022\images\DJI_11478.JPG,0.2598982749639979,1357168,5221920,
data/raw/external/river_water_dataset\2022\images\DJI_11479.JPG,0.4998295646045899,2610070,5221920,
data/raw/external/river_water_dataset\2022\images\DJI_11480.JPG,0.4677656877163955,2442635,5221920,
data/raw/external/river_water_dataset\2022\images\DJI_11481.JPG,0.4366169914514202,2279979,5221920,
data/raw/external/river_water_dataset\2022\images\DJI_11482.JPG,0.15849668321230506,827657,5221920,
data/raw/external/river_water_dataset\2022\images\DJI_11492.JPG,0.07696173055121489,401888,5221920,
data/raw/external/river_water_dataset\2022\images\DJI_11493.JPG,0.33126953304531664,1729863,5221920,
data/raw/external/river_water_dataset\2022\images\DJI_11494.JPG,0.405828890523026,2119206,5221920,
data/raw/external/river_water_dataset\2022\images\DJI_11495.JPG,0.4093967353004259,2137837,5221920,
data/raw/external/river_water_dataset\2022\images\DJI_11496.JPG,0.26916842847075406,1405576,5221920,
data/raw/external/river_water_dataset\2022\images\DJI_11497.JPG,0.12108975242822563,632321,5221920,
data/raw/external/river_water_dataset\2022\images\DJI_11504.JPG,0.021073474890461744,110044,5221920,
data/raw/external/river_water_dataset\2022\images\DJI_11505.JPG,0.2656507568097558,1387207,5221920,
data/raw/external/river_water_dataset\2022\images\DJI_11506.JPG,0.33054700186904434,1726090,5221920,
data/raw/external/river_water_dataset\2022\images\DJI_11507.JPG,0.33582666911787235,1753660,5221920,
data/raw/external/river_water_dataset\2022\images\DJI_11508.JPG,0.25068308208475043,1309047,5221920,
data/raw/external/river_water_dataset\2022\images\DJI_11509.JPG,0.03734622514324233,195019,5221920,
data/raw/external/river_water_dataset\2022\images\DJI_11517.JPG,0.08267303980145234,431712,5221920,
data/raw/external/river_water_dataset\2022\images\DJI_11518.JPG,0.2615038146888501,1365552,5221920,
data/raw/external/river_water_dataset\2022\images\DJI_11519.JPG,0.29115708398443485,1520399,5221920,
data/raw/external/river_water_dataset\2022\images\DJI_11520.JPG,0.2844168428470754,1485202,5221920,
data/raw/external/river_water_dataset\2022\images\DJI_11521.JPG,0.15730765695376414,821448,5221920,
data/raw/external/river_water_dataset\2022\images\DJI_11522.JPG,0.015747464534117718,82232,5221920,
data/raw/external/river_water_dataset\2022\images\DJI_11526.JPG,0.01666149615467108,87005,5221920,
data/raw/external/river_water_dataset\2022\images\DJI_11527.JPG,0.12019238134632472,627635,5221920,
data/raw/external/river_water_dataset\2022\images\DJI_11528.JPG,0.2264598078867543,1182555,5221920,
data/raw/external/river_water_dataset\2022\images\DJI_11529.JPG,0.30143587033121916,1574074,5221920,
data/raw/external/river_water_dataset\2022\images\DJI_11530.JPG,0.20708666544106383,1081390,5221920,
data/raw/external/river_water_dataset\2022\images\DJI_11531.JPG,0.10354160921653338,540686,5221920,
data/raw/external/river_water_dataset\2022\images\DJI_11532.JPG,0.0175123326286117,91448,5221920,
data/raw/external/river_water_dataset\2022\images\DJI_11548.JPG,0.0827592150013788,432162,5221920,
data/raw/external/river_water_dataset\2022\images\DJI_11549.JPG,0.1909293899561847,997018,5221920,
data/raw/external/river_water_dataset\2022\images\DJI_11550.JPG,0.27540885344854,1438163,5221920,
data/raw/external/river_water_dataset\2022\images\DJI_11551.JPG,0.23466330391886508,1225393,5221920,
data/raw/external/river_water_dataset\2022\images\DJI_11552.JPG,0.13859059503018048,723709,5221920,
data/raw/external/river_water_dataset\2022\images\DJI_11553.JPG,0.028610549376474552,149402,5221920,
data/raw/external/river_water_dataset\2022\images\DJI_11563.JPG,0.08742588932806324,456531,5221920,
data/raw/external/river_water_dataset\2022\images\DJI_11564.JPG,0.23795423905383462,1242578,5221920,
data/raw/external/river_water_dataset\2022\images\DJI_11565.JPG,0.25586470110610654,1336105,5221920,
data/raw/external/river_water_dataset\2022\images\DJI_11566.JPG,0.23383372399423966,1221061,5221920,
data/raw/external/river_water_dataset\2022\images\DJI_11567.JPG,0.11358197751018782,593116,5221920,
data/raw/external/river_water_dataset\2022\images\DJI_11576.JPG,0.047793723381438245,249575,5221920,
data/raw/external/river_water_dataset\2022\images\DJI_11577.JPG,0.22689106688727517,1184807,5221920,
data/raw/external/river_water_dataset\2022\images\DJI_11578.JPG,0.23026913472439256,1202447,5221920,
data/raw/external/river_water_dataset\2022\images\DJI_11579.JPG,0.23012608389251463,1201700,5221920,
data/raw/external/river_water_dataset\2022\images\DJI_11580.JPG,0.16987832061770383,887091,5221920,
data/raw/external/river_water_dataset\2022\images\DJI_11596.JPG,0.10006549315194412,522534,5221920,
data/raw/external/river_water_dataset\2022\images\DJI_11597.JPG,0.24820295983086682,1296096,5221920,
data/raw/external/river_water_dataset\2022\images\DJI_11598.JPG,0.25398799675215245,1326305,5221920,
data/raw/external/river_water_dataset\2022\images\DJI_11599.JPG,0.24577454269693905,1283415,5221920,
data/raw/external/river_water_dataset\2022\images\DJI_11600.JPG,0.1175021831050648,613587,5221920,
data/raw/external/river_water_dataset\2022\images\DJI_11601.JPG,0.17244921408217667,900516,5221920,
data/raw/external/river_water_dataset\2022\images\DJI_11602.JPG,0.21269667095627662,1110685,5221920,
data/raw/external/river_water_dataset\2022\images\DJI_11603.JPG,0.12552107270888868,655461,5221920,
data/raw/external/river_water_dataset\2022\images\DJI_11604.JPG,0.21712837423782824,1133827,5221920,
data/raw/external/river_water_dataset\2022\images\DJI_11605.JPG,0.25630304562306583,1338394,5221920,
data/raw/external/river_water_dataset\2022\images\DJI_11606.JPG,0.26157601035634404,1365929,5221920,
data/raw/external/river_water_dataset\2022\images\DJI_11607.JPG,0.04577952170849036,239057,5221920,
data/raw/external/river_water_dataset\2022\images\DJI_11618.JPG,0.044707310720960874,233458,5221920,
data/raw/external/river_water_dataset\2022\images\DJI_11619.JPG,0.2632723212917854,1374787,5221920,
data/raw/external/river_water_dataset\2022\images\DJI_11620.JPG,0.27393430002757607,1430463,5221920,
data/raw/external/river_water_dataset\2022\images\DJI_11621.JPG,0.2678587569323161,1398737,5221920,
data/raw/external/river_water_dataset\2022\images\DJI_11622.JPG,0.18823076569537642,982926,5221920,
data/raw/external/river_water_dataset\2023\images\DJI_11623.JPG,0.10124551888960383,528696,5221920,
data/raw/external/river_water_dataset\2023\images\DJI_11624.JPG,0.348579258203879,1820253,5221920,
data/raw/external/river_water_dataset\2023\images\DJI_11625.JPG,0.48686134601832276,2542351,5221920,
data/raw/external/river_water_dataset\2023\images\DJI_11626.JPG,0.547003784048779,2856410,5221920,
data/raw/external/river_water_dataset\2023\images\DJI_11627.JPG,0.2932074792413518,1531106,5221920,
data/raw/external/river_water_dataset\2023\images\DJI_11628.JPG,0.041218555627049056,215240,5221920,
data/raw/external/river_water_dataset\2023\images\DJI_11631.JPG,0.015410423752183105,80472,5221920,
data/raw/external/river_water_dataset\2023\images\DJI_11632.JPG,0.2282982121518522,1192155,5221920,
data/raw/external/river_water_dataset\2023\images\DJI_11633.JPG,0.488697260777645,2551938,5221920,
data/raw/external/river_water_dataset\2023\images\DJI_11634.JPG,0.6205606367006772,3240518,5221920,
data/raw/external/river_water_dataset\2023\images\DJI_11635.JPG,0.6304131430584919,3291967,5221920,
data/raw/external/river_water_dataset\2023\images\DJI_11636.JPG,0.4568524603977081,2385647,5221920,
data/raw/external/river_water_dataset\2023\images\DJI_11637.JPG,0.34186774213316173,1785206,5221920,
data/raw/external/river_water_dataset\2023\images\DJI_11638.JPG,0.08693086067959678,453946,5221920,
data/raw/external/river_water_dataset\2023\images\DJI_11647.JPG,0.44899232466219324,2344602,5221920,
data/raw/external/river_water_dataset\2023\images\DJI_11648.JPG,0.03485442136225756,182007,5221920,
data/raw/external/river_water_dataset\2023\images\DJI_11649.JPG,0.2822308652756074,1473787,5221920,
data/raw/external/river_water_dataset\2023\images\DJI_11650.JPG,0.543202117228912,2836558,5221920,
data/raw/external/river_water_dataset\2023\images\DJI_11651.JPG,0.6382133391549468,3332699,5221920,
data/raw/external/river_water_dataset\2023\images\DJI_11652.JPG,0.5686276312161044,2969328,5221920,
data/raw/external/river_water_dataset\2023\images\DJI_11653.JPG,0.30905490700738425,1613860,5221920,
data/raw/external/river_water_dataset\2023\images\DJI_11654.JPG,0.06200995036308484,323811,5221920,
data/raw/external/river_water_dataset\2023\images\DJI_11655.JPG,0.007353042559058737,38397,5221920,
data/raw/external/river_water_dataset\2023\images\DJI_11656.JPG,0.0014981079756105034,7823,5221920,
data/raw/external/river_water_dataset\2023\images\DJI_11657.JPG,0.015341675092686215,80113,5221920,
data/raw/external/river_water_dataset\2023\images\DJI_11658.JPG,0.43009563532187395,2245925,5221920,
data/raw/external/river_water_dataset\2023\images\DJI_11659.JPG,0.01222289885712535,63827,5221920,
data/raw/external/river_water_dataset\2023\images\DJI_11660.JPG,0.01161182093942458,60636,5221920,
data/raw/external/river_water_dataset\2023\images\DJI_11661.JPG,0.15440910622912646,806312,5221920,
data/raw/external/river_water_dataset\2023\images\DJI_11662.JPG,0.3890881131844226,2031787,5221920,
data/raw/external/river_water_dataset\2023\images\DJI_11663.JPG,0.582974653001195,3044247,5221920,
data/raw/external/river_water_dataset\2023\images\DJI_11664.JPG,0.5789544841744033,3023254,5221920,
data/raw/external/river_water_dataset\2023\images\DJI_11665.JPG,0.4075995036308484,2128452,5221920,
data/raw/external/river_water_dataset\2023\images\DJI_11666.JPG,0.15180125317890739,792694,5221920,
data/raw/external/river_water_dataset\2023\images\DJI_11669.JPG,0.3759546297147409,1963205,5221920,
data/raw/external/river_water_dataset\2023\images\DJI_11676.JPG,0.1273117933633606,664812,5221920,
data/raw/external/river_water_dataset\2023\images\DJI_11677.JPG,0.370234128443178,1933333,5221920,
data/raw/external/river_water_dataset\2023\images\DJI_11678.JPG,0.4848915724484481,2532065,5221920,
data/raw/external/river_water_dataset\2023\images\DJI_11679.JPG,0.4948166574746453,2583893,5221920,
data/raw/external/river_water_dataset\2023\images\DJI_11680.JPG,0.6083632074026412,3176824,5221920,
data/raw/external/river_water_dataset\2023\images\DJI_11681.JPG,0.32960616018629163,1721177,5221920,
data/raw/external/river_water_dataset\2023\images\DJI_11682.JPG,0.14866524190336122,776318,5221920,
data/raw/external/river_water_dataset\2023\images\DJI_11683.JPG,0.08113203572632288,423665,5221920,
data/raw/external/river_water_dataset\2023\images\DJI_11684.JPG,0.012790506173974323,66791,5221920,
data/raw/external/river_water_dataset\2023\images\DJI_11685.JPG,0.01865520728008089,97416,5221920,
data/raw/external/river_water_dataset\2023\images\DJI_11686.JPG,0.01039330361246438,54273,5221920,
data/raw/external/river_water_dataset\2023\images\DJI_11687.JPG,0.006739092134693752,35191,5221920,
data/raw/external/river_water_dataset\2023\images\DJI_11688.JPG,0.011909029628948738,62188,5221920,
data/raw/external/river_water_dataset\2023\images\DJI_11689.JPG,0.08411216564022428,439227,5221920,
data/raw/external/river_water_dataset\2023\images\DJI_11690.JPG,0.23316960045347304,1217593,5221920,
data/raw/external/river_water_dataset\2023\images\DJI_11691.JPG,0.5117487437570856,2672311,5221920,
data/raw/external/river_water_dataset\2023\images\DJI_11692.JPG,0.4481878312957686,2340401,5221920,
data/raw/external/river_water_dataset\2023\images\DJI_11693.JPG,0.4805898979685633,2509602,5221920,
data/raw/external/river_water_dataset\2023\images\DJI_11694.JPG,0.39027656494163065,2037993,5221920,
data/raw/external/river_water_dataset\2023\images\DJI_11695.JPG,0.20349871311701442,1062654,5221920,
data/raw/external/river_water_dataset\2023\images\DJI_11696.JPG,0.001090212029291908,5693,5221920,
data/raw/external/river_water_dataset\2023\images\DJI_11697.JPG,0.0019607730489934736,10239,5221920,
data/raw/external/river_water_dataset\2023\images\DJI_11698.JPG,0.002398351564175629,12524,5221920,
data/raw/external/river_water_dataset\2023\images\DJI_11699.JPG,0.0009952278089285166,5197,5221920,
data/raw/external/river_water_dataset\2023\images\DJI_11700.JPG,0.0008447084597236266,4411,5221920,
data/raw/external/river_water_dataset\2023\images\DJI_11701.JPG,0.0014695744094126299,7674,5221920,
data/raw/external/river_water_dataset\2023\images\DJI_11702.JPG,0.28711182859944234,1499275,5221920,
data/raw/external/river_water_dataset\2023\images\DJI_11703.JPG,0.2393778533566198,1250012,5221920,
data/raw/external/river_water_dataset\2023\images\DJI_11704.JPG,0.3867278702086589,2019462,5221920,
data/raw/external/river_water_dataset\2023\images\DJI_11705.JPG,0.4576590602690198,2389859,5221920,
data/raw/external/river_water_dataset\2023\images\DJI_11706.JPG,0.4648625409810951,2427475,5221920,
data/raw/external/river_water_dataset\2023\images\DJI_11707.JPG,0.2901379186199712,1515077,5221920,
data/raw/external/river_water_dataset\2023\images\DJI_11708.JPG,0.1096410898673285,572537,5221920,
data/raw/external/river_water_dataset\2023\images\DJI_11709.JPG,0.003838817906057542,20046,5221920,
data/raw/external/river_water_dataset\2023\images\DJI_11713.JPG,0.12776679841897234,667188,5221920,
data/raw/external/river_water_dataset\2023\images\DJI_11716.JPG,0.06074432392683151,317202,5221920,
data/raw/external/river_water_dataset\2023\images\DJI_11717.JPG,0.06052122590924411,316037,5221920,
data/raw/external/river_water_dataset\2023\images\DJI_11718.JPG,0.3461031574593253,1807323,5221920,
data/raw/external/river_water_dataset\2023\images\DJI_11719.JPG,0.48875164690382084,2552222,5221920,
data/raw/external/river_water_dataset\2023\images\DJI_11720.JPG,0.4755442442626467,2483254,5221920,
data/raw/external/river_water_dataset\2023\images\DJI_11721.JPG,0.3842130863743604,2006330,5221920,
data/raw/external/river_water_dataset\2023\images\DJI_11722.JPG,0.12198999601679075,637022,5221920,
data/raw/external/river_water_dataset\2023\images\DJI_11723.JPG,0.0,0,5221920,
data/raw/external/river_water_dataset\2023\images\DJI_11724.JPG,0.012798549192634127,66833,5221920,
data/raw/external/river_water_dataset\2023\images\DJI_11731.JPG,0.21503929589116647,1122918,5221920,
data/raw/external/river_water_dataset\2023\images\DJI_11732.JPG,0.43368933265925175,2264691,5221920,
data/raw/external/river_water_dataset\2023\images\DJI_11733.JPG,0.46002332475411345,2402205,5221920,
data/raw/external/river_water_dataset\2023\images\DJI_11734.JPG,0.4811982948800441,2512779,5221920,
data/raw/external/river_water_dataset\2023\images\DJI_11735.JPG,0.2485876842234274,1298105,5221920,
data/raw/external/river_water_dataset\2023\images\DJI_11736.JPG,0.023130189662040015,120784,5221920,
data/raw/external/river_water_dataset\2023\images\DJI_11737.JPG,0.2566651729632013,1340285,5221920,
data/raw/external/river_water_dataset\2023\images\DJI_11738.JPG,0.029408723228237888,153570,5221920,
data/raw/external/river_water_dataset\2023\images\DJI_11739.JPG,0.10286197413978,537137,5221920,
data/raw/external/river_water_dataset\2023\images\DJI_11740.JPG,0.10024282256334835,523460,5221920,
data/raw/external/river_water_dataset\2023\images\DJI_11747.JPG,0.12340250329380764,644398,5221920,
data/raw/external/river_water_dataset\2023\images\DJI_11748.JPG,0.19130013481631278,998954,5221920,
data/raw/external/river_water_dataset\2023\images\DJI_11749.JPG,0.10014802984342924,522965,5221920,
data/raw/external/river_water_dataset\2023\images\DJI_11750.JPG,0.08977866378649998,468817,5221920,
data/raw/external/river_water_dataset\2023\images\DJI_11751.JPG,0.25903058645096055,1352637,5221920,
data/raw/external/river_water_dataset\2023\images\DJI_11752.JPG,0.469023271133989,2449202,5221920,
data/raw/external/river_water_dataset\2023\images\DJI_11753.JPG,0.40545086864601526,2117232,5221920,
data/raw/external/river_water_dataset\2023\images\DJI_11754.JPG,0.404855110763857,2114121,5221920,
data/raw/external/river_water_dataset\2023\images\DJI_11755.JPG,0.22300954438214296,1164538,5221920,
data/raw/external/river_water_dataset\2023\images\DJI_11756.JPG,0.007243695805374269,37826,5221920,
data/raw/external/river_water_dataset\2023\images\DJI_11758.JPG,0.20348032907436345,1062558,5221920,
data/raw/external/river_water_dataset\2023\images\DJI_11760.JPG,0.0188761987927812,98570,5221920,
data/raw/external/river_water_dataset\2023\images\DJI_11762.JPG,0.1390628351257775,726175,5221920,
data/raw/external/river_water_dataset\2023\images\DJI_11763.JPG,0.15385701044826425,803429,5221920,
data/raw/external/river_water_dataset\2023\images\DJI_11764.JPG,0.3717069583601434,1941024,5221920,
data/raw/external/river_water_dataset\2023\images\DJI_11765.JPG,0.37821356895548,1975001,5221920,
data/raw/external/river_water_dataset\2023\images\DJI_11766.JPG,0.40898558384655453,2135690,5221920,
data/raw/external/river_water_dataset\2023\images\DJI_11767.JPG,0.35898232833900173,1874577,5221920,
data/raw/external/river_water_dataset\2023\images\DJI_11768.JPG,0.18314259889082943,956356,5221920,
data/raw/external/river_water_dataset\2023\images\DJI_11769.JPG,0.2727062076784018,1424050,5221920,
data/raw/external/river_water_dataset\2023\images\DJI_11770.JPG,0.08349955571896926,436028,5221920,
data/raw/external/river_water_dataset\2023\images\DJI_11771.JPG,0.06037051505959494,315250,5221920,
data/raw/external/river_water_dataset\2023\images\DJI_11774.JPG,0.4571525415938965,2387214,5221920,
data/raw/external/river_water_dataset\2023\images\DJI_11778.JPG,0.06286691485124246,328286,5221920,
data/raw/external/river_water_dataset\2023\images\DJI_11779.JPG,0.14227219107148328,742934,5221920,
data/raw/external/river_water_dataset\2023\images\DJI_11780.JPG,0.32156141802248983,1679168,5221920,
data/raw/external/river_water_dataset\2023\images\DJI_11781.JPG,0.11903322915709165,621582,5221920,
data/raw/external/river_water_dataset\2023\images\DJI_11782.JPG,0.2782099304470386,1452790,5221920,
data/raw/external/river_water_dataset\2023\images\DJI_11783.JPG,0.4006916996047431,2092380,5221920,
data/raw/external/river_water_dataset\2023\images\DJI_11784.JPG,0.3665017847841407,1913843,5221920,
data/raw/external/river_water_dataset\2023\images\DJI_11785.JPG,0.3551220623831847,1854419,5221920,
data/raw/external/river_water_dataset\2023\images\DJI_11786.JPG,0.5011256396114839,2616838,5221920,
data/raw/external/river_water_dataset\2023\images\DJI_11787.JPG,0.15400121028280786,804182,5221920,
data/raw/external/river_water_dataset\2023\images\DJI_11788.JPG,0.22113705303796305,1154760,5221920,
data/raw/external/river_water_dataset\2023\images\DJI_11789.JPG,0.23573608940772742,1230995,5221920,
data/raw/external/river_water_dataset\2023\images\DJI_11790.JPG,0.17210010877225235,898693,5221920,
data/raw/external/river_water_dataset\2023\images\DJI_11791.JPG,0.1923064696510096,1004209,5221920,
data/raw/external/river_water_dataset\2023\images\DJI_11792.JPG,0.32916283665778107,1718862,5221920,
data/raw/external/river_water_dataset\2023\images\DJI_11793.JPG,0.3622412828997763,1891595,5221920,
data/raw/external/river_water_dataset\2023\images\DJI_11794.JPG,0.373170404755339,1948666,5221920,
data/raw/external/river_water_dataset\2023\images\DJI_11795.JPG,0.1777438183656586,928164,5221920,
data/raw/external/river_water_dataset\2023\images\DJI_11796.JPG,0.15446693936329933,806614,5221920,
data/raw/external/river_water_dataset\2023\images\DJI_11797.JPG,0.11783060636700678,615302,5221920,
data/raw/external/river_water_dataset\2023\images\DJI_11798.JPG,0.45825117964273676,2392951,5221920,
data/raw/external/river_water_dataset\2023\images\DJI_11799.JPG,0.04395624597849067,229536,5221920,
data/raw/external/river_water_dataset\2023\images\DJI_11802.JPG,0.21098618898795846,1101753,5221920,
data/raw/external/river_water_dataset\2023\images\DJI_11804.JPG,0.0011788767349940252,6156,5221920,
data/raw/external/river_water_dataset\2023\images\DJI_11805.JPG,0.03605053313723688,188253,5221920,
data/raw/external/river_water_dataset\2023\images\DJI_11806.JPG,0.13774799307534394,719309,5221920,
data/raw/external/river_water_dataset\2023\images\DJI_11807.JPG,0.10834329135643594,565760,5221920,
data/raw/external/river_water_dataset\2023\images\DJI_11808.JPG,0.2015668566351074,1052566,5221920,
data/raw/external/river_water_dataset\2023\images\DJI_11809.JPG,0.41617834053375,2173250,5221920,
data/raw/external/river_water_dataset\2023\images\DJI_11810.JPG,0.24899079265863897,1300210,5221920,
data/raw/external/river_water_dataset\2023\images\DJI_11811.JPG,0.37699313662407696,1968628,5221920,
data/raw/external/river_water_dataset\2023\images\DJI_11812.JPG,0.3429388041180256,1790799,5221920,
data/raw/external/river_water_dataset\2023\images\DJI_11813.JPG,0.2612644391334988,1364302,5221920,
data/raw/external/river_water_dataset\2023\images\DJI_11814.JPG,0.23151503661488496,1208953,5221920,
data/raw/external/river_water_dataset\2023\images\DJI_11815.JPG,0.013320196402855655,69557,5221920,
data/raw/external/river_water_dataset\2023\images\DJI_11816.JPG,0.32648048993473666,1704855,5221920,
data/raw/external/river_water_dataset\2023\images\DJI_11817.JPG,0.10890113215062659,568673,5221920,
data/raw/external/river_water_dataset\2023\images\DJI_11818.JPG,0.06629764531053713,346201,5221920,
data/raw/external/river_water_dataset\2023\images\DJI_11819.JPG,0.0544883874130588,284534,5221920,
data/raw/external/river_water_dataset\2023\images\DJI_11821.JPG,0.020494760547844472,107022,5221920,
data/raw/external/river_water_dataset\2023\images\DJI_11822.JPG,0.02186571222845237,114181,5221920,
data/raw/external/river_water_dataset\2023\images\DJI_11823.JPG,0.00534899040965775,27932,5221920,
data/raw/external/river_water_dataset\2023\images\DJI_11824.JPG,0.2943074577933021,1536850,5221920,
data/raw/external/river_water_dataset\2023\images\DJI_11825.JPG,0.03305125317890738,172591,5221920,
data/raw/external/river_water_dataset\2023\images\DJI_11826.JPG,0.05999594019058124,313294,5221920,
data/raw/external/river_water_dataset\2023\images\DJI_11827.JPG,0.21188356006985937,1106439,5221920,
data/raw/external/river_water_dataset\2023\images\DJI_11828.JPG,0.4011038085608359,2094532,5221920,
data/raw/external/river_water_dataset\2023\images\DJI_11829.JPG,0.5202555764929374,2716733,5221920,
data/raw/external/river_water_dataset\2023\images\DJI_11830.JPG,0.4503897034041119,2351899,5221920,
data/raw/external/river_water_dataset\2023\images\DJI_11831.JPG,0.26073111039617614,1361517,5221920,
data/raw/external/river_water_dataset\2023\images\DJI_11832.JPG,0.012402334773416674,64764,5221920,
data/raw/external/river_water_dataset\2023\images\DJI_11835.JPG,0.2642332705211876,1379805,5221920,
data/raw/external/river_water_dataset\2023\images\DJI_11837.JPG,0.0030950301804700186,16162,5221920,
data/raw/external/river_water_dataset\2023\images\DJI_11838.JPG,0.0581640469405889,303728,5221920,
data/raw/external/river_water_dataset\2023\images\DJI_11839.JPG,0.33955997027913104,1773155,5221920,
data/raw/external/river_water_dataset\2023\images\DJI_11840.JPG,0.5326489107454729,2781450,5221920,
data/raw/external/river_water_dataset\2023\images\DJI_11841.JPG,0.6169504703250912,3221666,5221920,
data/raw/external/river_water_dataset\2023\images\DJI_11842.JPG,0.4597803106903208,2400936,5221920,
data/raw/external/river_water_dataset\2023\images\DJI_11843.JPG,0.22020827588320005,1149910,5221920,
data/raw/external/river_water_dataset\2023\images\DJI_11844.JPG,0.06078473052057481,317413,5221920,
data/raw/external/river_water_dataset\2023\images\DJI_11845.JPG,0.007617313172166559,39777,5221920,
data/raw/external/river_water_dataset\2023\images\DJI_11846.JPG,0.2247981585317278,1173878,5221920,
data/raw/external/river_water_dataset\2023\images\DJI_11847.JPG,0.052012669669393635,271606,5221920,
data/raw/external/river_water_dataset\2023\images\DJI_11851.JPG,0.0049929910837393145,26073,5221920,
data/raw/external/river_water_dataset\2023\images\DJI_11852.JPG,0.12420603915801084,648594,5221920,
data/raw/external/river_water_dataset\2023\images\DJI_11853.JPG,0.3661760425284187,1912142,5221920,
data/raw/external/river_water_dataset\2023\images\DJI_11854.JPG,0.6259360541716457,3268588,5221920,
data/raw/external/river_water_dataset\2023\images\DJI_11855.JPG,0.6823494040506174,3563174,5221920,
data/raw/external/river_water_dataset\2023\images\DJI_11856.JPG,0.5094888470141251,2660510,5221920,
data/raw/external/river_water_dataset\2023\images\DJI_11857.JPG,0.2577017648680945,1345698,5221920,
data/raw/external/river_water_dataset\2023\images\DJI_11858.JPG,0.04287388546741428,223884,5221920,
data/raw/external/river_water_dataset\2023\images\DJI_11859.JPG,0.02874574869013696,150108,5221920,
data/raw/external/river_water_dataset\2023\images\DJI_11860.JPG,0.00914644421975059,47762,5221920,
data/raw/external/river_water_dataset\2023\images\DJI_11861.JPG,0.01633096638784202,85279,5221920,
data/raw/external/river_water_dataset\2023\images\DJI_11862.JPG,0.01709773416674327,89283,5221920,
data/raw/external/river_water_dataset\2023\images\DJI_11863.JPG,0.0124071222845237,64789,5221920,
data/raw/external/river_water_dataset\2023\images\DJI_11864.JPG,0.08722615436467812,455488,5221920,
data/raw/external/river_water_dataset\2023\images\DJI_11865.JPG,0.29737778441645984,1552883,5221920,
data/raw/external/river_water_dataset\2023\images\DJI_11866.JPG,0.4523968195606214,2362380,5221920,
data/raw/external/river_water_dataset\2023\images\DJI_11867.JPG,0.5732853050219077,2993650,5221920,
data/raw/external/river_water_dataset\2023\images\DJI_11868.JPG,0.5216579342464075,2724056,5221920,
data/raw/external/river_water_dataset\2023\images\DJI_11869.JPG,0.12106562337224622,632195,5221920,
data/raw/external/river_water_dataset\2023\images\DJI_11870.JPG,0.3460740493917946,1807171,5221920,
data/raw/external/river_water_dataset\2023\images\DJI_11871.JPG,0.1627301835340258,849764,5221920,
data/raw/external/river_water_dataset\2023\images\DJI_11872.JPG,0.02090878450838006,109184,5221920,
data/raw/external/river_water_dataset\2023\images\DJI_11874.JPG,0.06423269601985476,335418,5221920,
data/raw/external/river_water_dataset\2023\images\DJI_11876.JPG,0.2083084382755768,1087770,5221920,
data/raw/external/river_water_dataset\2023\images\DJI_11877.JPG,0.35856849587891043,1872416,5221920,
data/raw/external/river_water_dataset\2023\images\DJI_11878.JPG,0.4329983990562858,2261083,5221920,
data/raw/external/river_water_dataset\2023\images\DJI_11879.JPG,0.4580520191806845,2391911,5221920,
data/raw/external/river_water_dataset\2023\images\DJI_11880.JPG,0.2513830162085976,1312702,5221920,
data/raw/external/river_water_dataset\2023\images\DJI_11881.JPG,0.27475200692465607,1434733,5221920,
data/raw/external/river_water_dataset\2023\images\DJI_11882.JPG,0.17467942825627356,912162,5221920,
data/raw/external/river_water_dataset\2023\images\DJI_11883.JPG,0.04443499708919325,232036,5221920,
data/raw/external/river_water_dataset\2023\images\DJI_11884.JPG,0.006985936207372001,36480,5221920,
data/raw/external/river_water_dataset\2023\images\DJI_11885.JPG,0.002219873150105708,11592,5221920,
data/raw/external/river_water_dataset\2023\images\DJI_11886.JPG,0.04412323436590373,230408,5221920,
data/raw/external/river_water_dataset\2023\images\DJI_11887.JPG,0.04634157551245519,241992,5221920,
data/raw/external/river_water_dataset\2023\images\DJI_11888.JPG,0.061380488402733094,320524,5221920,
data/raw/external/river_water_dataset\2023\images\DJI_11889.JPG,0.17618557925054387,920027,5221920,
data/raw/external/river_water_dataset\2023\images\DJI_11890.JPG,0.42318534178999295,2209840,5221920,
data/raw/external/river_water_dataset\2023\images\DJI_11891.JPG,0.4687306584551276,2447674,5221920,
data/raw/external/river_water_dataset\2023\images\DJI_11892.JPG,0.39494802677942215,2062387,5221920,
data/raw/external/river_water_dataset\2023\images\DJI_11893.JPG,0.3436105876765634,1794307,5221920,
data/raw/external/river_water_dataset\2023\images\DJI_11894.JPG,0.16138297790850875,842729,5221920,
data/raw/external/river_water_dataset\2023\images\DJI_11899.JPG,0.03373088825566075,176140,5221920,
data/raw/external/river_water_dataset\2023\images\DJI_11900.JPG,0.2594905705181236,1355039,5221920,
data/raw/external/river_water_dataset\2023\images\DJI_11901.JPG,0.39813593467536845,2079034,5221920,
data/raw/external/river_water_dataset\2023\images\DJI_11902.JPG,0.5795033244477127,3026120,5221920,
data/raw/external/river_water_dataset\2023\images\DJI_11903.JPG,0.45040329993565587,2351970,5221920,
data/raw/external/river_water_dataset\2023\images\DJI_11904.JPG,0.14006591445292152,731413,5221920,
data/raw/external/river_water_dataset\2023\images\DJI_11905.JPG,0.3525932990164537,1841214,5221920,
data/raw/external/river_water_dataset\2023\images\DJI_11906.JPG,0.4113247617734473,2147905,5221920,
data/raw/external/river_water_dataset\2023\images\DJI_11907.JPG,0.42739030854551585,2231798,5221920,
data/raw/external/river_water_dataset\2023\images\DJI_11908.JPG,0.2889527223703159,1508888,5221920,
data/raw/external/river_water_dataset\2023\images\DJI_11909.JPG,0.13220999172718081,690390,5221920,
data/raw/external/river_water_dataset\2023\images\DJI_11910.JPG,0.05079166283665778,265230,5221920,
data/raw/external/river_water_dataset\2023\images\DJI_11911.JPG,0.004224308300395257,22059,5221920,
data/raw/external/river_water_dataset\2023\images\DJI_11912.JPG,0.0020266492018261484,10583,5221920,
data/raw/external/river_water_dataset\2023\images\DJI_11913.JPG,0.5393581288108589,2816485,5221920,
data/raw/external/river_water_dataset\2023\images\DJI_11914.JPG,0.0031769923706223,16590,5221920,
data/raw/external/river_water_dataset\2023\images\DJI_11918.JPG,0.004058851916536446,21195,5221920,
data/raw/external/river_water_dataset\2023\images\DJI_11919.JPG,0.006389795324325152,33367,5221920,
data/raw/external/river_water_dataset\2023\images\DJI_11920.JPG,0.008331226828446243,43505,5221920,
data/raw/external/river_water_dataset\2023\images\DJI_11921.JPG,0.046001087722523516,240214,5221920,
data/raw/external/river_water_dataset\2023\images\DJI_11922.JPG,0.05771516989919417,301384,5221920,
data/raw/external/river_water_dataset\2023\images\DJI_11923.JPG,0.1830841912553237,956051,5221920,
data/raw/external/river_water_dataset\2023\images\DJI_11924.JPG,0.31846677084290836,1663008,5221920,
data/raw/external/river_water_dataset\2023\images\DJI_11925.JPG,0.3833084382755768,2001606,5221920,
data/raw/external/river_water_dataset\2023\images\DJI_11926.JPG,0.3663495419309373,1913048,5221920,
data/raw/external/river_water_dataset\2023\images\DJI_11927.JPG,0.3367952783650458,1758718,5221920,
data/raw/external/river_water_dataset\2023\images\DJI_11928.JPG,0.26093984588044244,1362607,5221920,
data/raw/external/river_water_dataset\2023\images\DJI_11929.JPG,0.28746112540981095,1501099,5221920,
data/raw/external/river_water_dataset\2023\images\DJI_11930.JPG,0.2980099273830315,1556184,5221920,
data/raw/external/river_water_dataset\2023\images\DJI_11931.JPG,0.38362479700952906,2003258,5221920,
data/raw/external/river_water_dataset\2023\images\DJI_11932.JPG,0.4045113674663725,2112326,5221920,
data/raw/external/river_water_dataset\2023\images\DJI_11933.JPG,0.1540996415111683,804696,5221920,
data/raw/external/river_water_dataset\2023\images\DJI_11934.JPG,0.009211171369917578,48100,5221920,
data/raw/external/river_water_dataset\2023\images\DJI_11935.JPG,0.2921120967000643,1525386,5221920,
data/raw/external/river_water_dataset\2023\images\DJI_11936.JPG,0.009002435885651255,47010,5221920,
data/raw/external/river_water_dataset\2023\images\DJI_11937.JPG,0.010024090755890554,52345,5221920,
data/raw/external/river_water_dataset\2023\images\DJI_11938.JPG,0.007613291662836657,39756,5221920,
data/raw/external/river_water_dataset\2023\images\DJI_11939.JPG,0.005627240555198088,29385,5221920,
data/raw/external/river_water_dataset\2023\images\DJI_11940.JPG,0.0015906026901982412,8306,5221920,
data/raw/external/river_water_dataset\2023\images\DJI_11941.JPG,0.0025957885222293716,13555,5221920,
data/raw/external/river_water_dataset\2023\images\DJI_11942.JPG,0.004762807549713515,24871,5221920,
data/raw/external/river_water_dataset\2023\images\DJI_11943.JPG,0.0036745105248644177,19188,5221920,
data/raw/external/river_water_dataset\2023\images\DJI_11944.JPG,0.006737368630695223,35182,5221920,
data/raw/external/river_water_dataset\2023\images\DJI_11945.JPG,0.007239099794711524,37802,5221920,
data/raw/external/river_water_dataset\2023\images\DJI_11946.JPG,0.23782938076416338,1241926,5221920,
data/raw/external/river_water_dataset\2023\images\DJI_11947.JPG,0.007900350828813922,41255,5221920,
data/raw/external/river_water_dataset\2023\images\DJI_11948.JPG,0.015453702852590618,80698,5221920,
data/raw/external/river_water_dataset\2023\images\DJI_11949.JPG,0.024995595489781537,130525,5221920,
data/raw/external/river_water_dataset\2023\images\DJI_11950.JPG,0.28920875846431965,1510225,5221920,
data/raw/external/river_water_dataset\2023\images\DJI_11951.JPG,0.5420335815179091,2830456,5221920,
data/raw/external/river_water_dataset\2023\images\DJI_11952.JPG,0.4677160891013267,2442376,5221920,
data/raw/external/river_water_dataset\2023\images\DJI_11953.JPG,0.35905337500383,1874948,5221920,
data/raw/external/river_water_dataset\2023\images\DJI_11954.JPG,0.3733686077151699,1949701,5221920,
data/raw/external/river_water_dataset\2023\images\DJI_11955.JPG,0.34807350553053285,1817612,5221920,
data/raw/external/river_water_dataset\2023\images\DJI_11956.JPG,0.2755474997701995,1438887,5221920,
data/raw/external/river_water_dataset\2023\images\DJI_11957.JPG,0.20191691944725312,1054394,5221920,
data/raw/external/river_water_dataset\2023\images\DJI_11958.JPG,0.13572153537396206,708727,5221920,
data/raw/external/river_water_dataset\2023\images\DJI_11959.JPG,0.4399602062076784,2297437,5221920,
data/raw/external/river_water_dataset\2023\images\DJI_11960.JPG,0.5650595949382603,2950696,5221920,
data/raw/external/river_water_dataset\2023\images\DJI_11961.JPG,0.5091477847228606,2658729,5221920,
data/raw/external/river_water_dataset\2023\images\DJI_11962.JPG,0.2713588105524405,1417014,5221920,
data/raw/external/river_water_dataset\2023\images\DJI_11963.JPG,0.09890634096271103,516481,5221920,
data/raw/external/river_water_dataset\2023\images\DJI_11964.JPG,0.013403690596562184,69993,5221920,
data/raw/external/river_water_dataset\2023\images\DJI_11966.JPG,0.0009119251156662683,4762,5221920,
data/raw/external/river_water_dataset\2023\images\DJI_11969.JPG,0.3817266446058155,1993346,5221920,
data/raw/external/river_water_dataset\2023\images\DJI_11972.JPG,0.0008870300579097343,4632,5221920,
data/raw/external/river_water_dataset\2023\images\DJI_11973.JPG,0.0010371664062260625,5416,5221920,
data/raw/external/river_water_dataset\2023\images\DJI_11974.JPG,0.06031019241964641,314935,5221920,
data/raw/external/river_water_dataset\2023\images\DJI_11975.JPG,0.2289644421975059,1195634,5221920,
data/raw/external/river_water_dataset\2023\images\DJI_11976.JPG,0.4870499739559396,2543336,5221920,
data/raw/external/river_water_dataset\2023\images\DJI_11977.JPG,0.7070315133131109,3692062,5221920,
data/raw/external/river_water_dataset\2023\images\DJI_11978.JPG,0.6921862073720011,3614541,5221920,
data/raw/external/river_water_dataset\2023\images\DJI_11979.JPG,0.4245871250421301,2217160,5221920,
data/raw/external/river_water_dataset\2023\images\DJI_11980.JPG,0.5861167922909581,3060655,5221920,
data/raw/external/river_water_dataset\2023\images\DJI_11981.JPG,0.2681412200876306,1400212,5221920,
data/raw/external/river_water_dataset\2023\images\DJI_11982.JPG,0.29694365290927477,1550616,5221920,
data/raw/external/river_water_dataset\2023\images\DJI_11983.JPG,0.21899512056867973,1143575,5221920,
data/raw/external/river_water_dataset\2023\images\DJI_11984.JPG,0.47204438214296657,2464978,5221920,
data/raw/external/river_water_dataset\2023\images\DJI_11985.JPG,0.6551008058338695,3420884,5221920,
data/raw/external/river_water_dataset\2023\images\DJI_11986.JPG,0.620724752581426,3241375,5221920,
data/raw/external/river_water_dataset\2023\images\DJI_11987.JPG,0.44613322302907743,2329672,5221920,
data/raw/external/river_water_dataset\2023\images\DJI_11988.JPG,0.22879151729632013,1194731,5221920,
data/raw/external/river_water_dataset\2023\images\DJI_11989.JPG,0.06883943070747923,359474,5221920,
data/raw/external/river_water_dataset\2023\images\DJI_11990.JPG,0.013669684713668535,71382,5221920,
data/raw/external/river_water_dataset\2023\images\DJI_11991.JPG,0.6978590250329381,3644164,5221920,
data/raw/external/river_water_dataset\2023\images\DJI_11993.JPG,0.5365149217146183,2801638,5221920,
data/raw/external/river_water_dataset\2023\images\DJI_11994.JPG,0.3458254818151178,1805873,5221920,
data/raw/external/river_water_dataset\2023\images\DJI_11995.JPG,0.1868992631062904,975973,5221920,
data/raw/external/river_water_dataset\2023\images\DJI_11996.JPG,0.0904690228881331,472422,5221920,
data/raw/external/river_water_dataset\2023\images\DJI_11997.JPG,0.0805584918957012,420670,5221920,
data/raw/external/river_water_dataset\2023\images\DJI_11998.JPG,0.0650490624138248,339681,5221920,
data/raw/external/river_water_dataset\2023\images\DJI_11999.JPG,0.1987058399975488,1037626,5221920,
data/raw/external/river_water_dataset\2023\images\DJI_12000.JPG,0.023672518920243895,123616,5221920,
data/raw/external/river_water_dataset\2023\images\DJI_12001.JPG,0.014654762999050159,76526,5221920,
data/raw/external/river_water_dataset\2023\images\DJI_12002.JPG,0.01082762662009376,56541,5221920,
data/raw/external/river_water_dataset\2023\images\DJI_12003.JPG,0.0038386264056132612,20045,5221920,
data/raw/external/river_water_dataset\2023\images\DJI_12004.JPG,0.03066266813739008,160118,5221920,
data/raw/external/river_water_dataset\2023\images\DJI_12005.JPG,0.13464013236510708,703080,5221920,
data/raw/external/river_water_dataset\2023\images\DJI_12006.JPG,0.24580997027913104,1283600,5221920,
data/raw/external/river_water_dataset\2023\images\DJI_12007.JPG,0.3612765036614885,1886557,5221920,
data/raw/external/river_water_dataset\2023\images\DJI_12008.JPG,0.7958245243128964,4155732,5221920,
data/raw/external/river_water_dataset\2023\images\DJI_12009.JPG,0.6979603287679628,3644693,5221920,
data/raw/external/river_water_dataset\2023\images\DJI_12010.JPG,0.26696349235530226,1394062,5221920,
data/raw/external/river_water_dataset\2023\images\DJI_12011.JPG,0.7373006480375034,3850125,5221920,
data/raw/external/river_water_dataset\2023\images\DJI_12012.JPG,0.5225535818243099,2728733,5221920,
data/raw/external/river_water_dataset\2023\images\DJI_12013.JPG,0.2683158684928149,1401124,5221920,
data/raw/external/river_water_dataset\2023\images\DJI_12014.JPG,0.06064589269847106,316688,5221920,
data/raw/external/river_water_dataset\2023\images\DJI_12015.JPG,0.09276434721328554,484408,5221920,
data/raw/external/river_water_dataset\2023\images\DJI_12016.JPG,0.037050739957716704,193476,5221920,
data/raw/external/river_water_dataset\2023\images\DJI_12017.JPG,0.01715020528847627,89557,5221920,
data/raw/external/river_water_dataset\2023\images\DJI_12018.JPG,0.0978890906026902,511169,5221920,
data/raw/external/river_water_dataset\2023\images\DJI_12019.JPG,0.240169133192389,1254144,5221920,
data/raw/external/river_water_dataset\2023\images\DJI_12020.JPG,0.4361604543922542,2277595,5221920,
data/raw/external/river_water_dataset\2023\images\DJI_12021.JPG,0.29351847596286423,1532730,5221920,
data/raw/external/river_water_dataset\2023\images\DJI_12022.JPG,0.5044420443055427,2634156,5221920,
data/raw/external/river_water_dataset\2023\images\DJI_12023.JPG,0.5491759735882588,2867753,5221920,
data/raw/external/river_water_dataset\2023\images\DJI_12024.JPG,0.5158300012256029,2693623,5221920,
data/raw/external/river_water_dataset\2023\images\DJI_12025.JPG,0.4811404617458713,2512477,5221920,
data/raw/external/river_water_dataset\2023\images\DJI_12026.JPG,0.3541848592088734,1849525,5221920,
data/raw/external/river_water_dataset\2023\images\DJI_12027.JPG,0.19513435671170756,1018976,5221920,
data/raw/external/river_water_dataset\2023\images\DJI_12028.JPG,0.05340564390109385,278880,5221920,
data/raw/external/river_water_dataset\2023\images\DJI_12029.JPG,0.06405115359867634,334470,5221920,
data/raw/external/river_water_dataset\2023\images\DJI_12030.JPG,0.14568109048012992,760735,5221920,
data/raw/external/river_water_dataset\2023\images\DJI_12031.JPG,0.057562544045102186,300587,5221920,
data/raw/external/river_water_dataset\2023\images\DJI_12032.JPG,0.2337628688298557,1220691,5221920,
data/raw/external/river_water_dataset\2023\images\DJI_12033.JPG,0.2946029429788277,1538393,5221920,
data/raw/external/river_water_dataset\2023\images\DJI_12034.JPG,0.45957521371449583,2399865,5221920,
data/raw/external/river_water_dataset\2023\images\DJI_12035.JPG,0.5934698348500168,3099052,5221920,
data/raw/external/river_water_dataset\2023\images\DJI_12036.JPG,0.5372296013726752,2805370,5221920,
data/raw/external/river_water_dataset\2023\images\DJI_12037.JPG,0.38481535527162425,2009475,5221920,
data/raw/external/river_water_dataset\2023\images\DJI_12038.JPG,0.28769437295094524,1502317,5221920,
data/raw/external/river_water_dataset\2023\images\DJI_12039.JPG,0.21075811195881974,1100562,5221920,
data/raw/external/river_water_dataset\2023\images\DJI_12040.JPG,0.11306147930263198,590398,5221920,
data/raw/external/river_water_dataset\2023\images\DJI_12041.JPG,0.021491903361215797,112229,5221920,
data/raw/external/river_water_dataset\2023\images\DJI_12042.JPG,0.010777453503692129,56279,5221920,
data/raw/external/river_water_dataset\2023\images\DJI_12043.JPG,0.1980578024941018,1034242,5221920,
data/raw/external/river_water_dataset\2023\images\DJI_12044.JPG,0.3120398244323927,1629447,5221920,
data/raw/external/river_water_dataset\2023\images\DJI_12045.JPG,0.31128512118148116,1625506,5221920,
data/raw/external/river_water_dataset\2023\images\DJI_12046.JPG,0.2566217023623495,1340058,5221920,
data/raw/external/river_water_dataset\2023\images\DJI_12047.JPG,0.16008058338695347,835928,5221920,
data/raw/external/river_water_dataset\2023\images\DJI_12048.JPG,0.08759326071636486,457405,5221920,
data/raw/external/river_water_dataset\2023\images\DJI_12049.JPG,0.04936958053742685,257804,5221920,
data/raw/external/river_water_dataset\2023\images\DJI_12050.JPG,0.4086575435855011,2133977,5221920,
data/raw/external/river_water_dataset\2023\images\DJI_12051.JPG,0.42128221037472807,2199902,5221920,
data/raw/external/river_water_dataset\2023\images\DJI_12052.JPG,0.5036191668964672,2629859,5221920,
data/raw/external/river_water_dataset\2023\images\DJI_12053.JPG,0.507856114226185,2651984,5221920,
data/raw/external/river_water_dataset\2023\images\DJI_12054.JPG,0.25631204614394704,1338441,5221920,
data/raw/external/river_water_dataset\2023\images\DJI_12055.JPG,0.3411465514599994,1781440,5221920,
data/raw/external/river_water_dataset\2023\images\DJI_12056.JPG,0.2618678570334283,1367453,5221920,
data/raw/external/river_water_dataset\2023\images\DJI_12057.JPG,0.2383583049912676,1244688,5221920,
data/raw/external/river_water_dataset\2023\images\DJI_12058.JPG,0.17175004596010662,896865,5221920,
data/raw/external/river_water_dataset\2023\images\DJI_12059.JPG,0.09989448325520116,521641,5221920,
data/raw/external/river_water_dataset\2023\images\DJI_12060.JPG,0.03391702668750191,177112,5221920,
data/raw/external/river_water_dataset\2023\images\DJI_12061.JPG,0.006688153016514998,34925,5221920,
data/raw/external/river_water_dataset\2023\images\DJI_12062.JPG,0.003263550571437326,17042,5221920,
data/raw/external/river_water_dataset\2023\images\DJI_12063.JPG,0.01596347703526672,83360,5221920,
data/raw/external/river_water_dataset\2023\images\DJI_12064.JPG,0.004655758801360419,24312,5221920,
data/raw/external/river_water_dataset\2023\images\DJI_12065.JPG,0.2588584275515519,1351738,5221920,
data/raw/external/river_water_dataset\2023\images\DJI_12066.JPG,0.31357393449152804,1637458,5221920,
data/raw/external/river_water_dataset\2023\images\DJI_12067.JPG,0.0032564650549989278,17005,5221920,
data/raw/external/river_water_dataset\2023\images\DJI_12068.JPG,0.008399209486166008,43860,5221920,
data/raw/external/river_water_dataset\2023\images\DJI_12069.JPG,0.008257499157398046,43120,5221920,
data/raw/external/river_water_dataset\2023\images\DJI_12070.JPG,0.008351908876428593,43613,5221920,
data/raw/external/river_water_dataset\2023\images\DJI_12073.JPG,0.009364371725342402,48900,5221920,
data/raw/external/river_water_dataset\2023\images\DJI_12074.JPG,0.054567477096546864,284947,5221920,
data/raw/external/river_water_dataset\2023\images\DJI_12075.JPG,0.29326148236663907,1531388,5221920,
data/raw/external/river_water_dataset\2023\images\DJI_12076.JPG,0.4684604513282471,2446263,5221920,
data/raw/external/river_water_dataset\2023\images\DJI_12077.JPG,0.2581860694916812,1348227,5221920,
data/raw/external/river_water_dataset\2023\images\DJI_12078.JPG,0.4568534178999295,2385652,5221920,
data/raw/external/river_water_dataset\2023\images\DJI_12079.JPG,0.36165835554738485,1888551,5221920,
data/raw/external/river_water_dataset\2023\images\DJI_12080.JPG,0.3565541027055183,1861897,5221920,
data/raw/external/river_water_dataset\2023\images\DJI_12081.JPG,0.36901407911266354,1926962,5221920,
data/raw/external/river_water_dataset\2023\images\DJI_12082.JPG,0.45534094739099795,2377754,5221920,
data/raw/external/river_water_dataset\2023\images\DJI_12083.JPG,0.3196197950179244,1669029,5221920,
data/raw/external/river_water_dataset\2023\images\DJI_12084.JPG,0.09759111591138891,509613,5221920,
data/raw/external/river_water_dataset\2023\images\DJI_12085.JPG,0.012803719704629716,66860,5221920,
data/raw/external/river_water_dataset\2023\images\DJI_12088.JPG,0.19088840886110855,996804,5221920,
data/raw/external/river_water_dataset\2023\images\DJI_12099.JPG,0.1279146367619573,667960,5221920,
data/raw/external/river_water_dataset\2023\images\DJI_12102.JPG,0.03837151852192297,200373,5221920,
data/raw/external/river_water_dataset\2023\images\DJI_12103.JPG,0.16604888623341607,867094,5221920,
data/raw/external/river_water_dataset\2023\images\DJI_12104.JPG,0.3321745641449888,1734589,5221920,
data/raw/external/river_water_dataset\2023\images\DJI_12105.JPG,0.4208591858933113,2197693,5221920,
data/raw/external/river_water_dataset\2023\images\DJI_12106.JPG,0.3265410040751295,1705171,5221920,
data/raw/external/river_water_dataset\2023\images\DJI_12107.JPG,0.29924548824953273,1562636,5221920,
data/raw/external/river_water_dataset\2023\images\DJI_12108.JPG,0.23731807457793302,1239256,5221920,
data/raw/external/river_water_dataset\2023\images\DJI_12109.JPG,0.17675491007139135,923000,5221920,
data/raw/external/river_water_dataset\2023\images\DJI_12110.JPG,0.01932967184483868,100938,5221920,
data/raw/external/river_water_dataset\2023\images\DJI_12111.JPG,0.3348469528449306,1748544,5221920,
data/raw/external/river_water_dataset\2023\images\DJI_12112.JPG,0.3580232941140423,1869569,5221920,
data/raw/external/river_water_dataset\2023\images\DJI_12113.JPG,0.2516852039096731,1314280,5221920,
data/raw/external/river_water_dataset\2023\images\DJI_12114.JPG,0.12222266905659221,638237,5221920,
data/raw/external/river_water_dataset\2023\images\DJI_12115.JPG,0.0017685066029353188,9235,5221920,
data/raw/external/river_water_dataset\2023\images\DJI_12121.JPG,0.014817538376689034,77376,5221920,
data/raw/external/river_water_dataset\2023\images\DJI_12124.JPG,0.01840280969451849,96098,5221920,
data/raw/external/river_water_dataset\2023\images\DJI_12125.JPG,0.017319874682109264,90443,5221920,
data/raw/external/river_water_dataset\2023\images\DJI_12126.JPG,0.011774979317952017,61488,5221920,
data/raw/external/river_water_dataset\2023\images\DJI_12127.JPG,0.05258257499157398,274582,5221920,
data/raw/external/river_water_dataset\2023\images\DJI_12128.JPG,0.11863873824187272,619522,5221920,
data/raw/external/river_water_dataset\2023\images\DJI_12129.JPG,0.1800031406072862,939962,5221920,
data/raw/external/river_water_dataset\2023\images\DJI_12130.JPG,0.30272639182522904,1580813,5221920,
data/raw/external/river_water_dataset\2023\images\DJI_12131.JPG,0.3652116462910194,1907106,5221920,
data/raw/external/river_water_dataset\2023\images\DJI_12132.JPG,0.01530720501271563,79933,5221920,
data/raw/external/river_water_dataset\2023\images\DJI_12133.JPG,0.3129193859729755,1634040,5221920,
data/raw/external/river_water_dataset\2023\images\DJI_12134.JPG,0.23819878512118148,1243855,5221920,
data/raw/external/river_water_dataset\2023\images\DJI_12135.JPG,0.07092506204614395,370365,5221920,
data/raw/external/river_water_dataset\2023\images\DJI_12136.JPG,0.08553099243190244,446636,5221920,
data/raw/external/river_water_dataset\2023\images\DJI_12137.JPG,0.05467835585378558,285526,5221920,
data/raw/external/river_water_dataset\2023\images\DJI_12138.JPG,0.016495082268590863,86136,5221920,
data/raw/external/river_water_dataset\2023\images\DJI_12139.JPG,0.11899282256334835,621371,5221920,
data/raw/external/river_water_dataset\2023\images\DJI_12140.JPG,0.19707483071360726,1029109,5221920,
data/raw/external/river_water_dataset\2023\images\DJI_12141.JPG,0.2689955035695683,1404673,5221920,
data/raw/external/river_water_dataset\2023\images\DJI_12142.JPG,0.3124672534240279,1631679,5221920,
data/raw/external/river_water_dataset\2023\images\DJI_12143.JPG,0.012193982290038912,63676,5221920,
data/raw/external/river_water_dataset\2023\images\DJI_12144.JPG,0.21129871771302508,1103385,5221920,
data/raw/external/river_water_dataset\2023\images\DJI_12145.JPG,0.3992510417624169,2084857,5221920,
data/raw/external/river_water_dataset\2023\images\DJI_12146.JPG,0.4676810445200233,2442193,5221920,
data/raw/external/river_water_dataset\2023\images\DJI_12147.JPG,0.4417932484603364,2307009,5221920,
data/raw/external/river_water_dataset\2023\images\DJI_12148.JPG,0.3470568296718448,1812303,5221920,
data/raw/external/river_water_dataset\2023\images\DJI_12149.JPG,0.1648280709011245,860719,5221920,
data/raw/external/river_water_dataset\2023\images\DJI_12150.JPG,0.08376631583785274,437421,5221920,
data/raw/external/river_water_dataset\2023\images\DJI_12151.JPG,0.049886248736097066,260502,5221920,
data/raw/external/river_water_dataset\2023\images\DJI_12154.JPG,0.037242431902442016,194477,5221920,
data/raw/external/river_water_dataset\2023\images\DJI_12159.JPG,0.08801590219689309,459612,5221920,
data/raw/external/river_water_dataset\2023\images\DJI_12160.JPG,0.16326351227134847,852549,5221920,
data/raw/external/river_water_dataset\2023\images\DJI_12161.JPG,0.3424629255139872,1788314,5221920,
data/raw/external/river_water_dataset\2023\images\DJI_12162.JPG,0.5327687900235929,2782076,5221920,
data/raw/external/river_water_dataset\2023\images\DJI_12163.JPG,0.5150708934644729,2689659,5221920,
data/raw/external/river_water_dataset\2023\images\DJI_12164.JPG,0.42444924472224776,2216440,5221920,
data/raw/external/river_water_dataset\2023\images\DJI_12165.JPG,0.04951875938352177,258583,5221920,
data/raw/external/river_water_dataset\2023\images\DJI_12166.JPG,0.214818878879799,1121767,5221920,
data/raw/external/river_water_dataset\2023\images\DJI_12167.JPG,0.03350032172074639,174936,5221920,
data/raw/external/river_water_dataset\2023\images\DJI_12168.JPG,0.06896237399270766,360116,5221920,
data/raw/external/river_water_dataset\2023\images\DJI_12169.JPG,0.036116217789625274,188596,5221920,
data/raw/external/river_water_dataset\2023\images\DJI_12170.JPG,0.011707954162453658,61138,5221920,
data/raw/external/river_water_dataset\2023\images\DJI_12171.JPG,0.10312375524711218,538504,5221920,
data/raw/external/river_water_dataset\2023\images\DJI_12172.JPG,0.31362851211814813,1637743,5221920,
data/raw/external/river_water_dataset\2023\images\DJI_12173.JPG,0.5079057128412537,2652243,5221920,
data/raw/external/river_water_dataset\2023\images\DJI_12174.JPG,0.5792907589545607,3025010,5221920,
data/raw/external/river_water_dataset\2023\images\DJI_12175.JPG,0.44597542666298984,2328848,5221920,
data/raw/external/river_water_dataset\2023\images\DJI_12176.JPG,0.3226315225051322,1684756,5221920,
data/raw/external/river_water_dataset\2023\images\DJI_12177.JPG,0.05242171461837791,273742,5221920,
data/raw/external/river_water_dataset\2023\images\DJI_12178.JPG,0.20948693200968227,1093924,5221920,
data/raw/external/river_water_dataset\2023\images\DJI_12179.JPG,0.06058269755185832,316358,5221920,
data/raw/external/river_water_dataset\2023\images\DJI_12184.JPG,0.0016830974047859792,8789,5221920,
data/raw/external/river_water_dataset\2023\images\DJI_12185.JPG,0.0026206835799859056,13685,5221920,
data/raw/external/river_water_dataset\2023\images\DJI_12186.JPG,0.061906923124061645,323273,5221920,
data/raw/external/river_water_dataset\2023\images\DJI_12187.JPG,0.2857073643410853,1491941,5221920,
data/raw/external/river_water_dataset\2023\images\DJI_12188.JPG,0.05209884486932009,272056,5221920,
data/raw/external/river_water_dataset\2023\images\DJI_12189.JPG,0.49402939914820604,2579782,5221920,
data/raw/external/river_water_dataset\2023\images\DJI_12190.JPG,0.5519739865796489,2882364,5221920,
data/raw/external/river_water_dataset\2023\images\DJI_12191.JPG,0.44070361093237737,2301319,5221920,
data/raw/external/river_water_dataset\2023\images\DJI_12192.JPG,0.19306232190458683,1008156,5221920,
data/raw/external/river_water_dataset\2023\images\DJI_12193.JPG,0.022438298556852653,117171,5221920,
data/raw/external/river_water_dataset\2023\images\DJI_12197.JPG,0.024871120200998867,129875,5221920,
data/raw/external/river_water_dataset\2023\images\DJI_12198.JPG,0.18795309005116892,981476,5221920,
data/raw/external/river_water_dataset\2023\images\DJI_12199.JPG,0.036693783129576864,191612,5221920,
data/raw/external/river_water_dataset\2023\images\DJI_12200.JPG,0.43141315837852745,2252805,5221920,
data/raw/external/river_water_dataset\2023\images\DJI_12201.JPG,0.5340076063976469,2788545,5221920,
data/raw/external/river_water_dataset\2023\images\DJI_12202.JPG,0.4732485369366057,2471266,5221920,
data/raw/external/river_water_dataset\2023\images\DJI_12203.JPG,0.25174284554340165,1314581,5221920,
data/raw/external/river_water_dataset\2023\images\DJI_12204.JPG,0.045967000643441495,240036,5221920,
data/raw/external/river_water_dataset\2023\images\DJI_12205.JPG,0.002200340104789043,11490,5221920,
data/raw/external/river_water_dataset\2023\images\DJI_12206.JPG,0.0020513527591384012,10712,5221920,
data/raw/external/river_water_dataset\2023\images\DJI_12207.JPG,0.002076247816894935,10842,5221920,
data/raw/external/river_water_dataset\2023\images\DJI_12208.JPG,0.0020655237920151974,10786,5221920,
data/raw/external/river_water_dataset\2023\images\DJI_12209.JPG,0.0020140101725036,10517,5221920,
data/raw/external/river_water_dataset\2023\images\DJI_12210.JPG,0.049755645433097406,259820,5221920,
data/raw/external/river_water_dataset\2023\images\DJI_12211.JPG,0.002130442442626467,11125,5221920,
data/raw/external/river_water_dataset\2023\images\DJI_12212.JPG,0.15274535036921286,797624,5221920,
data/raw/external/river_water_dataset\2023\images\DJI_12213.JPG,0.41604620522719615,2172560,5221920,
data/raw/external/river_water_dataset\2023\images\DJI_12214.JPG,0.505218961607991,2638213,5221920,
data/raw/external/river_water_dataset\2023\images\DJI_12215.JPG,0.5115643288292429,2671348,5221920,
data/raw/external/river_water_dataset\2023\images\DJI_12216.JPG,0.2928371173821123,1529172,5221920,
data/raw/external/river_water_dataset\2023\images\DJI_12217.JPG,0.040128343597757146,209547,5221920,
data/raw/external/river_water_dataset\2023\images\DJI_12221.JPG,0.10319997242393603,538902,5221920,
data/raw/external/river_water_dataset\2023\images\DJI_12223.JPG,0.0016658623648006863,8699,5221920,
data/raw/external/river_water_dataset\2023\images\DJI_12224.JPG,0.12475028342065754,651436,5221920,
data/raw/external/river_water_dataset\2023\images\DJI_12225.JPG,0.3983069445721114,2079927,5221920,
data/raw/external/river_water_dataset\2023\images\DJI_12226.JPG,0.5113435288169869,2670195,5221920,
data/raw/external/river_water_dataset\2023\images\DJI_12227.JPG,0.490156877163955,2559560,5221920,
data/raw/external/river_water_dataset\2023\images\DJI_12228.JPG,0.2887721374513589,1507945,5221920,
data/raw/external/river_water_dataset\2023\images\DJI_12229.JPG,0.04511156815883813,235569,5221920,
data/raw/external/river_water_dataset\2023\images\DJI_12232.JPG,0.3111817109415694,1624966,5221920,
data/raw/external/river_water_dataset\2023\images\DJI_12233.JPG,0.14174135183993627,740162,5221920,
data/raw/external/river_water_dataset\2023\images\DJI_12234.JPG,0.4097366485890247,2139612,5221920,
data/raw/external/river_water_dataset\2023\images\DJI_12235.JPG,0.4997202178509054,2609499,5221920,
data/raw/external/river_water_dataset\2023\images\DJI_12236.JPG,0.4878828093881178,2547685,5221920,
data/raw/external/river_water_dataset\2023\images\DJI_12237.JPG,0.27059395777798206,1413020,5221920,
data/raw/external/river_water_dataset\2023\images\DJI_12238.JPG,0.029571498605876767,154420,5221920,
data/raw/external/river_water_dataset\2023\images\DJI_12243.JPG,0.2994155406440543,1563524,5221920,
data/raw/external/river_water_dataset\2023\images\DJI_12246.JPG,0.036322463768115945,189673,5221920,
data/raw/external/river_water_dataset\2023\images\DJI_12247.JPG,0.2927781352452738,1528864,5221920,
data/raw/external/river_water_dataset\2023\images\DJI_12248.JPG,0.5070841759352882,2647953,5221920,
data/raw/external/river_water_dataset\2023\images\DJI_12249.JPG,0.5138113950424364,2683082,5221920,
data/raw/external/river_water_dataset\2023\images\DJI_12250.JPG,0.4147918773171554,2166010,5221920,
data/raw/external/river_water_dataset\2023\images\DJI_12251.JPG,0.14833222263075652,774579,5221920,
data/raw/external/river_water_dataset\2023\images\DJI_12254.JPG,0.282212864233845,1473693,5221920,
data/raw/external/river_water_dataset\2023\images\DJI_12259.JPG,0.16442955847657567,858638,5221920,
data/raw/external/river_water_dataset\2023\images\DJI_12260.JPG,0.4315217391304348,2253372,5221920,
data/raw/external/river_water_dataset\2023\images\DJI_12261.JPG,0.5413882250206821,2827086,5221920,
data/raw/external/river_water_dataset\2023\images\DJI_12262.JPG,0.5233800977418268,2733049,5221920,
data/raw/external/river_water_dataset\2023\images\DJI_12263.JPG,0.3140314290529154,1639847,5221920,
data/raw/external/river_water_dataset\2023\images\DJI_12264.JPG,0.05945073842571315,310447,5221920,
data/raw/external/river_water_dataset\2023\images\DJI_12265.JPG,0.2309493443024788,1205999,5221920,
data/raw/external/river_water_dataset\2023\images\DJI_12272.JPG,0.028793049299874376,150355,5221920,
data/raw/external/river_water_dataset\2023\images\DJI_12273.JPG,0.2879061724423201,1503423,5221920,
data/raw/external/river_water_dataset\2023\images\DJI_12274.JPG,0.540503684468548,2822467,5221920,
data/raw/external/river_water_dataset\2023\images\DJI_12275.JPG,0.618764937034654,3231141,5221920,
data/raw/external/river_water_dataset\2023\images\DJI_12276.JPG,0.22329564604589883,1166032,5221920,
data/raw/external/river_water_dataset\2023\images\DJI_12277.JPG,0.5241020544167663,2736819,5221920,
data/raw/external/river_water_dataset\2023\images\DJI_12278.JPG,0.2658598752949107,1388299,5221920,
data/raw/external/river_water_dataset\2023\images\DJI_12279.JPG,0.04425747617734473,231109,5221920,
data/raw/external/river_water_dataset\2023\images\DJI_12280.JPG,0.0058262095168060786,30424,5221920,
data/raw/external/river_water_dataset\2023\images\DJI_12281.JPG,0.015839384747372613,82712,5221920,
data/raw/external/river_water_dataset\2023\images\DJI_12282.JPG,0.006231807457793302,32542,5221920,
data/raw/external/river_water_dataset\2023\images\DJI_12283.JPG,0.15177923062781506,792579,5221920,
data/raw/external/river_water_dataset\2023\images\DJI_12284.JPG,0.3514667019027484,1835331,5221920,
data/raw/external/river_water_dataset\2023\images\DJI_12285.JPG,0.6719754419830254,3509002,5221920,
data/raw/external/river_water_dataset\2023\images\DJI_12286.JPG,0.710309234917425,3709178,5221920,
data/raw/external/river_water_dataset\2023\images\DJI_12287.JPG,0.32500421300977417,1697146,5221920,
data/raw/external/river_water_dataset\2023\images\DJI_12288.JPG,0.24066243833685694,1256720,5221920,
data/raw/external/river_water_dataset\2023\images\DJI_12289.JPG,0.5426107638569722,2833470,5221920,
data/raw/external/river_water_dataset\2023\images\DJI_12290.JPG,0.27940106321046665,1459010,5221920,
data/raw/external/river_water_dataset\2023\images\DJI_12291.JPG,0.025862709501486045,135053,5221920,
data/raw/external/river_water_dataset\2023\images\DJI_12298.JPG,0.060802923062781504,317508,5221920,
data/raw/external/river_water_dataset\2023\images\DJI_12299.JPG,0.2848481018475963,1487454,5221920,
data/raw/external/river_water_dataset\2023\images\DJI_12300.JPG,0.31361683059104695,1637682,5221920,
data/raw/external/river_water_dataset\2023\images\DJI_12301.JPG,0.5663868845175721,2957627,5221920,
data/raw/external/river_water_dataset\2023\images\DJI_12302.JPG,0.7368908370867421,3847985,5221920,
data/raw/external/river_water_dataset\2023\images\DJI_12303.JPG,0.6693633759230322,3495362,5221920,
data/raw/external/river_water_dataset\2023\images\DJI_12304.JPG,0.4963758540919815,2592035,5221920,
data/raw/external/river_water_dataset\2023\images\DJI_12305.JPG,0.14144988816374054,738640,5221920,
data/raw/external/river_water_dataset\2023\images\DJI_12306.JPG,0.03872292183717866,202208,5221920,
data/raw/external/river_water_dataset\2023\images\DJI_12307.JPG,0.09190891472868216,479941,5221920,
data/raw/external/river_water_dataset\2023\images\DJI_12308.JPG,0.06842827925360787,357327,5221920,
data/raw/external/river_water_dataset\2023\images\DJI_12309.JPG,0.08332777982044919,435131,5221920,
data/raw/external/river_water_dataset\2023\images\DJI_12310.JPG,0.3414353341299752,1782948,5221920,
data/raw/external/river_water_dataset\2023\images\DJI_12311.JPG,0.17771605080123787,928019,5221920,
data/raw/external/river_water_dataset\2023\images\DJI_12312.JPG,0.40631587615283266,2121749,5221920,
data/raw/external/river_water_dataset\2023\images\DJI_12313.JPG,0.681299024113736,3557689,5221920,
data/raw/external/river_water_dataset\2023\images\DJI_12314.JPG,0.8294853234059503,4331506,5221920,
data/raw/external/river_water_dataset\2023\images\DJI_12315.JPG,0.6771315914452921,3535927,5221920,
data/raw/external/river_water_dataset\2023\images\DJI_12316.JPG,0.40893828323681713,2135443,5221920,
data/raw/external/river_water_dataset\2023\images\DJI_12317.JPG,0.14725254312590005,768941,5221920,
data/raw/external/river_water_dataset\2023\images\DJI_12318.JPG,0.10855106933848087,566845,5221920,
data/raw/external/river_water_dataset\2023\images\DJI_12319.JPG,0.27002615896068877,1410055,5221920,
data/raw/external/river_water_dataset\2023\images\DJI_12320.JPG,0.48830621687042314,2549896,5221920,
data/raw/external/river_water_dataset\2023\images\DJI_12321.JPG,0.3377755691393204,1763837,5221920,
data/raw/external/river_water_dataset\2023\images\DJI_12322.JPG,0.7082096240463278,3698214,5221920,
data/raw/external/river_water_dataset\2023\images\DJI_12323.JPG,0.811941201703588,4239892,5221920,
data/raw/external/river_water_dataset\2023\images\DJI_12324.JPG,0.6011532156754603,3139174,5221920,
data/raw/external/river_water_dataset\2023\images\DJI_12325.JPG,0.3314468624567209,1730789,5221920,
data/raw/external/river_water_dataset\2023\images\DJI_12326.JPG,0.07726391825229034,403466,5221920,
data/raw/external/river_water_dataset\2023\images\DJI_12332.JPG,0.14833490363697643,774593,5221920,
data/raw/external/river_water_dataset\2023\images\DJI_12334.JPG,0.09138535251401783,477207,5221920,
data/raw/external/river_water_dataset\2023\images\DJI_12335.JPG,0.276150917670129,1442038,5221920,
data/raw/external/river_water_dataset\2023\images\DJI_12336.JPG,0.5003762983730122,2612925,5221920,
data/raw/external/river_water_dataset\2023\images\DJI_12337.JPG,0.6751641158807489,3525653,5221920,
data/raw/external/river_water_dataset\2023\images\DJI_12338.JPG,0.5784297729570732,3020514,5221920,
data/raw/external/river_water_dataset\2023\images\DJI_12339.JPG,0.5029674908845788,2626456,5221920,
data/raw/external/river_water_dataset\2023\images\DJI_12340.JPG,0.2737192450286485,1429340,5221920,
data/raw/external/river_water_dataset\2023\images\DJI_12341.JPG,0.14270096056622852,745173,5221920,
data/raw/external/river_water_dataset\2023\images\DJI_12342.JPG,0.17721508563899868,925403,5221920,
data/raw/external/river_water_dataset\2023\images\DJI_12343.JPG,0.03216173361522199,167946,5221920,
data/raw/external/river_water_dataset\2023\images\DJI_12344.JPG,0.16731298066611514,873695,5221920,
data/raw/external/river_water_dataset\2023\images\DJI_12345.JPG,0.14699133651990073,767577,5221920,
data/raw/external/river_water_dataset\2023\images\DJI_12346.JPG,0.3065052700922266,1600546,5221920,
data/raw/external/river_water_dataset\2023\images\DJI_12347.JPG,0.5020682047982351,2621760,5221920,
data/raw/external/river_water_dataset\2023\images\DJI_12348.JPG,0.48892380580322947,2553121,5221920,
data/raw/external/river_water_dataset\2023\images\DJI_12349.JPG,0.5522514707234121,2883813,5221920,
data/raw/external/river_water_dataset\2023\images\DJI_12350.JPG,0.43050946778196525,2248086,5221920,
data/raw/external/river_water_dataset\2023\images\DJI_12351.JPG,0.26962056101970155,1407937,5221920,
data/raw/external/river_water_dataset\2023\images\DJI_12352.JPG,0.15164173330882127,791861,5221920,
data/raw/external/river_water_dataset\2023\images\DJI_12353.JPG,0.029015381315684652,151516,5221920,
data/raw/external/river_water_dataset\2023\images\DJI_12354.JPG,0.03911262524129056,204243,5221920,
data/raw/external/river_water_dataset\2023\images\DJI_12360.JPG,0.2038604574562613,1064543,5221920,
data/raw/external/river_water_dataset\2023\images\DJI_12361.JPG,0.2828626252412906,1477086,5221920,
data/raw/external/river_water_dataset\2023\images\DJI_12362.JPG,0.34020130526702824,1776504,5221920,
data/raw/external/river_water_dataset\2023\images\DJI_12363.JPG,0.5075163924380305,2650210,5221920,
data/raw/external/river_water_dataset\2023\images\DJI_12364.JPG,0.4121064665870025,2151987,5221920,
data/raw/external/river_water_dataset\2023\images\DJI_12365.JPG,0.05558453595612342,290258,5221920,
data/raw/external/river_water_dataset\2023\images\DJI_12366.JPG,0.4509249471458774,2354694,5221920,
data/raw/external/river_water_dataset\2023\images\DJI_12367.JPG,0.3941762799889696,2058357,5221920,
data/raw/external/river_water_dataset\2023\images\DJI_12368.JPG,0.2776482596439624,1449857,5221920,
data/raw/external/river_water_dataset\2023\images\DJI_12369.JPG,0.26636639397003403,1390944,5221920,
data/raw/external/river_water_dataset\2023\images\DJI_12370.JPG,0.17133525599779392,894699,5221920,
data/raw/external/river_water_dataset\2023\images\DJI_12371.JPG,0.3894228559610258,2033535,5221920,
data/raw/external/river_water_dataset\2023\images\DJI_12372.JPG,0.49793217820265345,2600162,5221920,
data/raw/external/river_water_dataset\2023\images\DJI_12373.JPG,0.5047810000919202,2635926,5221920,
data/raw/external/river_water_dataset\2023\images\DJI_12374.JPG,0.5553384578852223,2899933,5221920,
data/raw/external/river_water_dataset\2023\images\DJI_12375.JPG,0.372034424119864,1942734,5221920,
data/raw/external/river_water_dataset\2023\images\DJI_12376.JPG,0.06397723442718387,334084,5221920,
data/raw/external/river_water_dataset\2023\images\DJI_12377.JPG,0.27966954683334866,1460412,5221920,
data/raw/external/river_water_dataset\2023\images\DJI_12378.JPG,0.18386685357110027,960138,5221920,
data/raw/external/river_water_dataset\2023\images\DJI_12379.JPG,0.005561172901921132,29040,5221920,
data/raw/external/river_water_dataset\2023\images\DJI_12384.JPG,0.004837109722094555,25259,5221920,
data/raw/external/river_water_dataset\2023\images\DJI_12385.JPG,0.10651733462021631,556225,5221920,
data/raw/external/river_water_dataset\2023\images\DJI_12386.JPG,0.20162909427949874,1052891,5221920,
data/raw/external/river_water_dataset\2023\images\DJI_12387.JPG,0.04252612066059993,222068,5221920,
data/raw/external/river_water_dataset\2023\images\DJI_12388.JPG,0.34310828201121424,1791684,5221920,
data/raw/external/river_water_dataset\2023\images\DJI_12389.JPG,0.566306454330974,2957207,5221920,
data/raw/external/river_water_dataset\2023\images\DJI_12390.JPG,0.6076732313018967,3173221,5221920,
data/raw/external/river_water_dataset\2023\images\DJI_12391.JPG,0.5156731623617367,2692804,5221920,
data/raw/external/river_water_dataset\2023\images\DJI_12392.JPG,0.3530814336489261,1843763,5221920,
data/raw/external/river_water_dataset\2023\images\DJI_12393.JPG,0.1254724315960413,655207,5221920,
data/raw/external/river_water_dataset\2023\images\DJI_12394.JPG,0.1425598247387934,744436,5221920,
data/raw/external/river_water_dataset\2023\images\DJI_12395.JPG,0.11390695376413273,594813,5221920,
data/raw/external/river_water_dataset\2023\images\DJI_12396.JPG,0.04229670312835126,220870,5221920,
data/raw/external/river_water_dataset\2023\images\DJI_12397.JPG,0.23348691668964672,1219250,5221920,
data/raw/external/river_water_dataset\2023\images\DJI_12398.JPG,0.2985380856083586,1558942,5221920,
data/raw/external/river_water_dataset\2023\images\DJI_12399.JPG,0.03895176486809449,203403,5221920,
data/raw/external/river_water_dataset\2023\images\DJI_12400.JPG,0.49215441829825046,2569991,5221920,
data/raw/external/river_water_dataset\2023\images\DJI_12401.JPG,0.6312846615804149,3296518,5221920,
data/raw/external/river_water_dataset\2023\images\DJI_12402.JPG,0.5894169194472532,3077888,5221920,
data/raw/external/river_water_dataset\2023\images\DJI_12403.JPG,0.356569614241505,1861978,5221920,
data/raw/external/river_water_dataset\2023\images\DJI_12404.JPG,0.13826159726690565,721991,5221920,
data/raw/external/river_water_dataset\2023\images\DJI_12405.JPG,0.03147328951803168,164351,5221920,
data/raw/external/river_water_dataset\2023\images\DJI_12406.JPG,0.01387133468149646,72435,5221920,
data/raw/external/river_water_dataset\2023\images\DJI_12407.JPG,0.13736882219566748,717329,5221920,
data/raw/external/river_water_dataset\2023\images\DJI_12408.JPG,0.40776821552226,2129333,5221920,
data/raw/external/river_water_dataset\2023\images\DJI_12409.JPG,0.5923415142323131,3093160,5221920,
data/raw/external/river_water_dataset\2023\images\DJI_12410.JPG,0.027118952415969604,141613,5221920,
data/raw/external/river_water_dataset\2023\images\DJI_12411.JPG,0.5558168259950363,2902431,5221920,
data/raw/external/river_water_dataset\2023\images\DJI_12412.JPG,0.3997807319912982,2087623,5221920,
data/raw/external/river_water_dataset\2023\images\DJI_12413.JPG,0.15923664092900697,831521,5221920,
data/raw/external/river_water_dataset\2023\images\DJI_12414.JPG,0.0101104574562613,52796,5221920,
data/raw/external/river_water_dataset\2023\images\DJI_12421.JPG,0.027185977571467967,141963,5221920,
data/raw/external/river_water_dataset\2023\images\DJI_12423.JPG,0.014275017618040875,74543,5221920,
data/raw/external/river_water_dataset\2023\images\DJI_12424.JPG,0.250461324570273,1307889,5221920,
data/raw/external/river_water_dataset\2023\images\DJI_12425.JPG,0.49647696632656185,2592563,5221920,
data/raw/external/river_water_dataset\2023\images\DJI_12426.JPG,0.5337959984067163,2787440,5221920,
data/raw/external/river_water_dataset\2023\images\DJI_12427.JPG,0.48829625884732053,2549844,5221920,
data/raw/external/river_water_dataset\2023\images\DJI_12428.JPG,0.24794117872353463,1294729,5221920,
data/raw/external/river_water_dataset\2023\images\DJI_12429.JPG,0.015475916904127217,80814,5221920,
data/raw/external/river_water_dataset\2023\images\DJI_12430.JPG,0.026152832674571806,136568,5221920,
data/raw/external/river_water_dataset\2023\images\DJI_12431.JPG,0.046528096945184914,242966,5221920,
data/raw/external/river_water_dataset\2023\images\DJI_12432.JPG,0.03573647240861599,186613,5221920,
data/raw/external/river_water_dataset\2023\images\DJI_12434.JPG,0.10844019058124214,566266,5221920,
data/raw/external/river_water_dataset\2023\images\DJI_12435.JPG,0.34096807304592947,1780508,5221920,
data/raw/external/river_water_dataset\2023\images\DJI_12436.JPG,0.5062578515182156,2643638,5221920,
data/raw/external/river_water_dataset\2023\images\DJI_12437.JPG,0.508863215062659,2657243,5221920,
data/raw/external/river_water_dataset\2023\images\DJI_12438.JPG,0.3752230980175874,1959385,5221920,
data/raw/external/river_water_dataset\2023\images\DJI_12439.JPG,0.12668635291233876,661546,5221920,
data/raw/external/river_water_dataset\2023\images\DJI_12443.JPG,0.022272842172993843,116307,5221920,
data/raw/external/river_water_dataset\2023\images\DJI_12449.JPG,0.05200328614762386,271557,5221920,
data/raw/external/river_water_dataset\2023\images\DJI_12450.JPG,0.2910605677605172,1519895,5221920,
data/raw/external/river_water_dataset\2023\images\DJI_12451.JPG,0.4325594800379937,2258791,5221920,
data/raw/external/river_water_dataset\2023\images\DJI_12452.JPG,0.4663106673407482,2435037,5221920,
data/raw/external/river_water_dataset\2023\images\DJI_12453.JPG,0.37464476667585866,1956365,5221920,
data/raw/external/river_water_dataset\2023\images\DJI_12454.JPG,0.04954537794527683,258722,5221920,
data/raw/external/river_water_dataset\2023\images\DJI_12455.JPG,0.12327821950546926,643749,5221920,
data/raw/external/river_water_dataset\2023\images\DJI_12457.JPG,0.04747832214970739,247928,5221920,
data/raw/external/river_water_dataset\2023\images\DJI_12458.JPG,0.05062352544657903,264352,5221920,
data/raw/external/river_water_dataset\2023\images\DJI_12459.JPG,0.05829886325336275,304432,5221920,
data/raw/external/river_water_dataset\2023\images\DJI_12460.JPG,0.08357481539357171,436421,5221920,
data/raw/external/river_water_dataset\2023\images\DJI_12461.JPG,0.054785404602138675,286085,5221920,
data/raw/external/river_water_dataset\2023\images\DJI_12462.JPG,0.10865179857217269,567371,5221920,
data/raw/external/river_water_dataset\2023\images\DJI_12463.JPG,0.07467444924472225,389944,5221920,
data/raw/external/river_water_dataset\2023\images\DJI_12464.JPG,0.07855386524496737,410202,5221920,
data/raw/external/river_water_dataset\2023\images\DJI_12465.JPG,0.048117167631828904,251264,5221920,
data/raw/external/river_water_dataset\2023\images\DJI_12466.JPG,0.2152943744829488,1124250,5221920,
data/raw/external/river_water_dataset\2023\images\DJI_12467.JPG,0.37735564696510093,1970521,5221920,
data/raw/external/river_water_dataset\2023\images\DJI_12468.JPG,0.3814426494469467,1991863,5221920,
data/raw/external/river_water_dataset\2023\images\DJI_12469.JPG,0.33647164261421086,1757028,5221920,
data/raw/external/river_water_dataset\2023\images\DJI_12470.JPG,0.16563716027821185,864944,5221920,
data/raw/external/river_water_dataset\2023\images\DJI_12476.JPG,0.0634479271991911,331320,5221920,
data/raw/external/river_water_dataset\2023\images\DJI_12478.JPG,0.03991194809571958,208417,5221920,
data/raw/external/river_water_dataset\2023\images\DJI_12479.JPG,0.18330001225602843,957178,5221920,
data/raw/external/river_water_dataset\2023\images\DJI_12480.JPG,0.2900802769862426,1514776,5221920,
data/raw/external/river_water_dataset\2023\images\DJI_12481.JPG,0.3599995786990226,1879889,5221920,
data/raw/external/river_water_dataset\2023\images\DJI_12482.JPG,0.36249463798756015,1892918,5221920,
data/raw/external/river_water_dataset\2023\images\DJI_12483.JPG,0.2908031911634035,1518551,5221920,
data/raw/external/river_water_dataset\2023\images\DJI_12484.JPG,0.24484768054661887,1278575,5221920,
data/raw/external/river_water_dataset\2023\images\DJI_12485.JPG,0.25379994331586847,1325323,5221920,
data/raw/external/river_water_dataset\2023\images\DJI_12486.JPG,0.21839208566963875,1140426,5221920,
data/raw/external/river_water_dataset\2023\images\DJI_12487.JPG,0.0375040215093299,195843,5221920,
data/raw/external/river_water_dataset\2023\images\DJI_12488.JPG,0.12418286760425284,648473,5221920,
data/raw/external/river_water_dataset\2023\images\DJI_12489.JPG,0.11247472194135491,587334,5221920,
data/raw/external/river_water_dataset\2023\images\DJI_12490.JPG,0.1790573199129822,935023,5221920,
data/raw/external/river_water_dataset\2023\images\DJI_12491.JPG,0.11324646873180745,591364,5221920,
data/raw/external/river_water_dataset\2023\images\DJI_12492.JPG,0.28105773355394187,1467661,5221920,
data/raw/external/river_water_dataset\2023\images\DJI_12493.JPG,0.3976912706437479,2076712,5221920,
data/raw/external/river_water_dataset\2023\images\DJI_12494.JPG,0.49551486809449397,2587539,5221920,
data/raw/external/river_water_dataset\2023\images\DJI_12495.JPG,0.49406137972240094,2579949,5221920,
data/raw/external/river_water_dataset\2023\images\DJI_12496.JPG,0.4759569277200723,2485409,5221920,
data/raw/external/river_water_dataset\2023\images\DJI_12497.JPG,0.40283631308024637,2103579,5221920,
data/raw/external/river_water_dataset\2023\images\DJI_12498.JPG,0.06232899010325704,325477,5221920,
data/raw/external/river_water_dataset\2023\images\DJI_12499.JPG,0.28083865704568434,1466517,5221920,
data/raw/external/river_water_dataset\2023\images\DJI_12500.JPG,0.18093134326071636,944809,5221920,
data/raw/external/river_water_dataset\2023\images\DJI_12501.JPG,0.061107983270521186,319101,5221920,
data/raw/external/river_water_dataset\2023\images\DJI_12504.JPG,0.15040234243343445,785389,5221920,
data/raw/external/river_water_dataset\2023\images\DJI_12505.JPG,0.3174508609859975,1657703,5221920,
data/raw/external/river_water_dataset\2023\images\DJI_12506.JPG,0.490291118975396,2560261,5221920,
data/raw/external/river_water_dataset\2023\images\DJI_12507.JPG,0.6042965039678893,3155588,5221920,
data/raw/external/river_water_dataset\2023\images\DJI_12508.JPG,0.5875040215093299,3067899,5221920,
data/raw/external/river_water_dataset\2023\images\DJI_12509.JPG,0.3232110028495266,1687782,5221920,
data/raw/external/river_water_dataset\2023\images\DJI_12510.JPG,0.03531344792719919,184404,5221920,
data/raw/external/river_water_dataset\2023\images\DJI_12511.JPG,0.5248642261850047,2740799,5221920,
data/raw/external/river_water_dataset\2023\images\DJI_12512.JPG,0.476957709041885,2490635,5221920,
data/raw/external/river_water_dataset\2023\images\DJI_12513.JPG,0.3307463538315409,1727131,5221920,
data/raw/external/river_water_dataset\2023\images\DJI_12514.JPG,0.21097086895241596,1101673,5221920,
data/raw/external/river_water_dataset\2023\images\DJI_12515.JPG,0.11261126175812727,588047,5221920,
data/raw/external/river_water_dataset\2023\images\DJI_12516.JPG,0.018102153996997272,94528,5221920,
data/raw/external/river_water_dataset\2023\images\DJI_12517.JPG,0.0019640285565462514,10256,5221920,
data/raw/external/river_water_dataset\2023\images\DJI_12518.JPG,0.0019651775592119374,10262,5221920,
data/raw/external/river_water_dataset\2023\images\DJI_12519.JPG,0.0021273784355179703,11109,5221920,
data/raw/external/river_water_dataset\2023\images\DJI_12520.JPG,0.0021767855501424764,11367,5221920,
data/raw/external/river_water_dataset\2023\images\DJI_12521.JPG,0.11075428194993413,578350,5221920,
data/raw/external/river_water_dataset\2023\images\DJI_12523.JPG,0.04030873701626988,210489,5221920,
data/raw/external/river_water_dataset\2023\images\DJI_12524.JPG,0.1237632901308331,646282,5221920,
data/raw/external/river_water_dataset\2023\images\DJI_12525.JPG,0.2348408248307136,1226320,5221920,
data/raw/external/river_water_dataset\2023\images\DJI_12526.JPG,0.37894165364463644,1978803,5221920,
data/raw/external/river_water_dataset\2023\images\DJI_12527.JPG,0.5694012930109997,2973368,5221920,
data/raw/external/river_water_dataset\2023\images\DJI_12528.JPG,0.6206696004534731,3241087,5221920,
data/raw/external/river_water_dataset\2023\images\DJI_12529.JPG,0.6570004902411374,3430804,5221920,
data/raw/external/river_water_dataset\2023\images\DJI_12530.JPG,0.603422112939302,3151022,5221920,
data/raw/external/river_water_dataset\2023\images\DJI_12531.JPG,0.3949482182798664,2062388,5221920,
data/raw/external/river_water_dataset\2023\images\DJI_12532.JPG,0.3952301069338481,2063860,5221920,
data/raw/external/river_water_dataset\2023\images\DJI_12533.JPG,0.2901877087354843,1515337,5221920,
data/raw/external/river_water_dataset\2023\images\DJI_12534.JPG,0.12228299169654074,638552,5221920,
data/raw/external/river_water_dataset\2023\images\DJI_12535.JPG,0.15587216962343353,813952,5221920,
data/raw/external/river_water_dataset\2023\images\DJI_12536.JPG,0.21109438673897724,1102318,5221920,
data/raw/external/river_water_dataset\2023\images\DJI_12537.JPG,0.13613230382694488,710872,5221920,
data/raw/external/river_water_dataset\2023\images\DJI_12538.JPG,0.30743155774121395,1605383,5221920,
data/raw/external/river_water_dataset\2023\images\DJI_12539.JPG,0.5708687609155253,2981031,5221920,
data/raw/external/river_water_dataset\2023\images\DJI_12540.JPG,0.5661741275239759,2956516,5221920,
data/raw/external/river_water_dataset\2023\images\DJI_12541.JPG,0.5645325857155988,2947944,5221920,
data/raw/external/river_water_dataset\2023\images\DJI_12542.JPG,0.6706012347948648,3501826,5221920,
data/raw/external/river_water_dataset\2023\images\DJI_12543.JPG,0.4373749502098845,2283937,5221920,
data/raw/external/river_water_dataset\2023\images\DJI_12544.JPG,0.5255091996813432,2744167,5221920,
data/raw/external/river_water_dataset\2023\images\DJI_12545.JPG,0.3442662851977817,1797731,5221920,
data/raw/external/river_water_dataset\2023\images\DJI_12546.JPG,0.1855011183625946,968672,5221920,
data/raw/external/river_water_dataset\2023\images\DJI_12547.JPG,0.052030287710267485,271698,5221920,
data/raw/external/river_water_dataset\2023\images\DJI_12548.JPG,0.006654065937432975,34747,5221920,
data/raw/external/river_water_dataset\2023\images\DJI_12554.JPG,0.4124661044213623,2153865,5221920,
data/raw/external/river_water_dataset\2023\images\DJI_12557.JPG,0.03842762815209731,200666,5221920,
data/raw/external/river_water_dataset\2023\images\DJI_12558.JPG,0.11737981432116923,612948,5221920,
data/raw/external/river_water_dataset\2023\images\DJI_12559.JPG,0.2288330728927291,1194948,5221920,
data/raw/external/river_water_dataset\2023\images\DJI_12560.JPG,0.4067023240493918,2123767,5221920,
data/raw/external/river_water_dataset\2023\images\DJI_12561.JPG,0.5413070288323069,2826662,5221920,
data/raw/external/river_water_dataset\2023\images\DJI_12562.JPG,0.5939392024389497,3101503,5221920,
data/raw/external/river_water_dataset\2023\images\DJI_12563.JPG,0.5604852238257193,2926809,5221920,
data/raw/external/river_water_dataset\2023\images\DJI_12564.JPG,0.4243014063792628,2215668,5221920,
data/raw/external/river_water_dataset\2023\images\DJI_12565.JPG,0.32762413058798295,1710827,5221920,
data/raw/external/river_water_dataset\2023\images\DJI_12566.JPG,0.2110089775408279,1101872,5221920,
data/raw/external/river_water_dataset\2023\images\DJI_12567.JPG,0.25003983209241043,1305688,5221920,
data/raw/external/river_water_dataset\2023\images\DJI_12568.JPG,0.30583540153813155,1597048,5221920,
data/raw/external/river_water_dataset\2023\images\DJI_12569.JPG,0.22689413089438368,1184823,5221920,
data/raw/external/river_water_dataset\2023\images\DJI_12570.JPG,0.4772562582345191,2492194,5221920,
data/raw/external/river_water_dataset\2023\images\DJI_12571.JPG,0.5979069001440084,3122222,5221920,
data/raw/external/river_water_dataset\2023\images\DJI_12572.JPG,0.6095281046052027,3182907,5221920,
data/raw/external/river_water_dataset\2023\images\DJI_12573.JPG,0.5267143119772038,2750460,5221920,
data/raw/external/river_water_dataset\2023\images\DJI_12574.JPG,0.33054585286637866,1726084,5221920,
data/raw/external/river_water_dataset\2023\images\DJI_12575.JPG,0.22255453932653124,1162162,5221920,
data/raw/external/river_water_dataset\2023\images\DJI_12576.JPG,0.37200320954744615,1942571,5221920,
data/raw/external/river_water_dataset\2023\images\DJI_12577.JPG,0.10709949597083065,559265,5221920,
data/raw/external/river_water_dataset\2023\images\DJI_12578.JPG,0.04785002451205687,249869,5221920,
data/raw/external/river_water_dataset\2023\images\DJI_12579.JPG,0.005109806354750743,26683,5221920,
data/raw/external/river_water_dataset\2023\images\DJI_12585.JPG,0.03583988264852774,187153,5221920,
data/raw/external/river_water_dataset\2023\images\DJI_12586.JPG,0.1191144253454668,622006,5221920,
data/raw/external/river_water_dataset\2023\images\DJI_12587.JPG,0.37916494316266813,1979969,5221920,
data/raw/external/river_water_dataset\2023\images\DJI_12588.JPG,0.2285019686245672,1193219,5221920,
data/raw/external/river_water_dataset\2023\images\DJI_12589.JPG,0.4044839829028403,2112183,5221920,
data/raw/external/river_water_dataset\2023\images\DJI_12590.JPG,0.6087883383889451,3179044,5221920,
data/raw/external/river_water_dataset\2023\images\DJI_12591.JPG,0.6589643272972393,3441059,5221920,
data/raw/external/river_water_dataset\2023\images\DJI_12592.JPG,0.5691718754787511,2972170,5221920,
data/raw/external/river_water_dataset\2023\images\DJI_12593.JPG,0.39880925023746056,2082550,5221920,
data/raw/external/river_water_dataset\2023\images\DJI_12594.JPG,0.31322808468915647,1635652,5221920,
data/raw/external/river_water_dataset\2023\images\DJI_12595.JPG,0.3445887719459509,1799415,5221920,
data/raw/external/river_water_dataset\2023\images\DJI_12596.JPG,0.25313811778043327,1321867,5221920,
data/raw/external/river_water_dataset\2023\images\DJI_12597.JPG,0.515701312927046,2692951,5221920,
data/raw/external/river_water_dataset\2023\images\DJI_12598.JPG,0.5371350001532004,2804876,5221920,
data/raw/external/river_water_dataset\2023\images\DJI_12599.JPG,0.5651015335355578,2950915,5221920,
data/raw/external/river_water_dataset\2023\images\DJI_12600.JPG,0.6246432346723044,3261837,5221920,
data/raw/external/river_water_dataset\2023\images\DJI_12601.JPG,0.41400883200049027,2161921,5221920,
data/raw/external/river_water_dataset\2023\images\DJI_12602.JPG,0.18871181481141036,985438,5221920,
data/raw/external/river_water_dataset\2023\images\DJI_12603.JPG,0.06489241505040291,338863,5221920,
data/raw/external/river_water_dataset\2023\images\DJI_12604.JPG,0.02046660998253516,106875,5221920,
data/raw/external/river_water_dataset\2023\images\DJI_12606.JPG,0.04209294665563624,219806,5221920,
data/raw/external/river_water_dataset\2023\images\DJI_12607.JPG,0.030232941140423446,157874,5221920,
data/raw/external/river_water_dataset\2023\images\DJI_12608.JPG,0.22034998621196802,1150650,5221920,
data/raw/external/river_water_dataset\2023\images\DJI_12609.JPG,0.5262886064895671,2748237,5221920,
data/raw/external/river_water_dataset\2023\images\DJI_12610.JPG,0.40053715874620827,2091573,5221920,
data/raw/external/river_water_dataset\2023\images\DJI_12611.JPG,0.4957940757422557,2588997,5221920,
data/raw/external/river_water_dataset\2023\images\DJI_12612.JPG,0.4932574608573092,2575751,5221920,
data/raw/external/river_water_dataset\2023\images\DJI_12613.JPG,0.31032800196096455,1620508,5221920,
data/raw/external/river_water_dataset\2023\images\DJI_12614.JPG,0.15065359101633116,786701,5221920,
data/raw/external/river_water_dataset\2023\images\DJI_12615.JPG,0.02776086190519962,144965,5221920,
data/raw/external/river_water_dataset\2023\images\DJI_12620.JPG,0.34005442442626466,1775737,5221920,
data/raw/external/river_water_dataset\2023\images\DJI_12621.JPG,0.24813363667003707,1295734,5221920,
data/raw/external/river_water_dataset\2023\images\DJI_12625.JPG,0.017760325703955634,92743,5221920,
data/raw/external/river_water_dataset\2023\images\DJI_12626.JPG,0.09941937065293992,519160,5221920,
data/raw/external/river_water_dataset\2023\images\DJI_12627.JPG,0.23569932132242546,1230803,5221920,
data/raw/external/river_water_dataset\2023\images\DJI_12628.JPG,0.45207050280356653,2360676,5221920,
data/raw/external/river_water_dataset\2023\images\DJI_12629.JPG,0.44194261880687563,2307789,5221920,
data/raw/external/river_water_dataset\2023\images\DJI_12630.JPG,0.3585368983056041,1872251,5221920,
data/raw/external/river_water_dataset\2023\images\DJI_12631.JPG,0.1393414682722064,727630,5221920,
data/raw/external/river_water_dataset\2023\images\DJI_12632.JPG,0.06775802769862425,353827,5221920,
data/raw/external/river_water_dataset\2023\images\DJI_12634.JPG,0.003401622391763949,17763,5221920,
data/raw/external/river_water_dataset\2023\images\DJI_12637.JPG,0.004613628703618592,24092,5221920,
data/raw/external/river_water_dataset\2023\images\DJI_12638.JPG,0.18226820786224224,951790,5221920,
data/raw/external/river_water_dataset\2023\images\DJI_12639.JPG,0.44549993105984004,2326365,5221920,
data/raw/external/river_water_dataset\2023\images\DJI_12640.JPG,0.4852981278916567,2534188,5221920,
data/raw/external/river_water_dataset\2023\images\DJI_12641.JPG,0.4652792459478506,2429651,5221920,
data/raw/external/river_water_dataset\2023\images\DJI_12642.JPG,0.4249189953120691,2218893,5221920,
data/raw/external/river_water_dataset\2023\images\DJI_12643.JPG,0.06458486533688758,337257,5221920,
data/raw/external/river_water_dataset\2023\images\DJI_12644.JPG,0.17147734932745043,895441,5221920,
data/raw/external/river_water_dataset\2023\images\DJI_12654.JPG,0.13644444955112295,712502,5221920,
data/raw/external/river_water_dataset\2023\images\DJI_12655.JPG,0.0029607883690290163,15461,5221920,
data/raw/external/river_water_dataset\2023\images\DJI_12656.JPG,0.2276601326715078,1188823,5221920,
data/raw/external/river_water_dataset\2023\images\DJI_12657.JPG,0.4054887857339829,2117430,5221920,
data/raw/external/river_water_dataset\2023\images\DJI_12658.JPG,0.6040887259858443,3154503,5221920,
data/raw/external/river_water_dataset\2023\images\DJI_12659.JPG,0.5699451542727579,2976208,5221920,
data/raw/external/river_water_dataset\2023\images\DJI_12660.JPG,0.37261926647669824,1945788,5221920,
data/raw/external/river_water_dataset\2023\images\DJI_12661.JPG,0.1290944709991727,674121,5221920,
data/raw/external/river_water_dataset\2023\images\DJI_12662.JPG,0.007408003186567392,38684,5221920,
data/raw/external/river_water_dataset\2023\images\DJI_12665.JPG,0.10995744860128076,574189,5221920,
data/raw/external/river_water_dataset\2023\images\DJI_12667.JPG,0.061976820786224227,323638,5221920,
data/raw/external/river_water_dataset\2023\images\DJI_12668.JPG,0.3195667493948586,1668752,5221920,
data/raw/external/river_water_dataset\2023\images\DJI_12669.JPG,0.5775023363054202,3015671,5221920,
data/raw/external/river_water_dataset\2023\images\DJI_12670.JPG,0.6315359101633116,3297830,5221920,
data/raw/external/river_water_dataset\2023\images\DJI_12671.JPG,0.523978536630205,2736174,5221920,
data/raw/external/river_water_dataset\2023\images\DJI_12672.JPG,0.2735828967123204,1428628,5221920,
data/raw/external/river_water_dataset\2023\images\DJI_12673.JPG,0.028727556147930263,150013,5221920,
data/raw/external/river_water_dataset\2023\images\DJI_12676.JPG,0.12748625026810062,665723,5221920,
data/raw/external/river_water_dataset\2023\images\DJI_12677.JPG,0.012142468670527316,63407,5221920,
data/raw/external/river_water_dataset\2023\images\DJI_12678.JPG,0.013117780433250605,68500,5221920,
data/raw/external/river_water_dataset\2023\images\DJI_12679.JPG,0.07532555075527775,393344,5221920,
data/raw/external/river_water_dataset\2023\images\DJI_12680.JPG,0.34219271838710663,1786903,5221920,
data/raw/external/river_water_dataset\2023\images\DJI_12681.JPG,0.6367380197322058,3324995,5221920,
data/raw/external/river_water_dataset\2023\images\DJI_12682.JPG,0.6466590832490732,3376802,5221920,
data/raw/external/river_water_dataset\2023\images\DJI_12683.JPG,0.4895561402702454,2556423,5221920,
data/raw/external/river_water_dataset\2023\images\DJI_12684.JPG,0.24941362563961147,1302418,5221920,
data/raw/external/river_water_dataset\2023\images\DJI_12685.JPG,0.0046189907160584616,24120,5221920,
data/raw/external/river_water_dataset\2023\images\DJI_12686.JPG,0.022875685571590525,119455,5221920,
data/raw/external/river_water_dataset\2023\images\DJI_12687.JPG,0.07349346600484113,383777,5221920,
data/raw/external/river_water_dataset\2023\images\DJI_12688.JPG,0.0769575175414407,401866,5221920,
data/raw/external/river_water_dataset\2023\images\DJI_12689.JPG,0.018370446119435,95929,5221920,
data/raw/external/river_water_dataset\2023\images\DJI_12690.JPG,0.2139082942672427,1117012,5221920,
data/raw/external/river_water_dataset\2023\images\DJI_12691.JPG,0.4756652725434323,2483886,5221920,
data/raw/external/river_water_dataset\2023\images\DJI_12692.JPG,0.6588101694395931,3440254,5221920,
data/raw/external/river_water_dataset\2023\images\DJI_12693.JPG,0.6806862226920366,3554489,5221920,
data/raw/external/river_water_dataset\2023\images\DJI_12694.JPG,0.39781000091920216,2077332,5221920,
data/raw/external/river_water_dataset\2023\images\DJI_12695.JPG,0.045486334528296105,237526,5221920,
data/raw/external/river_water_dataset\2023\images\DJI_12696.JPG,0.25989463645555655,1357149,5221920,
data/raw/external/river_water_dataset\2023\images\DJI_12697.JPG,0.5299788200508625,2767507,5221920,
data/raw/external/river_water_dataset\2023\images\DJI_12698.JPG,0.04930753439347979,257480,5221920,
data/raw/external/river_water_dataset\2023\images\DJI_12699.JPG,0.6583881024603977,3438050,5221920,
data/raw/external/river_water_dataset\2023\images\DJI_12700.JPG,0.6281540123173086,3280170,5221920,
data/raw/external/river_water_dataset\2023\images\DJI_12701.JPG,0.26972397125961334,1408477,5221920,
data/raw/external/river_water_dataset\2023\images\DJI_12702.JPG,0.04699574103011919,245408,5221920,
data/raw/external/river_water_dataset\2023\images\DJI_12709.JPG,0.06927145570977725,361730,5221920,
data/raw/external/river_water_dataset\2023\images\DJI_12710.JPG,0.03180975579863345,166108,5221920,
data/raw/external/river_water_dataset\2023\images\DJI_12711.JPG,0.18412997518154242,961512,5221920,
data/raw/external/river_water_dataset\2023\images\DJI_12712.JPG,0.4964424962465913,2592383,5221920,
data/raw/external/river_water_dataset\2023\images\DJI_12713.JPG,0.6169682798664093,3221759,5221920,
data/raw/external/river_water_dataset\2023\images\DJI_12714.JPG,0.5433162514937034,2837154,5221920,
data/raw/external/river_water_dataset\2023\images\DJI_12715.JPG,0.4142656340962711,2163262,5221920,
data/raw/external/river_water_dataset\2023\images\DJI_12716.JPG,0.14186352912338757,740800,5221920,
data/raw/external/river_water_dataset\2023\images\DJI_12718.JPG,0.01666302815822533,87013,5221920,
data/raw/external/river_water_dataset\2023\images\DJI_12720.JPG,0.031178570334283177,162812,5221920,
data/raw/external/river_water_dataset\2023\images\DJI_12722.JPG,0.00465212029291908,24293,5221920,
data/raw/external/river_water_dataset\2023\images\DJI_12723.JPG,0.10340353739620677,539965,5221920,
data/raw/external/river_water_dataset\2023\images\DJI_12724.JPG,0.3715859300793578,1940392,5221920,
data/raw/external/river_water_dataset\2023\images\DJI_12725.JPG,0.4815496981952998,2514614,5221920,
data/raw/external/river_water_dataset\2023\images\DJI_12726.JPG,0.43176609369733737,2254648,5221920,
data/raw/external/river_water_dataset\2023\images\DJI_12727.JPG,0.3595934062567025,1877768,5221920,
data/raw/external/river_water_dataset\2023\images\DJI_12728.JPG,0.18028368875815792,941427,5221920,
data/raw/external/river_water_dataset\2023\images\DJI_12729.JPG,0.036101855256304195,188521,5221920,
data/raw/external/river_water_dataset\2023\images\DJI_12731.JPG,0.44413759689922483,2319251,5221920,
data/raw/external/river_water_dataset\2023\images\DJI_12732.JPG,0.03376765634096271,176332,5221920,
data/raw/external/river_water_dataset\2023\images\DJI_12737.JPG,0.20845646811900603,1088543,5221920,
data/raw/external/river_water_dataset\2023\images\DJI_12738.JPG,0.39778491436100133,2077201,5221920,
data/raw/external/river_water_dataset\2023\images\DJI_12739.JPG,0.4053461179029935,2116685,5221920,
data/raw/external/river_water_dataset\2023\images\DJI_12740.JPG,0.4110654701718908,2146551,5221920,
data/raw/external/river_water_dataset\2023\images\DJI_12741.JPG,0.3627512485828967,1894258,5221920,
data/raw/external/river_water_dataset\2023\images\DJI_12742.JPG,0.1169016377117995,610451,5221920,
data/raw/external/river_water_dataset\2023\images\DJI_12743.JPG,0.1493084918957012,779677,5221920,
data/raw/external/river_water_dataset\2023\images\DJI_12751.JPG,0.16245633789870392,848334,5221920,
data/raw/external/river_water_dataset\2023\images\DJI_12752.JPG,0.38583547813830926,2014802,5221920,
data/raw/external/river_water_dataset\2023\images\DJI_12753.JPG,0.40010072923369183,2089294,5221920,
data/raw/external/river_water_dataset\2023\images\DJI_12754.JPG,0.13554267395900357,707793,5221920,
data/raw/external/river_water_dataset\2023\images\DJI_12755.JPG,0.3863186337592303,2017325,5221920,
data/raw/external/river_water_dataset\2023\images\DJI_12756.JPG,0.1848934874528909,965499,5221920,
data/raw/external/river_water_dataset\2023\images\DJI_12759.JPG,0.01739590035848883,90840,5221920,
data/raw/external/river_water_dataset\2023\images\DJI_12760.JPG,0.010199122161963416,53259,5221920,
data/raw/external/river_water_dataset\2023\images\DJI_12762.JPG,0.15110687256794436,789068,5221920,
data/raw/external/river_water_dataset\2023\images\DJI_12763.JPG,0.34436414192480924,1798242,5221920,
data/raw/external/river_water_dataset\2023\images\DJI_12764.JPG,0.3590995266109017,1875189,5221920,
data/raw/external/river_water_dataset\2023\images\DJI_12765.JPG,0.20257759598002267,1057844,5221920,
data/raw/external/river_water_dataset\2023\images\DJI_12766.JPG,0.35430875999632316,1850172,5221920,
data/raw/external/river_water_dataset\2023\images\DJI_12767.JPG,0.19688888378221037,1028138,5221920,
data/raw/external/river_water_dataset\2023\images\DJI_12768.JPG,0.021710213867696174,113369,5221920,
data/raw/external/river_water_dataset\2023\images\DJI_12776.JPG,0.058112724821521584,303460,5221920,
data/raw/external/river_water_dataset\2023\images\DJI_12777.JPG,0.17944510831265129,937048,5221920,
data/raw/external/river_water_dataset\2023\images\DJI_12778.JPG,0.3476319055060208,1815306,5221920,
data/raw/external/river_water_dataset\2023\images\DJI_12779.JPG,0.34246464901798573,1788323,5221920,
data/raw/external/river_water_dataset\2023\images\DJI_12780.JPG,0.3246660232251739,1695380,5221920,
data/raw/external/river_water_dataset\2023\images\DJI_12781.JPG,0.13151580261666207,686765,5221920,
data/raw/external/river_water_dataset\2023\images\DJI_12785.JPG,0.032777790544474064,171163,5221920,
data/raw/external/river_water_dataset\2023\images\DJI_12786.JPG,0.19857217268744062,1036928,5221920,
data/raw/external/river_water_dataset\2023\images\DJI_12787.JPG,0.009844271838710665,51406,5221920,
data/raw/external/river_water_dataset\2023\images\DJI_12788.JPG,0.3427547721910715,1789838,5221920,
data/raw/external/river_water_dataset\2023\images\DJI_12789.JPG,0.338340878450838,1766789,5221920,
data/raw/external/river_water_dataset\2023\images\DJI_12790.JPG,0.3055088932806324,1595343,5221920,
data/raw/external/river_water_dataset\2023\images\DJI_12791.JPG,0.10145540337653583,529792,5221920,
data/raw/external/river_water_dataset\2023\images\DJI_12796.JPG,0.01924636915157643,100503,5221920,
data/raw/external/river_water_dataset\2023\images\DJI_12797.JPG,0.1601307565033551,836190,5221920,
data/raw/external/river_water_dataset\2023\images\DJI_12798.JPG,0.09599744921408218,501291,5221920,
data/raw/external/river_water_dataset\2023\images\DJI_12799.JPG,0.3185044964304317,1663205,5221920,
data/raw/external/river_water_dataset\2023\images\DJI_12800.JPG,0.3611558583815914,1885927,5221920,
data/raw/external/river_water_dataset\2023\images\DJI_12801.JPG,0.33892284830100805,1769828,5221920,
data/raw/external/river_water_dataset\2023\images\DJI_12802.JPG,0.16241363329962927,848111,5221920,
data/raw/external/river_water_dataset\2023\images\DJI_12803.JPG,0.020687218494346907,108027,5221920,
data/raw/external/river_water_dataset\2023\images\DJI_12809.JPG,0.3339503477648068,1743862,5221920,
data/raw/external/river_water_dataset\2023\images\DJI_12811.JPG,0.024772305971749856,129359,5221920,
data/raw/external/river_water_dataset\2023\images\DJI_12812.JPG,0.1405873701626988,734136,5221920,
data/raw/external/river_water_dataset\2023\images\DJI_12813.JPG,0.3355639305083188,1752288,5221920,
data/raw/external/river_water_dataset\2023\images\DJI_12814.JPG,0.4148864785366302,2166504,5221920,
data/raw/external/river_water_dataset\2023\images\DJI_12815.JPG,0.3811509942703067,1990340,5221920,
data/raw/external/river_water_dataset\2023\images\DJI_12816.JPG,0.2562448294880044,1338090,5221920,
data/raw/external/river_water_dataset\2023\images\DJI_12817.JPG,0.06466012501149003,337650,5221920,
data/raw/external/river_water_dataset\2023\images\DJI_12820.JPG,0.5309989429175476,2772834,5221920,
data/raw/external/river_water_dataset\2023\images\DJI_12823.JPG,0.020644130894383675,107802,5221920,
data/raw/external/river_water_dataset\2023\images\DJI_12824.JPG,0.13712676563409626,716065,5221920,
data/raw/external/river_water_dataset\2023\images\DJI_12825.JPG,0.2855175874008028,1490950,5221920,
data/raw/external/river_water_dataset\2023\images\DJI_12826.JPG,0.4008523684774949,2093219,5221920,
data/raw/external/river_water_dataset\2023\images\DJI_12827.JPG,0.429977096546864,2245306,5221920,
data/raw/external/river_water_dataset\2023\images\DJI_12828.JPG,0.3009808652756074,1571698,5221920,
data/raw/external/river_water_dataset\2023\images\DJI_12829.JPG,0.15482332169010632,808475,5221920,
data/raw/external/river_water_dataset\2023\images\DJI_12830.JPG,0.05265726016484358,274972,5221920,
data/raw/external/river_water_dataset\2023\images\DJI_12831.JPG,0.672364953886693,3511036,5221920,
data/raw/external/river_water_dataset\2023\images\DJI_12832.JPG,0.0016239237675031407,8480,5221920,
data/raw/external/river_water_dataset\2023\images\DJI_12834.JPG,0.007836772681312621,40923,5221920,
data/raw/external/river_water_dataset\2023\images\DJI_12836.JPG,0.10507208076722738,548678,5221920,
data/raw/external/river_water_dataset\2023\images\DJI_12837.JPG,0.24753921929098877,1292630,5221920,
data/raw/external/river_water_dataset\2023\images\DJI_12838.JPG,0.40143893433832767,2096282,5221920,
data/raw/external/river_water_dataset\2023\images\DJI_12839.JPG,0.46613180592578973,2434103,5221920,
data/raw/external/river_water_dataset\2023\images\DJI_12840.JPG,0.3886329166283666,2029410,5221920,
data/raw/external/river_water_dataset\2023\images\DJI_12841.JPG,0.24676900450409045,1288608,5221920,
data/raw/external/river_water_dataset\2023\images\DJI_12842.JPG,0.47981221466433804,2505541,5221920,
data/raw/external/river_water_dataset\2023\images\DJI_12843.JPG,0.3944091445292153,2059573,5221920,
data/raw/external/river_water_dataset\2023\images\DJI_12844.JPG,0.10407781046052027,543486,5221920,
data/raw/external/river_water_dataset\2023\images\DJI_12845.JPG,0.013738624873609707,71742,5221920,
data/raw/external/river_water_dataset\2023\images\DJI_12846.JPG,0.006948976621625762,36287,5221920,
data/raw/external/river_water_dataset\2023\images\DJI_12849.JPG,0.02472155835401538,129094,5221920,
data/raw/external/river_water_dataset\2023\images\DJI_12850.JPG,0.11591962343352637,605323,5221920,
data/raw/external/river_water_dataset\2023\images\DJI_12851.JPG,0.2804058660416092,1464257,5221920,
data/raw/external/river_water_dataset\2023\images\DJI_12852.JPG,0.4590447574838374,2397095,5221920,
data/raw/external/river_water_dataset\2023\images\DJI_12853.JPG,0.5175180776419401,2702438,5221920,
data/raw/external/river_water_dataset\2023\images\DJI_12854.JPG,0.0953681787541747,498005,5221920,
data/raw/external/river_water_dataset\2023\images\DJI_12855.JPG,0.41623962067591996,2173570,5221920,
data/raw/external/river_water_dataset\2023\images\DJI_12856.JPG,0.2313428777154763,1208054,5221920,
data/raw/external/river_water_dataset\2023\images\DJI_12857.JPG,0.06647325121794283,347118,5221920,
data/raw/external/river_water_dataset\2023\images\DJI_12858.JPG,0.02560360940037381,133700,5221920,
data/raw/external/river_water_dataset\2023\images\DJI_12859.JPG,0.07903433985966847,412711,5221920,
data/raw/external/river_water_dataset\2023\images\DJI_12861.JPG,0.19634004350890094,1025272,5221920,
data/raw/external/river_water_dataset\2023\images\DJI_12862.JPG,0.44058296565248034,2300689,5221920,
data/raw/external/river_water_dataset\2023\images\DJI_12863.JPG,0.5846240463277875,3052860,5221920,
data/raw/external/river_water_dataset\2023\images\DJI_12864.JPG,0.5558488065692312,2902598,5221920,
data/raw/external/river_water_dataset\2023\images\DJI_12865.JPG,0.156179144835616,815555,5221920,
data/raw/external/river_water_dataset\2023\images\DJI_12866.JPG,0.39086121579802063,2041046,5221920,
data/raw/external/river_water_dataset\2023\images\DJI_12867.JPG,0.1607686444832552,839521,5221920,
data/raw/external/river_water_dataset\2023\images\DJI_12868.JPG,0.019427337071422007,101448,5221920,
data/raw/external/river_water_dataset\2023\images\DJI_12871.JPG,0.034946533075956736,182488,5221920,
data/raw/external/river_water_dataset\2023\images\DJI_12872.JPG,0.1744729907773386,911084,5221920,
data/raw/external/river_water_dataset\2023\images\DJI_12873.JPG,0.40421741428440117,2110791,5221920,
data/raw/external/river_water_dataset\2023\images\DJI_12874.JPG,0.5775888945062353,3016123,5221920,
data/raw/external/river_water_dataset\2023\images\DJI_12875.JPG,0.5724681726261605,2989383,5221920,
data/raw/external/river_water_dataset\2023\images\DJI_12876.JPG,0.3538953105371204,1848013,5221920,
data/raw/external/river_water_dataset\2023\images\DJI_12877.JPG,0.43237985262125805,2257853,5221920,
data/raw/external/river_water_dataset\2023\images\DJI_12878.JPG,0.19539211630970985,1020322,5221920,
data/raw/external/river_water_dataset\2023\images\DJI_12879.JPG,0.02818063087906364,147157,5221920,
data/raw/external/river_water_dataset\2023\images\DJI_12881.JPG,0.0023083463553635443,12054,5221920,
data/raw/external/river_water_dataset\2023\images\DJI_12884.JPG,0.022953626252412904,119862,5221920,
data/raw/external/river_water_dataset\2023\images\DJI_12885.JPG,0.17633111958819744,920787,5221920,
data/raw/external/river_water_dataset\2023\images\DJI_12886.JPG,0.39600779023807336,2067921,5221920,
data/raw/external/river_water_dataset\2023\images\DJI_12887.JPG,0.25500256610595334,1331603,5221920,
data/raw/external/river_water_dataset\2023\images\DJI_12888.JPG,0.5938957318380979,3101276,5221920,
data/raw/external/river_water_dataset\2023\images\DJI_12889.JPG,0.6500294910684192,3394402,5221920,
data/raw/external/river_water_dataset\2023\images\DJI_12890.JPG,0.5101472255415632,2663948,5221920,
data/raw/external/river_water_dataset\2023\images\DJI_12891.JPG,0.23708961454790575,1238063,5221920,
data/raw/external/river_water_dataset\2023\images\DJI_12892.JPG,0.07391208597603946,385963,5221920,
data/raw/external/river_water_dataset\2023\images\DJI_12894.JPG,0.014199566442994149,74149,5221920,
data/raw/external/river_water_dataset\2023\images\DJI_12895.JPG,0.0022834512976070104,11924,5221920,
data/raw/external/river_water_dataset\2023\images\DJI_12897.JPG,0.03490861598798909,182290,5221920,
data/raw/external/river_water_dataset\2023\images\DJI_12898.JPG,0.05491658240647118,286770,5221920,
data/raw/external/river_water_dataset\2023\images\DJI_12899.JPG,0.2437318074577933,1272748,5221920,
data/raw/external/river_water_dataset\2023\images\DJI_12900.JPG,0.3991570150442749,2084366,5221920,
data/raw/external/river_water_dataset\2023\images\DJI_12901.JPG,0.6251095382541287,3264272,5221920,
data/raw/external/river_water_dataset\2023\images\DJI_12902.JPG,0.5991769310904801,3128854,5221920,
data/raw/external/river_water_dataset\2023\images\DJI_12903.JPG,0.3949811563562827,2062560,5221920,
data/raw/external/river_water_dataset\2023\images\DJI_12904.JPG,0.1668158455127616,871099,5221920,
data/raw/external/river_water_dataset\2023\images\DJI_12905.JPG,0.033827595980022676,176645,5221920,
data/raw/external/river_water_dataset\2023\images\DJI_12909.JPG,0.005718394766675859,29861,5221920,
data/raw/external/river_water_dataset\2023\images\DJI_12911.JPG,0.0010341023991175659,5400,5221920,
data/raw/external/river_water_dataset\2023\images\DJI_12912.JPG,0.052919424273064314,276341,5221920,
data/raw/external/river_water_dataset\2023\images\DJI_12913.JPG,0.15867899163526059,828609,5221920,
data/raw/external/river_water_dataset\2023\images\DJI_12914.JPG,0.4636013190550602,2420889,5221920,
data/raw/external/river_water_dataset\2023\images\DJI_12915.JPG,0.6153382280846892,3213247,5221920,
data/raw/external/river_water_dataset\2023\images\DJI_12916.JPG,0.5774772497472194,3015540,5221920,
data/raw/external/river_water_dataset\2023\images\DJI_12917.JPG,0.3838860036155284,2004622,5221920,
data/raw/external/river_water_dataset\2023\images\DJI_12918.JPG,0.13397907283144897,699628,5221920,
data/raw/external/river_water_dataset\2023\images\DJI_12919.JPG,0.004080108465851641,21306,5221920,
data/raw/external/river_water_dataset\2023\images\DJI_12920.JPG,0.09013236510708705,470664,5221920,
data/raw/external/river_water_dataset\2023\images\DJI_12921.JPG,0.017801881300364617,92960,5221920,
data/raw/external/river_water_dataset\2023\images\DJI_12922.JPG,0.015484534424119864,80859,5221920,
data/raw/external/river_water_dataset\2023\images\DJI_12924.JPG,0.13590537580047185,709687,5221920,
data/raw/external/river_water_dataset\2023\images\DJI_12925.JPG,0.3852316772374912,2011649,5221920,
data/raw/external/river_water_dataset\2023\images\DJI_12926.JPG,0.5595909167509269,2922139,5221920,
data/raw/external/river_water_dataset\2023\images\DJI_12927.JPG,0.5727605938045777,2990910,5221920,
data/raw/external/river_water_dataset\2023\images\DJI_12928.JPG,0.432762087508043,2259849,5221920,
data/raw/external/river_water_dataset\2023\images\DJI_12929.JPG,0.16913204338634066,883194,5221920,
data/raw/external/river_water_dataset\2023\images\DJI_12930.JPG,0.018349764071452647,95821,5221920,
data/raw/external/river_water_dataset\2023\images\DJI_12931.JPG,0.11401496001470723,595377,5221920,
data/raw/external/river_water_dataset\2023\images\DJI_12937.JPG,0.05062429144835616,264356,5221920,
data/raw/external/river_water_dataset\2023\images\DJI_12938.JPG,0.284187616815271,1484005,5221920,
data/raw/external/river_water_dataset\2023\images\DJI_12939.JPG,0.5296389067622637,2765732,5221920,
data/raw/external/river_water_dataset\2023\images\DJI_12940.JPG,0.5722726506725495,2988362,5221920,
data/raw/external/river_water_dataset\2023\images\DJI_12941.JPG,0.5143244247326654,2685761,5221920,
data/raw/external/river_water_dataset\2023\images\DJI_12942.JPG,0.3727077396819561,1946250,5221920,
data/raw/external/river_water_dataset\2023\images\DJI_12943.JPG,0.2769921791218556,1446431,5221920,
data/raw/external/river_water_dataset\2023\images\DJI_12944.JPG,0.04492064221588994,234572,5221920,
data/raw/external/river_water_dataset\2023\images\DJI_12946.JPG,0.020125930692159205,105096,5221920,
data/raw/external/river_water_dataset\2023\images\DJI_12947.JPG,0.005004098109507614,26131,5221920,
data/raw/external/river_water_dataset\2023\images\DJI_12949.JPG,0.04003642338450225,209067,5221920,
data/raw/external/river_water_dataset\2023\images\DJI_12950.JPG,0.28253535098201427,1475377,5221920,
data/raw/external/river_water_dataset\2023\images\DJI_12951.JPG,0.5071014109752735,2648043,5221920,
data/raw/external/river_water_dataset\2023\images\DJI_12952.JPG,0.6081715154579158,3175823,5221920,
data/raw/external/river_water_dataset\2024\images\DJI_12957.JPG,0.020942140851031087,104511,4990464,
data/raw/external/river_water_dataset\2024\images\DJI_12958.JPG,0.2549865102723915,1272501,4990464,
data/raw/external/river_water_dataset\2024\images\DJI_12959.JPG,0.2695200285985431,1345030,4990464,
data/raw/external/river_water_dataset\2024\images\DJI_12960.JPG,0.2777938083512876,1386320,4990464,
data/raw/external/river_water_dataset\2024\images\DJI_12961.JPG,0.09611190462449985,479643,4990464,
data/raw/external/river_water_dataset\2024\images\DJI_12986.JPG,0.02453439199240792,122438,4990464,
data/raw/external/river_water_dataset\2024\images\DJI_12987.JPG,0.1386398138529804,691877,4990464,
data/raw/external/river_water_dataset\2024\images\DJI_12988.JPG,0.30029031368626247,1498588,4990464,
data/raw/external/river_water_dataset\2024\images\DJI_12989.JPG,0.31646496197547963,1579307,4990464,
data/raw/external/river_water_dataset\2024\images\DJI_12990.JPG,0.2357784767107828,1176644,4990464,
data/raw/external/river_water_dataset\2024\images\DJI_12991.JPG,0.058179560056940596,290343,4990464,
data/raw/external/river_water_dataset\2024\images\DJI_13014.JPG,0.007147030817174515,35667,4990464,
data/raw/external/river_water_dataset\2024\images\DJI_13015.JPG,0.08686607097055504,433502,4990464,
data/raw/external/river_water_dataset\2024\images\DJI_13016.JPG,0.15618687961680516,779445,4990464,
data/raw/external/river_water_dataset\2024\images\DJI_13017.JPG,0.19656729314147944,980962,4990464,
data/raw/external/river_water_dataset\2024\images\DJI_13018.JPG,0.15265794924079204,761834,4990464,
data/raw/external/river_water_dataset\2024\images\DJI_13019.JPG,0.05499027745716631,274427,4990464,
data/raw/external/river_water_dataset\2024\images\DJI_13020.JPG,0.046944332230429875,234274,4990464,
data/raw/external/river_water_dataset\2024\images\DJI_13021.JPG,0.015317814135118499,76443,4990464,
data/raw/external/river_water_dataset\2024\images\DJI_13042.JPG,0.06481100755360623,323437,4990464,
data/raw/external/river_water_dataset\2024\images\DJI_13043.JPG,0.13677385509643994,682565,4990464,
data/raw/external/river_water_dataset\2024\images\DJI_13044.JPG,0.14661883143531343,731696,4990464,
data/raw/external/river_water_dataset\2024\images\DJI_13045.JPG,0.128053022724941,639044,4990464,
data/raw/external/river_water_dataset\2024\images\DJI_13046.JPG,0.03382671430953114,168811,4990464,
data/raw/external/river_water_dataset\2024\images\DJI_13076.JPG,0.021797371947778803,108779,4990464,
data/raw/external/river_water_dataset\2024\images\DJI_13077.JPG,0.16129762683389762,804950,4990464,
data/raw/external/river_water_dataset\2024\images\DJI_13078.JPG,0.17592131713604187,877929,4990464,
data/raw/external/river_water_dataset\2024\images\DJI_13079.JPG,0.17591129802759822,877879,4990464,
data/raw/external/river_water_dataset\2024\images\DJI_13080.JPG,0.08111169622704421,404785,4990464,
data/raw/external/river_water_dataset\2024\images\DJI_13099.JPG,0.04551159972299169,227124,4990464,
data/raw/external/river_water_dataset\2024\images\DJI_13100.JPG,0.1051745889760952,524870,4990464,
data/raw/external/river_water_dataset\2024\images\DJI_13101.JPG,0.13931089373653432,695226,4990464,
data/raw/external/river_water_dataset\2024\images\DJI_13102.JPG,0.14787943565969017,737987,4990464,
data/raw/external/river_water_dataset\2024\images\DJI_13103.JPG,0.10001795424233097,499136,4990464,
data/raw/external/river_water_dataset\2024\images\DJI_13104.JPG,0.05687607404842516,283838,4990464,
data/raw/external/river_water_dataset\2024\images\DJI_13105.JPG,0.03659319053298451,182617,4990464,
data/raw/external/river_water_dataset\2024\images\DJI_13106.JPG,0.0030750647635169794,15346,4990464,
data/raw/external/river_water_dataset\2024\images\DJI_13131.JPG,0.0062599389555760745,31240,4990464,
data/raw/external/river_water_dataset\2024\images\DJI_13132.JPG,0.03586700555299066,178993,4990464,
data/raw/external/river_water_dataset\2024\images\DJI_13133.JPG,0.09419084077151944,470056,4990464,
data/raw/external/river_water_dataset\2024\images\DJI_13134.JPG,0.16245864112034472,810744,4990464,
data/raw/external/river_water_dataset\2024\images\DJI_13135.JPG,0.15113043596747716,754211,4990464,
data/raw/external/river_water_dataset\2024\images\DJI_13136.JPG,0.11200742055247769,558969,4990464,
data/raw/external/river_water_dataset\2024\images\DJI_13137.JPG,0.04047158741151123,201972,4990464,
data/raw/external/river_water_dataset\2024\images\DJI_13159.JPG,0.04336530631219863,216413,4990464,
data/raw/external/river_water_dataset\2024\images\DJI_13160.JPG,0.0685675720734585,342184,4990464,
data/raw/external/river_water_dataset\2024\images\DJI_13161.JPG,0.11822507887042166,589998,4990464,
data/raw/external/river_water_dataset\2024\images\DJI_13162.JPG,0.19421420533240996,969219,4990464,
data/raw/external/river_water_dataset\2024\images\DJI_13163.JPG,0.16243479564224889,810625,4990464,
data/raw/external/river_water_dataset\2024\images\DJI_13164.JPG,0.173264049194624,864668,4990464,
data/raw/external/river_water_dataset\2024\images\DJI_13165.JPG,0.16834767268133785,840133,4990464,
data/raw/external/river_water_dataset\2024\images\DJI_13166.JPG,0.13109342137324304,654217,4990464,
data/raw/external/river_water_dataset\2024\images\DJI_13167.JPG,0.0854038822842926,426205,4990464,
data/raw/external/river_water_dataset\2024\images\DJI_13168.JPG,0.0688457025238535,343572,4990464,
data/raw/external/river_water_dataset\2024\images\DJI_13169.JPG,0.062482566751308095,311817,4990464,
data/raw/external/river_water_dataset\2024\images\DJI_13170.JPG,0.04890286754898943,244048,4990464,
data/raw/external/river_water_dataset\2024\images\DJI_13171.JPG,0.029701246216784653,148223,4990464,
data/raw/external/river_water_dataset\2024\images\DJI_13172.JPG,0.02783709089976403,138920,4990464,
data/raw/external/river_water_dataset\2024\images\DJI_13173.JPG,0.02245743081204473,112073,4990464,
data/raw/external/river_water_dataset\2024\images\DJI_13174.JPG,0.011208977762388427,55938,4990464,
data/raw/external/river_water_dataset\2024\images\DJI_13177.JPG,0.23164158683441058,1155999,4990464,
data/raw/external/river_water_dataset\2024\images\DJI_13178.JPG,0.23862650847696726,1190857,4990464,
data/raw/external/river_water_dataset\2024\images\DJI_13179.JPG,0.135439710616087,675907,4990464,
data/raw/external/river_water_dataset\2024\images\DJI_13180.JPG,0.019663902995793577,98132,4990464,
data/raw/external/river_water_dataset\2024\images\DJI_13205.JPG,0.026596524892274546,132729,4990464,
data/raw/external/river_water_dataset\2024\images\DJI_13206.JPG,0.12619087122960912,629751,4990464,
data/raw/external/river_water_dataset\2024\images\DJI_13207.JPG,0.15994905483738586,798220,4990464,
data/raw/external/river_water_dataset\2024\images\DJI_13208.JPG,0.15950440680465786,796001,4990464,
data/raw/external/river_water_dataset\2024\images\DJI_13209.JPG,0.1005076882630553,501580,4990464,
data/raw/external/river_water_dataset\2024\images\DJI_13210.JPG,0.020767207217605416,103638,4990464,
data/raw/external/river_water_dataset\2024\images\DJI_13231.JPG,0.15259543000410383,761522,4990464,
data/raw/external/river_water_dataset\2024\images\DJI_13232.JPG,0.17633490593259465,879993,4990464,
data/raw/external/river_water_dataset\2024\images\DJI_13233.JPG,0.1763876064430081,880256,4990464,
data/raw/external/river_water_dataset\2024\images\DJI_13234.JPG,0.12140213815789473,605853,4990464,
data/raw/external/river_water_dataset\2024\images\DJI_13259.JPG,0.051586986701036217,257443,4990464,
data/raw/external/river_water_dataset\2024\images\DJI_13260.JPG,0.13027365792038575,650126,4990464,
data/raw/external/river_water_dataset\2024\images\DJI_13261.JPG,0.13885843079922028,692968,4990464,
data/raw/external/river_water_dataset\2024\images\DJI_13262.JPG,0.11947325940032831,596227,4990464,
data/raw/external/river_water_dataset\2024\images\DJI_13263.JPG,0.051326089117164256,256141,4990464,
data/raw/external/river_water_dataset\2024\images\DJI_13283.JPG,0.019346297258130706,96547,4990464,
data/raw/external/river_water_dataset\2024\images\DJI_13284.JPG,0.0464149225402688,231632,4990464,
data/raw/external/river_water_dataset\2024\images\DJI_13285.JPG,0.14324659991535857,714867,4990464,
data/raw/external/river_water_dataset\2024\images\DJI_13286.JPG,0.14352893839129988,716276,4990464,
data/raw/external/river_water_dataset\2024\images\DJI_13287.JPG,0.11515241869293116,574664,4990464,
data/raw/external/river_water_dataset\2024\images\DJI_13288.JPG,0.07381878719093055,368390,4990464,
data/raw/external/river_water_dataset\2024\images\DJI_13310.JPG,0.043361899815327794,216396,4990464,
data/raw/external/river_water_dataset\2024\images\DJI_13311.JPG,0.14992233187134502,748182,4990464,
data/raw/external/river_water_dataset\2024\images\DJI_13312.JPG,0.15082365086693342,752680,4990464,
data/raw/external/river_water_dataset\2024\images\DJI_13313.JPG,0.14886832166307581,742922,4990464,
data/raw/external/river_water_dataset\2024\images\DJI_13314.JPG,0.02612522603108649,130377,4990464,
data/raw/external/river_water_dataset\2024\images\DJI_13336.JPG,0.06912984443931466,344990,4990464,
data/raw/external/river_water_dataset\2024\images\DJI_13337.JPG,0.09078975421924695,453083,4990464,
data/raw/external/river_water_dataset\2024\images\DJI_13338.JPG,0.09206578787062686,459451,4990464,
data/raw/external/river_water_dataset\2024\images\DJI_13339.JPG,0.08543734610649431,426372,4990464,
data/raw/external/river_water_dataset\2024\images\DJI_13362.JPG,0.042499855724838415,212094,4990464,
data/raw/external/river_water_dataset\2024\images\DJI_13363.JPG,0.10551864516004925,526587,4990464,
data/raw/external/river_water_dataset\2024\images\DJI_13364.JPG,0.14345038858110187,715884,4990464,
data/raw/external/river_water_dataset\2024\images\DJI_13365.JPG,0.12907857866523031,644162,4990464,
data/raw/external/river_water_dataset\2024\images\DJI_13366.JPG,0.07960762766748743,397279,4990464,
data/raw/external/river_water_dataset\2024\images\DJI_13367.JPG,0.019917186057248383,99396,4990464,
data/raw/external/river_water_dataset\2024\images\DJI_13381.JPG,0.008297825613009131,41410,4990464,
data/raw/external/river_water_dataset\2024\images\DJI_13382.JPG,0.009016396070585821,44996,4990464,
data/raw/external/river_water_dataset\2024\images\DJI_13383.JPG,0.00673424354929722,33607,4990464,
data/raw/external/river_water_dataset\2024\images\DJI_13384.JPG,0.058066945278034264,289781,4990464,
data/raw/external/river_water_dataset\2024\images\DJI_13385.JPG,0.12994523154560378,648487,4990464,
data/raw/external/river_water_dataset\2024\images\DJI_13386.JPG,0.1771664919334154,884143,4990464,
data/raw/external/river_water_dataset\2024\images\DJI_13387.JPG,0.18046297899353647,900594,4990464,
data/raw/external/river_water_dataset\2024\images\DJI_13388.JPG,0.10041410979019186,501113,4990464,
data/raw/external/river_water_dataset\2024\images\DJI_13389.JPG,0.03308650257771622,165117,4990464,
data/raw/external/river_water_dataset\2024\images\DJI_13414.JPG,0.0058325237893710885,29107,4990464,
data/raw/external/river_water_dataset\2024\images\DJI_13415.JPG,0.10203900879757874,509222,4990464,
data/raw/external/river_water_dataset\2024\images\DJI_13416.JPG,0.14839501898019902,740560,4990464,
data/raw/external/river_water_dataset\2024\images\DJI_13417.JPG,0.1471670770493485,734432,4990464,
data/raw/external/river_water_dataset\2024\images\DJI_13418.JPG,0.10886162088334872,543270,4990464,
data/raw/external/river_water_dataset\2024\images\DJI_13419.JPG,0.06294585032574125,314129,4990464,
data/raw/external/river_water_dataset\2024\images\DJI_13420.JPG,0.15712025975941316,784103,4990464,
data/raw/external/river_water_dataset\2024\images\DJI_13424.JPG,0.013921150418077358,69473,4990464,
data/raw/external/river_water_dataset\2024\images\DJI_13425.JPG,0.0034058957243254333,16997,4990464,
data/raw/external/river_water_dataset\2024\images\DJI_13434.JPG,0.05420477935518621,270507,4990464,
data/raw/external/river_water_dataset\2024\images\DJI_13435.JPG,0.10082789896891352,503178,4990464,
data/raw/external/river_water_dataset\2024\images\DJI_13436.JPG,0.14163452536677953,706822,4990464,
data/raw/external/river_water_dataset\2024\images\DJI_13437.JPG,0.12597926765927978,628695,4990464,
data/raw/external/river_water_dataset\2024\images\DJI_13438.JPG,0.043021250128244586,214696,4990464,
data/raw/external/river_water_dataset\2024\images\DJI_13439.JPG,0.00682501667179645,34060,4990464,
data/raw/external/river_water_dataset\2024\images\DJI_13465.JPG,0.032951645378065046,164444,4990464,
data/raw/external/river_water_dataset\2024\images\DJI_13466.JPG,0.10153204191033138,506692,4990464,
data/raw/external/river_water_dataset\2024\images\DJI_13467.JPG,0.17231363656766185,859925,4990464,
data/raw/external/river_water_dataset\2024\images\DJI_13468.JPG,0.14113356994459833,704322,4990464,
data/raw/external/river_water_dataset\2024\images\DJI_13469.JPG,0.09115004135887965,454881,4990464,
data/raw/external/river_water_dataset\2024\images\DJI_13470.JPG,0.0320310896942649,159850,4990464,
data/raw/external/river_water_dataset\2024\images\DJI_13491.JPG,0.009703907291987278,48427,4990464,
data/raw/external/river_water_dataset\2024\images\DJI_13492.JPG,0.0551235315994665,275092,4990464,
data/raw/external/river_water_dataset\2024\images\DJI_13493.JPG,0.11583772571047501,578084,4990464,
data/raw/external/river_water_dataset\2024\images\DJI_13494.JPG,0.12063527559761979,602026,4990464,
data/raw/external/river_water_dataset\2024\images\DJI_13495.JPG,0.08662200548886836,432284,4990464,
data/raw/external/river_water_dataset\2024\images\DJI_13496.JPG,0.05379439667333539,268459,4990464,
data/raw/external/river_water_dataset\2024\images\DJI_13518.JPG,0.11504761881861085,574141,4990464,
data/raw/external/river_water_dataset\2024\images\DJI_13519.JPG,0.11839219759926131,590832,4990464,
data/raw/external/river_water_dataset\2024\images\DJI_13520.JPG,0.12120496210372422,604869,4990464,
data/raw/external/river_water_dataset\2024\images\DJI_13521.JPG,0.11314238515697138,564633,4990464,
data/raw/external/river_water_dataset\2024\images\DJI_13549.JPG,0.06752197791628194,336966,4990464,
data/raw/external/river_water_dataset\2024\images\DJI_13550.JPG,0.12256976505591465,611680,4990464,
data/raw/external/river_water_dataset\2024\images\DJI_13551.JPG,0.12690683671899045,633324,4990464,
data/raw/external/river_water_dataset\2024\images\DJI_13552.JPG,0.12227400097465888,610204,4990464,
data/raw/external/river_water_dataset\2024\images\DJI_13574.JPG,0.01672369543192777,83459,4990464,
data/raw/external/river_water_dataset\2024\images\DJI_13575.JPG,0.06869701895455012,342830,4990464,
data/raw/external/river_water_dataset\2024\images\DJI_13576.JPG,0.07563565231609726,377457,4990464,
data/raw/external/river_water_dataset\2024\images\DJI_13577.JPG,0.07439889356981635,371285,4990464,
data/raw/external/river_water_dataset\2024\images\DJI_13578.JPG,0.05842542897814712,291570,4990464,
data/raw/external/river_water_dataset\2024\images\DJI_13607.JPG,0.09567266691033138,477451,4990464,
data/raw/external/river_water_dataset\2024\images\DJI_13608.JPG,0.1264485626987791,631037,4990464,
data/raw/external/river_water_dataset\2024\images\DJI_13609.JPG,0.11164873647019596,557179,4990464,
data/raw/external/river_water_dataset\2024\images\DJI_13610.JPG,0.10475438756796963,522773,4990464,
data/raw/external/river_water_dataset\2024\images\DJI_13630.JPG,0.008907989317225813,44455,4990464,
data/raw/external/river_water_dataset\2024\images\DJI_13631.JPG,0.07374524693495435,368023,4990464,
data/raw/external/river_water_dataset\2024\images\DJI_13632.JPG,0.11428075625833589,570314,4990464,
data/raw/external/river_water_dataset\2024\images\DJI_13633.JPG,0.11701116369139222,583940,4990464,
data/raw/external/river_water_dataset\2024\images\DJI_13634.JPG,0.0903096385426285,450687,4990464,
data/raw/external/river_water_dataset\2024\images\DJI_13635.JPG,0.07596588213039909,379105,4990464,
data/raw/external/river_water_dataset\2024\images\DJI_13636.JPG,0.07399933152508464,369291,4990464,
data/raw/external/river_water_dataset\2024\images\DJI_13637.JPG,0.06538911011080333,326322,4990464,
data/raw/external/river_water_dataset\2024\images\DJI_13638.JPG,0.04368792160408331,218023,4990464,
data/raw/external/river_water_dataset\2024\images\DJI_13659.JPG,0.01895855776136247,94612,4990464,
data/raw/external/river_water_dataset\2024\images\DJI_13660.JPG,0.11672060954652713,582490,4990464,
data/raw/external/river_water_dataset\2024\images\DJI_13661.JPG,0.2207562262747512,1101676,4990464,
data/raw/external/river_water_dataset\2024\images\DJI_13662.JPG,0.25004829210269824,1247857,4990464,
data/raw/external/river_water_dataset\2024\images\DJI_13663.JPG,0.20198141896224478,1007981,4990464,
data/raw/external/river_water_dataset\2024\images\DJI_13664.JPG,0.11693521884938955,583561,4990464,
data/raw/external/river_water_dataset\2024\images\DJI_13665.JPG,0.058002822983995075,289461,4990464,
data/raw/external/river_water_dataset\2024\images\DJI_13666.JPG,0.0491214844952293,245139,4990464,
data/raw/external/river_water_dataset\2024\images\DJI_13667.JPG,0.045099012837283264,225065,4990464,
data/raw/external/river_water_dataset\2024\images\DJI_13668.JPG,0.00773956089053042,38624,4990464,
data/raw/external/river_water_dataset\2024\images\DJI_13670.JPG,0.07637846901610752,381164,4990464,
data/raw/external/river_water_dataset\2024\images\DJI_13671.JPG,0.09708015126449164,484475,4990464,
data/raw/external/river_water_dataset\2024\images\DJI_13672.JPG,0.08551028521596389,426736,4990464,
data/raw/external/river_water_dataset\2024\images\DJI_13673.JPG,0.12126828286908792,605185,4990464,
data/raw/external/river_water_dataset\2024\images\DJI_13674.JPG,0.10123206980352929,505195,4990464,
data/raw/external/river_water_dataset\2024\images\DJI_13675.JPG,0.06592553317687494,328999,4990464,
data/raw/external/river_water_dataset\2024\images\DJI_13676.JPG,0.016491252116035703,82299,4990464,
data/raw/external/river_water_dataset\2024\images\DJI_13700.JPG,0.03550010580178516,177162,4990464,
data/raw/external/river_water_dataset\2024\images\DJI_13701.JPG,0.1011715543885298,504893,4990464,
data/raw/external/river_water_dataset\2024\images\DJI_13702.JPG,0.1505316940468862,751223,4990464,
data/raw/external/river_water_dataset\2024\images\DJI_13703.JPG,0.1939519050733559,967910,4990464,
data/raw/external/river_water_dataset\2024\images\DJI_13704.JPG,0.1498417782394583,747780,4990464,
data/raw/external/river_water_dataset\2024\images\DJI_13705.JPG,0.08142749852518724,406361,4990464,
data/raw/external/river_water_dataset\2024\images\DJI_13706.JPG,0.036232302246845184,180816,4990464,
data/raw/external/river_water_dataset\2024\images\DJI_13707.JPG,0.013528200984918436,67512,4990464,
data/raw/external/river_water_dataset\2024\images\DJI_13708.JPG,0.014507669026367088,72400,4990464,
data/raw/external/river_water_dataset\2024\images\DJI_13723.JPG,0.009443410472453062,47127,4990464,
data/raw/external/river_water_dataset\2024\images\DJI_13724.JPG,0.07472371306555864,372906,4990464,
data/raw/external/river_water_dataset\2024\images\DJI_13725.JPG,0.14403830986457372,718818,4990464,
data/raw/external/river_water_dataset\2024\images\DJI_13726.JPG,0.21094511452241715,1052714,4990464,
data/raw/external/river_water_dataset\2024\images\DJI_13727.JPG,0.19451137208884786,970702,4990464,
data/raw/external/river_water_dataset\2024\images\DJI_13728.JPG,0.1420417019339284,708854,4990464,
data/raw/external/river_water_dataset\2024\images\DJI_13729.JPG,0.06045610187750077,301704,4990464,
data/raw/external/river_water_dataset\2024\images\DJI_13730.JPG,0.00887693008105058,44300,4990464,
data/raw/external/river_water_dataset\2024\images\DJI_13754.JPG,0.012232730263157895,61047,4990464,
data/raw/external/river_water_dataset\2024\images\DJI_13755.JPG,0.06808024263876064,339752,4990464,
data/raw/external/river_water_dataset\2024\images\DJI_13756.JPG,0.13810018467220683,689184,4990464,
data/raw/external/river_water_dataset\2024\images\DJI_13757.JPG,0.2123700321252693,1059825,4990464,
data/raw/external/river_water_dataset\2024\images\DJI_13758.JPG,0.23726010246742588,1184038,4990464,
data/raw/external/river_water_dataset\2024\images\DJI_13759.JPG,0.17048254430850518,850787,4990464,
data/raw/external/river_water_dataset\2024\images\DJI_13760.JPG,0.10058283157638248,501955,4990464,
data/raw/external/river_water_dataset\2024\images\DJI_13761.JPG,0.035476460705858213,177044,4990464,
data/raw/external/river_water_dataset\2024\images\DJI_13785.JPG,0.02124952709808146,106045,4990464,
data/raw/external/river_water_dataset\2024\images\DJI_13786.JPG,0.08239474325433467,411188,4990464,
data/raw/external/river_water_dataset\2024\images\DJI_13787.JPG,0.13727220555042577,685052,4990464,
data/raw/external/river_water_dataset\2024\images\DJI_13788.JPG,0.17699296097517184,883277,4990464,
data/raw/external/river_water_dataset\2024\images\DJI_13789.JPG,0.16668570297270954,831839,4990464,
data/raw/external/river_water_dataset\2024\images\DJI_13790.JPG,0.15584122037550016,777720,4990464,
data/raw/external/river_water_dataset\2024\images\DJI_13791.JPG,0.11008174790961321,549359,4990464,
data/raw/external/river_water_dataset\2024\images\DJI_13792.JPG,0.13528982475377038,675159,4990464,
data/raw/external/river_water_dataset\2024\images\DJI_13793.JPG,0.0824752968862214,411590,4990464,
data/raw/external/river_water_dataset\2024\images\DJI_13794.JPG,0.09350593451831332,466638,4990464,
data/raw/external/river_water_dataset\2024\images\DJI_13795.JPG,0.08087704870729455,403614,4990464,
data/raw/external/river_water_dataset\2024\images\DJI_13796.JPG,0.07844941873140454,391499,4990464,
data/raw/external/river_water_dataset\2024\images\DJI_13797.JPG,0.07625643627526418,380555,4990464,
data/raw/external/river_water_dataset\2024\images\DJI_13798.JPG,0.04548695271622038,227001,4990464,
data/raw/external/river_water_dataset\2024\images\DJI_13799.JPG,0.041523994562429466,207224,4990464,
data/raw/external/river_water_dataset\2024\images\DJI_13800.JPG,0.03469176413255361,173128,4990464,
data/raw/external/river_water_dataset\2024\images\DJI_13801.JPG,0.03792853730635067,189281,4990464,
data/raw/external/river_water_dataset\2024\images\DJI_13802.JPG,0.06130792647737766,305955,4990464,
data/raw/external/river_water_dataset\2024\images\DJI_13803.JPG,0.07001413095054888,349403,4990464,
data/raw/external/river_water_dataset\2024\images\DJI_13804.JPG,0.05419275642505386,270447,4990464,
data/raw/external/river_water_dataset\2024\images\DJI_13805.JPG,0.04088357315071304,204028,4990464,
data/raw/external/river_water_dataset\2024\images\DJI_13806.JPG,0.04055394448291782,202383,4990464,
data/raw/external/river_water_dataset\2024\images\DJI_13807.JPG,0.032519821804144866,162289,4990464,
data/raw/external/river_water_dataset\2024\images\DJI_13808.JPG,0.027101087193495434,135247,4990464,
data/raw/external/river_water_dataset\2024\images\DJI_13809.JPG,0.08286804593721145,413550,4990464,
data/raw/external/river_water_dataset\2024\images\DJI_13810.JPG,0.07973887798809891,397934,4990464,
data/raw/external/river_water_dataset\2024\images\DJI_13811.JPG,0.07918542243767313,395172,4990464,
data/raw/external/river_water_dataset\2024\images\DJI_13812.JPG,0.08633766319123833,430865,4990464,
data/raw/external/river_water_dataset\2024\images\DJI_13813.JPG,0.10580960006925208,528039,4990464,
data/raw/external/river_water_dataset\2024\images\DJI_13814.JPG,0.13323731019800963,664916,4990464,
data/raw/external/river_water_dataset\2024\images\DJI_13815.JPG,0.06997465566328101,349206,4990464,
data/raw/external/river_water_dataset\2024\images\DJI_13816.JPG,0.0742071278342054,370328,4990464,
data/raw/external/river_water_dataset\2024\images\DJI_13817.JPG,0.06892044507284292,343945,4990464,
data/raw/external/river_water_dataset\2024\images\DJI_13818.JPG,0.047154733507745974,235324,4990464,
data/raw/external/river_water_dataset\2024\images\DJI_13819.JPG,0.02254700164153073,112520,4990464,
data/raw/external/river_water_dataset\2024\images\DJI_13820.JPG,0.009434593657022674,47083,4990464,
data/raw/external/river_water_dataset\2024\images\DJI_13852.JPG,0.04670587744947163,233084,4990464,
data/raw/external/river_water_dataset\2024\images\DJI_13853.JPG,0.0643737736611265,321255,4990464,
data/raw/external/river_water_dataset\2024\images\DJI_13854.JPG,0.09855636670257516,491842,4990464,
data/raw/external/river_water_dataset\2024\images\DJI_13855.JPG,0.09543801939058172,476280,4990464,
data/raw/external/river_water_dataset\2024\images\DJI_13856.JPG,0.056421406907253516,281569,4990464,
data/raw/external/river_water_dataset\2024\images\DJI_13857.JPG,0.03395355622242741,169444,4990464,
data/raw/external/river_water_dataset\2024\images\DJI_13858.JPG,0.017420023468759618,86934,4990464,
data/raw/external/river_water_dataset\2024\images\DJI_13859.JPG,0.01994784452908587,99549,4990464,
data/raw/external/river_water_dataset\2024\images\DJI_13873.JPG,0.015662471465579152,78163,4990464,
data/raw/external/river_water_dataset\2024\images\DJI_13874.JPG,0.08810002436647174,439660,4990464,
data/raw/external/river_water_dataset\2024\images\DJI_13875.JPG,0.1297694963835026,647610,4990464,
data/raw/external/river_water_dataset\2024\images\DJI_13876.JPG,0.17765903130450394,886601,4990464,
data/raw/external/river_water_dataset\2024\images\DJI_13877.JPG,0.20068534709397765,1001513,4990464,
data/raw/external/river_water_dataset\2024\images\DJI_13878.JPG,0.14758988342566945,736542,4990464,
data/raw/external/river_water_dataset\2024\images\DJI_13879.JPG,0.10845925348825279,541262,4990464,
data/raw/external/river_water_dataset\2024\images\DJI_13880.JPG,0.0568524289524982,283720,4990464,
data/raw/external/river_water_dataset\2024\images\DJI_13881.JPG,0.005915081242946547,29519,4990464,
data/raw/external/river_water_dataset\2024\images\DJI_13906.JPG,0.03869519948445676,193107,4990464,
data/raw/external/river_water_dataset\2024\images\DJI_13907.JPG,0.09887878161229097,493451,4990464,
data/raw/external/river_water_dataset\2024\images\DJI_13908.JPG,0.12826222170924387,640088,4990464,
data/raw/external/river_water_dataset\2024\images\DJI_13909.JPG,0.1746382701087514,871526,4990464,
data/raw/external/river_water_dataset\2024\images\DJI_13910.JPG,0.18427424784549093,919614,4990464,
data/raw/external/river_water_dataset\2024\images\DJI_13911.JPG,0.14925746383502617,744864,4990464,
data/raw/external/river_water_dataset\2024\images\DJI_13912.JPG,0.09417921860572484,469998,4990464,
data/raw/external/river_water_dataset\2024\images\DJI_13913.JPG,0.04597067527187853,229415,4990464,
data/raw/external/river_water_dataset\2024\images\DJI_13914.JPG,0.016399276700523237,81840,4990464,
data/raw/external/river_water_dataset\2024\images\DJI_13933.JPG,0.03409743061967785,170162,4990464,
data/raw/external/river_water_dataset\2024\images\DJI_13934.JPG,0.09702905381142916,484220,4990464,
data/raw/external/river_water_dataset\2024\images\DJI_13935.JPG,0.16663180016928286,831570,4990464,
data/raw/external/river_water_dataset\2024\images\DJI_13936.JPG,0.20691021917000102,1032578,4990464,
data/raw/external/river_water_dataset\2024\images\DJI_13937.JPG,0.14696128456191648,733405,4990464,
data/raw/external/river_water_dataset\2024\images\DJI_13938.JPG,0.05894201420950036,294148,4990464,
data/raw/external/river_water_dataset\2024\images\DJI_13958.JPG,0.03594415268800657,179378,4990464,
data/raw/external/river_water_dataset\2024\images\DJI_13959.JPG,0.13201117170667898,658797,4990464,
data/raw/external/river_water_dataset\2024\images\DJI_13960.JPG,0.16023279598850929,799636,4990464,
data/raw/external/river_water_dataset\2024\images\DJI_13961.JPG,0.15721904816866727,784596,4990464,
data/raw/external/river_water_dataset\2024\images\DJI_13962.JPG,0.0709465091823125,354056,4990464,
data/raw/external/river_water_dataset\2024\images\DJI_13986.JPG,0.16173946951626142,807155,4990464,
data/raw/external/river_water_dataset\2024\images\DJI_13987.JPG,0.1735972847414589,866331,4990464,
data/raw/external/river_water_dataset\2024\images\DJI_13988.JPG,0.17168804343644198,856803,4990464,
data/raw/external/river_water_dataset\2024\images\DJI_13989.JPG,0.10704215078998666,534190,4990464,
data/raw/external/river_water_dataset\2024\images\DJI_14009.JPG,0.17451202934236176,870896,4990464,
data/raw/external/river_water_dataset\2024\images\DJI_14010.JPG,0.1823359511259875,909941,4990464,
data/raw/external/river_water_dataset\2024\images\DJI_14011.JPG,0.17451202934236176,870896,4990464,
data/raw/external/river_water_dataset\2024\images\DJI_14012.JPG,0.14369024603724223,717081,4990464,
data/raw/external/river_water_dataset\2024\images\DJI_14034.JPG,0.13708665166204986,684126,4990464,
data/raw/external/river_water_dataset\2024\images\DJI_14035.JPG,0.13828954582179132,690129,4990464,
data/raw/external/river_water_dataset\2024\images\DJI_14036.JPG,0.13712011548425157,684293,4990464,
data/raw/external/river_water_dataset\2024\images\DJI_14037.JPG,0.11842846677182722,591013,4990464,
data/raw/external/river_water_dataset\2024\images\DJI_14059.JPG,0.13371582281727712,667304,4990464,
data/raw/external/river_water_dataset\2024\images\DJI_14060.JPG,0.13239269935621217,660701,4990464,
data/raw/external/river_water_dataset\2024\images\DJI_14061.JPG,0.13279747133733458,662721,4990464,
data/raw/external/river_water_dataset\2024\images\DJI_14062.JPG,0.11330249050990049,565432,4990464,
data/raw/external/river_water_dataset\2024\images\DJI_14082.JPG,0.0953420363316918,475801,4990464,
data/raw/external/river_water_dataset\2024\images\DJI_14083.JPG,0.17341513734995384,865422,4990464,
data/raw/external/river_water_dataset\2024\images\DJI_14084.JPG,0.18358112592336104,916155,4990464,
data/raw/external/river_water_dataset\2024\images\DJI_14085.JPG,0.17986103095824357,897590,4990464,
data/raw/external/river_water_dataset\2024\images\DJI_14086.JPG,0.05091891255001539,254109,4990464,
data/raw/external/river_water_dataset\2024\images\DJI_14109.JPG,0.08742213148917616,436277,4990464,
data/raw/external/river_water_dataset\2024\images\DJI_14110.JPG,0.24130982610033858,1204248,4990464,
data/raw/external/river_water_dataset\2024\images\DJI_14111.JPG,0.22147820322919873,1105279,4990464,
data/raw/external/river_water_dataset\2024\images\DJI_14112.JPG,0.183582728980712,916163,4990464,
data/raw/external/river_water_dataset\2024\images\DJI_14113.JPG,0.16420998127629013,819484,4990464,
data/raw/external/river_water_dataset\2024\images\DJI_14114.JPG,0.022273079216682055,111153,4990464,
data/raw/external/river_water_dataset\2024\images\DJI_14138.JPG,0.04165664755822304,207886,4990464,
data/raw/external/river_water_dataset\2024\images\DJI_14139.JPG,0.1453969009695291,725598,4990464,
data/raw/external/river_water_dataset\2024\images\DJI_14140.JPG,0.2166912735970042,1081390,4990464,
